[2026-04-24 12:23:28] [INFO] ====================================================================================================
[2026-04-24 12:23:28] [INFO]                          INICIANDO RPA PARA DOWNLOAD DE BORDERO NO WEBMAIL
[2026-04-24 12:23:28] [INFO]                                 Autor: John Kennedy | Versão: 1.0.3                                 
[2026-04-24 12:23:28] [INFO] ====================================================================================================
[2026-04-24 12:23:28] [INFO] Datas pendentes para buscar: 20250821, 20250823, 20250824, 20250830, 20250831, 20250906, 20250907, 20250913, 20250914, 20250920, 20250921, 20250927, 20250928, 20251004, 20251005, 20251011, 20251012, 20251018, 20251019, 20251022, 20251025, 20251026, 20251101, 20251102, 20251106, 20251108, 20251109, 20251115, 20251116, 20251122, 20251123, 20251124, 20251129, 20251130, 20251206, 20251207, 20251211, 20251213, 20251214, 20251217, 20251218, 20251220, 20251221, 20251227, 20251228, 20260103, 20260104, 20260110, 20260111, 20260117, 20260118, 20260124, 20260125, 20260131, 20260201, 20260202, 20260203, 20260207, 20260208, 20260214, 20260215, 20260220, 20260221, 20260222, 20260228, 20260301, 20260307, 20260308, 20260314, 20260315, 20260320, 20260321, 20260322, 20260324, 20260328, 20260329, 20260401, 20260404, 20260405, 20260407, 20260411, 20260412, 20260414, 20260415, 20260416, 20260417, 20260418, 20260419, 20260420, 20260421, 20260422, 20260423, 20260424
[2026-04-24 12:23:31] [INFO] Page.setDownloadBehavior configurado para: C:\Users\administrador\Downloads
[2026-04-24 12:23:31] [INFO] Chrome iniciado.
[2026-04-24 12:23:42] [INFO] Login realizado.
[2026-04-24 12:23:47] [INFO] Pesquisando e-mail com termo: 'Bordero_R0490_20250821'
[2026-04-24 12:23:47] [INFO] Busca enviada para termo: Bordero_R0490_20250821
[2026-04-24 12:23:51] [WARNING] Nenhum e-mail encontrado para a data 20250821.
[2026-04-24 12:23:51] [INFO] Pesquisando e-mail com termo: 'Bordero_R0490_20250823'
[2026-04-24 12:23:51] [INFO] Busca enviada para termo: Bordero_R0490_20250823
[2026-04-24 12:23:55] [WARNING] Nenhum e-mail encontrado para a data 20250823.
[2026-04-24 12:23:55] [INFO] Pesquisando e-mail com termo: 'Bordero_R0490_20250824'
[2026-04-24 12:23:56] [INFO] Busca enviada para termo: Bordero_R0490_20250824
[2026-04-24 12:24:00] [WARNING] Nenhum e-mail encontrado para a data 20250824.
[2026-04-24 12:24:00] [INFO] Pesquisando e-mail com termo: 'Bordero_R0490_20250830'
[2026-04-24 12:24:00] [INFO] Busca enviada para termo: Bordero_R0490_20250830
[2026-04-24 12:24:04] [WARNING] Nenhum e-mail encontrado para a data 20250830.
[2026-04-24 12:24:04] [INFO] Pesquisando e-mail com termo: 'Bordero_R0490_20250831'
[2026-04-24 12:24:04] [INFO] Busca enviada para termo: Bordero_R0490_20250831
[2026-04-24 12:24:08] [WARNING] Nenhum e-mail encontrado para a data 20250831.
[2026-04-24 12:24:08] [INFO] Pesquisando e-mail com termo: 'Bordero_R0490_20250906'
[2026-04-24 12:24:08] [INFO] Busca enviada para termo: Bordero_R0490_20250906
[2026-04-24 12:24:12] [WARNING] Nenhum e-mail encontrado para a data 20250906.
[2026-04-24 12:24:12] [INFO] Pesquisando e-mail com termo: 'Bordero_R0490_20250907'
[2026-04-24 12:24:12] [INFO] Busca enviada para termo: Bordero_R0490_20250907
[2026-04-24 12:24:16] [WARNING] Nenhum e-mail encontrado para a data 20250907.
[2026-04-24 12:24:16] [INFO] Pesquisando e-mail com termo: 'Bordero_R0490_20250913'
[2026-04-24 12:24:17] [INFO] Busca enviada para termo: Bordero_R0490_20250913
[2026-04-24 12:24:21] [WARNING] Nenhum e-mail encontrado para a data 20250913.
[2026-04-24 12:24:21] [INFO] Pesquisando e-mail com termo: 'Bordero_R0490_20250914'
[2026-04-24 12:24:21] [INFO] Busca enviada para termo: Bordero_R0490_20250914
[2026-04-24 12:24:25] [WARNING] Nenhum e-mail encontrado para a data 20250914.
[2026-04-24 12:24:25] [INFO] Pesquisando e-mail com termo: 'Bordero_R0490_20250920'
[2026-04-24 12:24:25] [INFO] Busca enviada para termo: Bordero_R0490_20250920
[2026-04-24 12:24:29] [WARNING] Nenhum e-mail encontrado para a data 20250920.
[2026-04-24 12:24:29] [INFO] Pesquisando e-mail com termo: 'Bordero_R0490_20250921'
[2026-04-24 12:24:29] [INFO] Busca enviada para termo: Bordero_R0490_20250921
[2026-04-24 12:24:33] [WARNING] Nenhum e-mail encontrado para a data 20250921.
[2026-04-24 12:24:33] [INFO] Pesquisando e-mail com termo: 'Bordero_R0490_20250927'
[2026-04-24 12:24:33] [INFO] Busca enviada para termo: Bordero_R0490_20250927
[2026-04-24 12:24:37] [WARNING] Nenhum e-mail encontrado para a data 20250927.
[2026-04-24 12:24:37] [INFO] Pesquisando e-mail com termo: 'Bordero_R0490_20250928'
[2026-04-24 12:24:38] [INFO] Busca enviada para termo: Bordero_R0490_20250928
[2026-04-24 12:24:42] [WARNING] Nenhum e-mail encontrado para a data 20250928.
[2026-04-24 12:24:42] [INFO] Pesquisando e-mail com termo: 'Bordero_R0490_20251004'
[2026-04-24 12:24:42] [INFO] Busca enviada para termo: Bordero_R0490_20251004
[2026-04-24 12:24:46] [WARNING] Nenhum e-mail encontrado para a data 20251004.
[2026-04-24 12:24:46] [INFO] Pesquisando e-mail com termo: 'Bordero_R0490_20251005'
[2026-04-24 12:24:46] [INFO] Busca enviada para termo: Bordero_R0490_20251005
[2026-04-24 12:24:50] [WARNING] Nenhum e-mail encontrado para a data 20251005.
[2026-04-24 12:24:50] [INFO] Pesquisando e-mail com termo: 'Bordero_R0490_20251011'
[2026-04-24 12:24:50] [INFO] Busca enviada para termo: Bordero_R0490_20251011
[2026-04-24 12:24:54] [WARNING] Nenhum e-mail encontrado para a data 20251011.
[2026-04-24 12:24:54] [INFO] Pesquisando e-mail com termo: 'Bordero_R0490_20251012'
[2026-04-24 12:24:54] [INFO] Busca enviada para termo: Bordero_R0490_20251012
[2026-04-24 12:24:58] [WARNING] Nenhum e-mail encontrado para a data 20251012.
[2026-04-24 12:24:58] [INFO] Pesquisando e-mail com termo: 'Bordero_R0490_20251018'
[2026-04-24 12:24:59] [INFO] Busca enviada para termo: Bordero_R0490_20251018
[2026-04-24 12:25:03] [WARNING] Nenhum e-mail encontrado para a data 20251018.
[2026-04-24 12:25:03] [INFO] Pesquisando e-mail com termo: 'Bordero_R0490_20251019'
[2026-04-24 12:25:03] [INFO] Busca enviada para termo: Bordero_R0490_20251019
[2026-04-24 12:25:07] [WARNING] Nenhum e-mail encontrado para a data 20251019.
[2026-04-24 12:25:07] [INFO] Pesquisando e-mail com termo: 'Bordero_R0490_20251022'
[2026-04-24 12:25:07] [INFO] Busca enviada para termo: Bordero_R0490_20251022
[2026-04-24 12:25:11] [WARNING] Nenhum e-mail encontrado para a data 20251022.
[2026-04-24 12:25:11] [INFO] Pesquisando e-mail com termo: 'Bordero_R0490_20251025'
[2026-04-24 12:25:11] [INFO] Busca enviada para termo: Bordero_R0490_20251025
[2026-04-24 12:25:15] [WARNING] Nenhum e-mail encontrado para a data 20251025.
[2026-04-24 12:25:15] [INFO] Pesquisando e-mail com termo: 'Bordero_R0490_20251026'
[2026-04-24 12:25:16] [INFO] Busca enviada para termo: Bordero_R0490_20251026
[2026-04-24 12:25:20] [WARNING] Nenhum e-mail encontrado para a data 20251026.
[2026-04-24 12:25:20] [INFO] Pesquisando e-mail com termo: 'Bordero_R0490_20251101'
[2026-04-24 12:25:20] [INFO] Busca enviada para termo: Bordero_R0490_20251101
[2026-04-24 12:25:24] [WARNING] Nenhum e-mail encontrado para a data 20251101.
[2026-04-24 12:25:24] [INFO] Pesquisando e-mail com termo: 'Bordero_R0490_20251102'
[2026-04-24 12:25:24] [INFO] Busca enviada para termo: Bordero_R0490_20251102
[2026-04-24 12:25:28] [WARNING] Nenhum e-mail encontrado para a data 20251102.
[2026-04-24 12:25:28] [INFO] Pesquisando e-mail com termo: 'Bordero_R0490_20251106'
[2026-04-24 12:25:28] [INFO] Busca enviada para termo: Bordero_R0490_20251106
[2026-04-24 12:25:32] [WARNING] Nenhum e-mail encontrado para a data 20251106.
[2026-04-24 12:25:32] [INFO] Pesquisando e-mail com termo: 'Bordero_R0490_20251108'
[2026-04-24 12:25:32] [INFO] Busca enviada para termo: Bordero_R0490_20251108
[2026-04-24 12:25:36] [WARNING] Nenhum e-mail encontrado para a data 20251108.
[2026-04-24 12:25:36] [INFO] Pesquisando e-mail com termo: 'Bordero_R0490_20251109'
[2026-04-24 12:25:37] [INFO] Busca enviada para termo: Bordero_R0490_20251109
[2026-04-24 12:25:41] [WARNING] Nenhum e-mail encontrado para a data 20251109.
[2026-04-24 12:25:41] [INFO] Pesquisando e-mail com termo: 'Bordero_R0490_20251115'
[2026-04-24 12:25:41] [INFO] Busca enviada para termo: Bordero_R0490_20251115
[2026-04-24 12:25:45] [WARNING] Nenhum e-mail encontrado para a data 20251115.
[2026-04-24 12:25:45] [INFO] Pesquisando e-mail com termo: 'Bordero_R0490_20251116'
[2026-04-24 12:25:45] [INFO] Busca enviada para termo: Bordero_R0490_20251116
[2026-04-24 12:25:49] [WARNING] Nenhum e-mail encontrado para a data 20251116.
[2026-04-24 12:25:49] [INFO] Pesquisando e-mail com termo: 'Bordero_R0490_20251122'
[2026-04-24 12:25:49] [INFO] Busca enviada para termo: Bordero_R0490_20251122
[2026-04-24 12:25:53] [WARNING] Nenhum e-mail encontrado para a data 20251122.
[2026-04-24 12:25:53] [INFO] Pesquisando e-mail com termo: 'Bordero_R0490_20251123'
[2026-04-24 12:25:53] [INFO] Busca enviada para termo: Bordero_R0490_20251123
[2026-04-24 12:25:57] [WARNING] Nenhum e-mail encontrado para a data 20251123.
[2026-04-24 12:25:57] [INFO] Pesquisando e-mail com termo: 'Bordero_R0490_20251124'
[2026-04-24 12:25:58] [INFO] Busca enviada para termo: Bordero_R0490_20251124
[2026-04-24 12:26:02] [WARNING] Nenhum e-mail encontrado para a data 20251124.
[2026-04-24 12:26:02] [INFO] Pesquisando e-mail com termo: 'Bordero_R0490_20251129'
[2026-04-24 12:26:02] [INFO] Busca enviada para termo: Bordero_R0490_20251129
[2026-04-24 12:26:06] [WARNING] Nenhum e-mail encontrado para a data 20251129.
[2026-04-24 12:26:06] [INFO] Pesquisando e-mail com termo: 'Bordero_R0490_20251130'
[2026-04-24 12:26:06] [INFO] Busca enviada para termo: Bordero_R0490_20251130
[2026-04-24 12:26:10] [WARNING] Nenhum e-mail encontrado para a data 20251130.
[2026-04-24 12:26:10] [INFO] Pesquisando e-mail com termo: 'Bordero_R0490_20251206'
[2026-04-24 12:26:10] [INFO] Busca enviada para termo: Bordero_R0490_20251206
[2026-04-24 12:26:14] [WARNING] Nenhum e-mail encontrado para a data 20251206.
[2026-04-24 12:26:14] [INFO] Pesquisando e-mail com termo: 'Bordero_R0490_20251207'
[2026-04-24 12:26:15] [INFO] Busca enviada para termo: Bordero_R0490_20251207
[2026-04-24 12:26:19] [WARNING] Nenhum e-mail encontrado para a data 20251207.
[2026-04-24 12:26:19] [INFO] Pesquisando e-mail com termo: 'Bordero_R0490_20251211'
[2026-04-24 12:26:19] [INFO] Busca enviada para termo: Bordero_R0490_20251211
[2026-04-24 12:26:23] [WARNING] Nenhum e-mail encontrado para a data 20251211.
[2026-04-24 12:26:23] [INFO] Pesquisando e-mail com termo: 'Bordero_R0490_20251213'
[2026-04-24 12:26:23] [INFO] Busca enviada para termo: Bordero_R0490_20251213
[2026-04-24 12:26:27] [WARNING] Nenhum e-mail encontrado para a data 20251213.
[2026-04-24 12:26:27] [INFO] Pesquisando e-mail com termo: 'Bordero_R0490_20251214'
[2026-04-24 12:26:27] [INFO] Busca enviada para termo: Bordero_R0490_20251214
[2026-04-24 12:26:31] [WARNING] Nenhum e-mail encontrado para a data 20251214.
[2026-04-24 12:26:31] [INFO] Pesquisando e-mail com termo: 'Bordero_R0490_20251217'
[2026-04-24 12:26:31] [INFO] Busca enviada para termo: Bordero_R0490_20251217
[2026-04-24 12:26:35] [WARNING] Nenhum e-mail encontrado para a data 20251217.
[2026-04-24 12:26:35] [INFO] Pesquisando e-mail com termo: 'Bordero_R0490_20251218'
[2026-04-24 12:26:36] [INFO] Busca enviada para termo: Bordero_R0490_20251218
[2026-04-24 12:26:40] [WARNING] Nenhum e-mail encontrado para a data 20251218.
[2026-04-24 12:26:40] [INFO] Pesquisando e-mail com termo: 'Bordero_R0490_20251220'
[2026-04-24 12:26:40] [INFO] Busca enviada para termo: Bordero_R0490_20251220
[2026-04-24 12:26:44] [WARNING] Nenhum e-mail encontrado para a data 20251220.
[2026-04-24 12:26:44] [INFO] Pesquisando e-mail com termo: 'Bordero_R0490_20251221'
[2026-04-24 12:26:44] [INFO] Busca enviada para termo: Bordero_R0490_20251221
[2026-04-24 12:26:48] [WARNING] Nenhum e-mail encontrado para a data 20251221.
[2026-04-24 12:26:48] [INFO] Pesquisando e-mail com termo: 'Bordero_R0490_20251227'
[2026-04-24 12:26:48] [INFO] Busca enviada para termo: Bordero_R0490_20251227
[2026-04-24 12:26:52] [WARNING] Nenhum e-mail encontrado para a data 20251227.
[2026-04-24 12:26:52] [INFO] Pesquisando e-mail com termo: 'Bordero_R0490_20251228'
[2026-04-24 12:26:52] [INFO] Busca enviada para termo: Bordero_R0490_20251228
[2026-04-24 12:26:56] [WARNING] Nenhum e-mail encontrado para a data 20251228.
[2026-04-24 12:26:56] [INFO] Pesquisando e-mail com termo: 'Bordero_R0490_20260103'
[2026-04-24 12:26:56] [INFO] Busca enviada para termo: Bordero_R0490_20260103
[2026-04-24 12:27:01] [WARNING] Nenhum e-mail encontrado para a data 20260103.
[2026-04-24 12:27:01] [INFO] Pesquisando e-mail com termo: 'Bordero_R0490_20260104'
[2026-04-24 12:27:01] [INFO] Busca enviada para termo: Bordero_R0490_20260104
[2026-04-24 12:27:05] [WARNING] Nenhum e-mail encontrado para a data 20260104.
[2026-04-24 12:27:05] [INFO] Pesquisando e-mail com termo: 'Bordero_R0490_20260110'
[2026-04-24 12:27:05] [INFO] Busca enviada para termo: Bordero_R0490_20260110
[2026-04-24 12:27:09] [WARNING] Nenhum e-mail encontrado para a data 20260110.
[2026-04-24 12:27:09] [INFO] Pesquisando e-mail com termo: 'Bordero_R0490_20260111'
[2026-04-24 12:27:09] [INFO] Busca enviada para termo: Bordero_R0490_20260111
[2026-04-24 12:27:13] [WARNING] Nenhum e-mail encontrado para a data 20260111.
[2026-04-24 12:27:13] [INFO] Pesquisando e-mail com termo: 'Bordero_R0490_20260117'
[2026-04-24 12:27:13] [INFO] Busca enviada para termo: Bordero_R0490_20260117
[2026-04-24 12:27:17] [WARNING] Nenhum e-mail encontrado para a data 20260117.
[2026-04-24 12:27:17] [INFO] Pesquisando e-mail com termo: 'Bordero_R0490_20260118'
[2026-04-24 12:27:17] [INFO] Busca enviada para termo: Bordero_R0490_20260118
[2026-04-24 12:27:22] [WARNING] Nenhum e-mail encontrado para a data 20260118.
[2026-04-24 12:27:22] [INFO] Pesquisando e-mail com termo: 'Bordero_R0490_20260124'
[2026-04-24 12:27:22] [INFO] Busca enviada para termo: Bordero_R0490_20260124
[2026-04-24 12:27:26] [WARNING] Nenhum e-mail encontrado para a data 20260124.
[2026-04-24 12:27:26] [INFO] Pesquisando e-mail com termo: 'Bordero_R0490_20260125'
[2026-04-24 12:27:26] [INFO] Busca enviada para termo: Bordero_R0490_20260125
[2026-04-24 12:27:30] [WARNING] Nenhum e-mail encontrado para a data 20260125.
[2026-04-24 12:27:30] [INFO] Pesquisando e-mail com termo: 'Bordero_R0490_20260131'
[2026-04-24 12:27:30] [INFO] Busca enviada para termo: Bordero_R0490_20260131
[2026-04-24 12:27:34] [WARNING] Nenhum e-mail encontrado para a data 20260131.
[2026-04-24 12:27:34] [INFO] Pesquisando e-mail com termo: 'Bordero_R0490_20260201'
[2026-04-24 12:27:34] [INFO] Busca enviada para termo: Bordero_R0490_20260201
[2026-04-24 12:27:38] [WARNING] Nenhum e-mail encontrado para a data 20260201.
[2026-04-24 12:27:38] [INFO] Pesquisando e-mail com termo: 'Bordero_R0490_20260202'
[2026-04-24 12:27:38] [INFO] Busca enviada para termo: Bordero_R0490_20260202
[2026-04-24 12:27:42] [WARNING] Nenhum e-mail encontrado para a data 20260202.
[2026-04-24 12:27:42] [INFO] Pesquisando e-mail com termo: 'Bordero_R0490_20260203'
[2026-04-24 12:27:43] [INFO] Busca enviada para termo: Bordero_R0490_20260203
[2026-04-24 12:27:47] [WARNING] Nenhum e-mail encontrado para a data 20260203.
[2026-04-24 12:27:47] [INFO] Pesquisando e-mail com termo: 'Bordero_R0490_20260207'
[2026-04-24 12:27:47] [INFO] Busca enviada para termo: Bordero_R0490_20260207
[2026-04-24 12:27:51] [WARNING] Nenhum e-mail encontrado para a data 20260207.
[2026-04-24 12:27:51] [INFO] Pesquisando e-mail com termo: 'Bordero_R0490_20260208'
[2026-04-24 12:27:51] [INFO] Busca enviada para termo: Bordero_R0490_20260208
[2026-04-24 12:27:55] [WARNING] Nenhum e-mail encontrado para a data 20260208.
[2026-04-24 12:27:55] [INFO] Pesquisando e-mail com termo: 'Bordero_R0490_20260214'
[2026-04-24 12:27:55] [INFO] Busca enviada para termo: Bordero_R0490_20260214
[2026-04-24 12:27:59] [WARNING] Nenhum e-mail encontrado para a data 20260214.
[2026-04-24 12:27:59] [INFO] Pesquisando e-mail com termo: 'Bordero_R0490_20260215'
[2026-04-24 12:28:00] [INFO] Busca enviada para termo: Bordero_R0490_20260215
[2026-04-24 12:28:04] [WARNING] Nenhum e-mail encontrado para a data 20260215.
[2026-04-24 12:28:04] [INFO] Pesquisando e-mail com termo: 'Bordero_R0490_20260220'
[2026-04-24 12:28:04] [INFO] Busca enviada para termo: Bordero_R0490_20260220
[2026-04-24 12:28:08] [WARNING] Nenhum e-mail encontrado para a data 20260220.
[2026-04-24 12:28:08] [INFO] Pesquisando e-mail com termo: 'Bordero_R0490_20260221'
[2026-04-24 12:28:08] [INFO] Busca enviada para termo: Bordero_R0490_20260221
[2026-04-24 12:28:12] [WARNING] Nenhum e-mail encontrado para a data 20260221.
[2026-04-24 12:28:12] [INFO] Pesquisando e-mail com termo: 'Bordero_R0490_20260222'
[2026-04-24 12:28:12] [INFO] Busca enviada para termo: Bordero_R0490_20260222
[2026-04-24 12:28:16] [WARNING] Nenhum e-mail encontrado para a data 20260222.
[2026-04-24 12:28:16] [INFO] Pesquisando e-mail com termo: 'Bordero_R0490_20260228'
[2026-04-24 12:28:16] [INFO] Busca enviada para termo: Bordero_R0490_20260228
[2026-04-24 12:28:20] [WARNING] Nenhum e-mail encontrado para a data 20260228.
[2026-04-24 12:28:20] [INFO] Pesquisando e-mail com termo: 'Bordero_R0490_20260301'
[2026-04-24 12:28:21] [INFO] Busca enviada para termo: Bordero_R0490_20260301
[2026-04-24 12:28:25] [WARNING] Nenhum e-mail encontrado para a data 20260301.
[2026-04-24 12:28:25] [INFO] Pesquisando e-mail com termo: 'Bordero_R0490_20260307'
[2026-04-24 12:28:25] [INFO] Busca enviada para termo: Bordero_R0490_20260307
[2026-04-24 12:28:29] [WARNING] Nenhum e-mail encontrado para a data 20260307.
[2026-04-24 12:28:29] [INFO] Pesquisando e-mail com termo: 'Bordero_R0490_20260308'
[2026-04-24 12:28:29] [INFO] Busca enviada para termo: Bordero_R0490_20260308
[2026-04-24 12:28:33] [WARNING] Nenhum e-mail encontrado para a data 20260308.
[2026-04-24 12:28:33] [INFO] Pesquisando e-mail com termo: 'Bordero_R0490_20260314'
[2026-04-24 12:28:33] [INFO] Busca enviada para termo: Bordero_R0490_20260314
[2026-04-24 12:28:37] [WARNING] Nenhum e-mail encontrado para a data 20260314.
[2026-04-24 12:28:37] [INFO] Pesquisando e-mail com termo: 'Bordero_R0490_20260315'
[2026-04-24 12:28:37] [INFO] Busca enviada para termo: Bordero_R0490_20260315
[2026-04-24 12:28:41] [WARNING] Nenhum e-mail encontrado para a data 20260315.
[2026-04-24 12:28:41] [INFO] Pesquisando e-mail com termo: 'Bordero_R0490_20260320'
[2026-04-24 12:28:41] [INFO] Busca enviada para termo: Bordero_R0490_20260320
[2026-04-24 12:28:46] [WARNING] Nenhum e-mail encontrado para a data 20260320.
[2026-04-24 12:28:46] [INFO] Pesquisando e-mail com termo: 'Bordero_R0490_20260321'
[2026-04-24 12:28:46] [INFO] Busca enviada para termo: Bordero_R0490_20260321
[2026-04-24 12:28:50] [WARNING] Nenhum e-mail encontrado para a data 20260321.
[2026-04-24 12:28:50] [INFO] Pesquisando e-mail com termo: 'Bordero_R0490_20260322'
[2026-04-24 12:28:50] [INFO] Busca enviada para termo: Bordero_R0490_20260322
[2026-04-24 12:28:54] [WARNING] Nenhum e-mail encontrado para a data 20260322.
[2026-04-24 12:28:54] [INFO] Pesquisando e-mail com termo: 'Bordero_R0490_20260324'
[2026-04-24 12:28:54] [INFO] Busca enviada para termo: Bordero_R0490_20260324
[2026-04-24 12:28:58] [WARNING] Nenhum e-mail encontrado para a data 20260324.
[2026-04-24 12:28:58] [INFO] Pesquisando e-mail com termo: 'Bordero_R0490_20260328'
[2026-04-24 12:28:58] [INFO] Busca enviada para termo: Bordero_R0490_20260328
[2026-04-24 12:29:02] [WARNING] Nenhum e-mail encontrado para a data 20260328.
[2026-04-24 12:29:02] [INFO] Pesquisando e-mail com termo: 'Bordero_R0490_20260329'
[2026-04-24 12:29:02] [INFO] Busca enviada para termo: Bordero_R0490_20260329
[2026-04-24 12:29:06] [WARNING] Nenhum e-mail encontrado para a data 20260329.
[2026-04-24 12:29:06] [INFO] Pesquisando e-mail com termo: 'Bordero_R0490_20260401'
[2026-04-24 12:29:07] [INFO] Busca enviada para termo: Bordero_R0490_20260401
[2026-04-24 12:29:11] [WARNING] Nenhum e-mail encontrado para a data 20260401.
[2026-04-24 12:29:11] [INFO] Pesquisando e-mail com termo: 'Bordero_R0490_20260404'
[2026-04-24 12:29:11] [INFO] Busca enviada para termo: Bordero_R0490_20260404
[2026-04-24 12:29:15] [WARNING] Nenhum e-mail encontrado para a data 20260404.
[2026-04-24 12:29:15] [INFO] Pesquisando e-mail com termo: 'Bordero_R0490_20260405'
[2026-04-24 12:29:15] [INFO] Busca enviada para termo: Bordero_R0490_20260405
[2026-04-24 12:29:19] [WARNING] Nenhum e-mail encontrado para a data 20260405.
[2026-04-24 12:29:19] [INFO] Pesquisando e-mail com termo: 'Bordero_R0490_20260407'
[2026-04-24 12:29:19] [INFO] Busca enviada para termo: Bordero_R0490_20260407
[2026-04-24 12:29:23] [WARNING] Nenhum e-mail encontrado para a data 20260407.
[2026-04-24 12:29:23] [INFO] Pesquisando e-mail com termo: 'Bordero_R0490_20260411'
[2026-04-24 12:29:23] [INFO] Busca enviada para termo: Bordero_R0490_20260411
[2026-04-24 12:29:27] [WARNING] Nenhum e-mail encontrado para a data 20260411.
[2026-04-24 12:29:27] [INFO] Pesquisando e-mail com termo: 'Bordero_R0490_20260412'
[2026-04-24 12:29:28] [INFO] Busca enviada para termo: Bordero_R0490_20260412
[2026-04-24 12:29:32] [WARNING] Nenhum e-mail encontrado para a data 20260412.
[2026-04-24 12:29:32] [INFO] Pesquisando e-mail com termo: 'Bordero_R0490_20260414'
[2026-04-24 12:29:32] [INFO] Busca enviada para termo: Bordero_R0490_20260414
[2026-04-24 12:29:36] [INFO] Clicado no primeiro e-mail da lista (visualização).
[2026-04-24 12:29:38] [INFO] Realizado duplo clique (abrir em nova janela se houver).
[2026-04-24 12:29:38] [INFO] Nova janela com o e-mail foi aberta.
[2026-04-24 12:29:39] [INFO] Link de anexo (a) encontrado.
[2026-04-24 12:29:39] [INFO] Nome real do anexo identificado: Bordero_R0490_20260414_512819.ZIP
[2026-04-24 12:29:39] [INFO] Clique direto no <a> do anexo realizado (estratégia 1).
[2026-04-24 12:29:40] [INFO] Arquivo detectado na pasta de downloads: C:\Users\administrador\Downloads\Bordero_R0490_20260414_512819.ZIP
[2026-04-24 12:29:40] [INFO] Nome normalizado para histórico: Bordero_R0490_20260414.zip
[2026-04-24 12:29:40] [INFO] Arquivo movido de C:\Users\administrador\Downloads\Bordero_R0490_20260414_512819.ZIP para C:\temp\arquivo.zip
[2026-04-24 12:29:40] [INFO] Arquivo extraído com sucesso para: C:\Bordero Credsystem\Extraido
[2026-04-24 12:29:40] [INFO] Arquivo removido (não CSV): C:\Bordero Credsystem\Extraido\Bordero_R0490_L026364_20260414_58045.TXT
[2026-04-24 12:29:40] [INFO] Arquivo removido (não CSV): C:\Bordero Credsystem\Extraido\Bordero_R0490_L026367_20260414_58047.TXT
[2026-04-24 12:29:40] [INFO] Arquivo removido (não CSV): C:\Bordero Credsystem\Extraido\Bordero_R0490_L026380_20260414_58049.TXT
[2026-04-24 12:29:40] [INFO] Arquivo removido (não CSV): C:\Bordero Credsystem\Extraido\Bordero_R0490_L026384_20260414_58051.TXT
[2026-04-24 12:29:40] [INFO] Arquivo removido (não CSV): C:\Bordero Credsystem\Extraido\Bordero_R0490_L026385_20260414_58053.TXT
[2026-04-24 12:29:40] [INFO] Arquivo removido (não CSV): C:\Bordero Credsystem\Extraido\Bordero_R0490_L026408_20260414_58055.TXT
[2026-04-24 12:29:40] [INFO] Arquivo removido (não CSV): C:\Bordero Credsystem\Extraido\Bordero_R0490_L026409_20260414_58057.TXT
[2026-04-24 12:29:40] [INFO] Arquivo removido (não CSV): C:\Bordero Credsystem\Extraido\Bordero_R0490_L026413_20260414_58059.TXT
[2026-04-24 12:29:40] [INFO] Arquivo removido (não CSV): C:\Bordero Credsystem\Extraido\Bordero_R0490_L026414_20260414_58061.TXT
[2026-04-24 12:29:40] [INFO] Arquivo removido (não CSV): C:\Bordero Credsystem\Extraido\Bordero_R0490_L026417_20260414_58063.TXT
[2026-04-24 12:29:40] [INFO] Arquivo removido (não CSV): C:\Bordero Credsystem\Extraido\Bordero_R0490_L026422_20260414_58065.TXT
[2026-04-24 12:29:40] [INFO] Arquivo removido (não CSV): C:\Bordero Credsystem\Extraido\Bordero_R0490_L027095_20260414_58101.TXT
[2026-04-24 12:29:40] [INFO] Arquivo removido (não CSV): C:\Bordero Credsystem\Extraido\Bordero_R0490_L028960_20260414_58142.TXT
[2026-04-24 12:29:40] [INFO] Arquivo removido (não CSV): C:\Bordero Credsystem\Extraido\Bordero_R0490_L029748_20260414_58168.TXT
[2026-04-24 12:29:40] [INFO] Arquivo removido (não CSV): C:\Bordero Credsystem\Extraido\Bordero_R0490_L030439_20260414_58253.TXT
[2026-04-24 12:29:40] [INFO] Arquivo removido (não CSV): C:\Bordero Credsystem\Extraido\Bordero_R0490_L031321_20260414_58490.TXT
[2026-04-24 12:29:40] [INFO] Arquivo removido (não CSV): C:\Bordero Credsystem\Extraido\Bordero_R0490_L031386_20260414_58494.TXT
[2026-04-24 12:29:40] [INFO] Arquivo removido (não CSV): C:\Bordero Credsystem\Extraido\Bordero_R0490_L033116_20260414_59449.TXT
[2026-04-24 12:29:40] [INFO] Arquivo ZIP removido após extração: C:\temp\arquivo.zip
[2026-04-24 12:29:40] [INFO] Arquivo da data 20260414 processado com sucesso e histórico atualizado.
[2026-04-24 12:29:40] [INFO] Pesquisando e-mail com termo: 'Bordero_R0490_20260415'
[2026-04-24 12:29:40] [INFO] Busca enviada para termo: Bordero_R0490_20260415
[2026-04-24 12:29:44] [INFO] Clicado no primeiro e-mail da lista (visualização).
[2026-04-24 12:29:47] [INFO] Realizado duplo clique (abrir em nova janela se houver).
[2026-04-24 12:29:47] [INFO] Nova janela com o e-mail foi aberta.
[2026-04-24 12:29:47] [INFO] Link de anexo (a) encontrado.
[2026-04-24 12:29:47] [INFO] Nome real do anexo identificado: Bordero_R0490_20260415_519906.ZIP
[2026-04-24 12:29:47] [INFO] Clique direto no <a> do anexo realizado (estratégia 1).
[2026-04-24 12:29:48] [INFO] Arquivo detectado na pasta de downloads: C:\Users\administrador\Downloads\Bordero_R0490_20260415_519906.ZIP
[2026-04-24 12:29:48] [INFO] Nome normalizado para histórico: Bordero_R0490_20260415.zip
[2026-04-24 12:29:48] [INFO] Arquivo movido de C:\Users\administrador\Downloads\Bordero_R0490_20260415_519906.ZIP para C:\temp\arquivo.zip
[2026-04-24 12:29:49] [INFO] Arquivo extraído com sucesso para: C:\Bordero Credsystem\Extraido
[2026-04-24 12:29:49] [INFO] Arquivo removido (não CSV): C:\Bordero Credsystem\Extraido\Bordero_R0490_L026364_20260415_65157.TXT
[2026-04-24 12:29:49] [INFO] Arquivo removido (não CSV): C:\Bordero Credsystem\Extraido\Bordero_R0490_L026367_20260415_65159.TXT
[2026-04-24 12:29:49] [INFO] Arquivo removido (não CSV): C:\Bordero Credsystem\Extraido\Bordero_R0490_L026380_20260415_65161.TXT
[2026-04-24 12:29:49] [INFO] Arquivo removido (não CSV): C:\Bordero Credsystem\Extraido\Bordero_R0490_L026384_20260415_65163.TXT
[2026-04-24 12:29:49] [INFO] Arquivo removido (não CSV): C:\Bordero Credsystem\Extraido\Bordero_R0490_L026385_20260415_65165.TXT
[2026-04-24 12:29:49] [INFO] Arquivo removido (não CSV): C:\Bordero Credsystem\Extraido\Bordero_R0490_L026408_20260415_65167.TXT
[2026-04-24 12:29:49] [INFO] Arquivo removido (não CSV): C:\Bordero Credsystem\Extraido\Bordero_R0490_L026409_20260415_65169.TXT
[2026-04-24 12:29:49] [INFO] Arquivo removido (não CSV): C:\Bordero Credsystem\Extraido\Bordero_R0490_L026413_20260415_65171.TXT
[2026-04-24 12:29:49] [INFO] Arquivo removido (não CSV): C:\Bordero Credsystem\Extraido\Bordero_R0490_L026414_20260415_65173.TXT
[2026-04-24 12:29:49] [INFO] Arquivo removido (não CSV): C:\Bordero Credsystem\Extraido\Bordero_R0490_L026417_20260415_65175.TXT
[2026-04-24 12:29:49] [INFO] Arquivo removido (não CSV): C:\Bordero Credsystem\Extraido\Bordero_R0490_L026422_20260415_65177.TXT
[2026-04-24 12:29:49] [INFO] Arquivo removido (não CSV): C:\Bordero Credsystem\Extraido\Bordero_R0490_L027095_20260415_65218.TXT
[2026-04-24 12:29:49] [INFO] Arquivo removido (não CSV): C:\Bordero Credsystem\Extraido\Bordero_R0490_L028960_20260415_65260.TXT
[2026-04-24 12:29:49] [INFO] Arquivo removido (não CSV): C:\Bordero Credsystem\Extraido\Bordero_R0490_L029748_20260415_65286.TXT
[2026-04-24 12:29:49] [INFO] Arquivo removido (não CSV): C:\Bordero Credsystem\Extraido\Bordero_R0490_L030439_20260415_65370.TXT
[2026-04-24 12:29:49] [INFO] Arquivo removido (não CSV): C:\Bordero Credsystem\Extraido\Bordero_R0490_L031321_20260415_65603.TXT
[2026-04-24 12:29:49] [INFO] Arquivo removido (não CSV): C:\Bordero Credsystem\Extraido\Bordero_R0490_L031386_20260415_65608.TXT
[2026-04-24 12:29:49] [INFO] Arquivo removido (não CSV): C:\Bordero Credsystem\Extraido\Bordero_R0490_L033116_20260415_66536.TXT
[2026-04-24 12:29:49] [INFO] Arquivo ZIP removido após extração: C:\temp\arquivo.zip
[2026-04-24 12:29:49] [INFO] Arquivo da data 20260415 processado com sucesso e histórico atualizado.
[2026-04-24 12:29:49] [INFO] Pesquisando e-mail com termo: 'Bordero_R0490_20260416'
[2026-04-24 12:29:49] [INFO] Busca enviada para termo: Bordero_R0490_20260416
[2026-04-24 12:29:53] [INFO] Clicado no primeiro e-mail da lista (visualização).
[2026-04-24 12:29:55] [INFO] Realizado duplo clique (abrir em nova janela se houver).
[2026-04-24 12:29:55] [INFO] Nova janela com o e-mail foi aberta.
[2026-04-24 12:29:56] [INFO] Link de anexo (a) encontrado.
[2026-04-24 12:29:56] [INFO] Nome real do anexo identificado: Bordero_R0490_20260416_526996.ZIP
[2026-04-24 12:29:56] [INFO] Clique direto no <a> do anexo realizado (estratégia 1).
[2026-04-24 12:29:57] [INFO] Arquivo detectado na pasta de downloads: C:\Users\administrador\Downloads\Bordero_R0490_20260416_526996.ZIP
[2026-04-24 12:29:57] [INFO] Nome normalizado para histórico: Bordero_R0490_20260416.zip
[2026-04-24 12:29:57] [INFO] Arquivo movido de C:\Users\administrador\Downloads\Bordero_R0490_20260416_526996.ZIP para C:\temp\arquivo.zip
[2026-04-24 12:29:57] [INFO] Arquivo extraído com sucesso para: C:\Bordero Credsystem\Extraido
[2026-04-24 12:29:57] [INFO] Arquivo removido (não CSV): C:\Bordero Credsystem\Extraido\Bordero_R0490_L026364_20260416_72080.TXT
[2026-04-24 12:29:57] [INFO] Arquivo removido (não CSV): C:\Bordero Credsystem\Extraido\Bordero_R0490_L026367_20260416_72082.TXT
[2026-04-24 12:29:57] [INFO] Arquivo removido (não CSV): C:\Bordero Credsystem\Extraido\Bordero_R0490_L026380_20260416_72085.TXT
[2026-04-24 12:29:57] [INFO] Arquivo removido (não CSV): C:\Bordero Credsystem\Extraido\Bordero_R0490_L026384_20260416_72088.TXT
[2026-04-24 12:29:57] [INFO] Arquivo removido (não CSV): C:\Bordero Credsystem\Extraido\Bordero_R0490_L026385_20260416_72090.TXT
[2026-04-24 12:29:57] [INFO] Arquivo removido (não CSV): C:\Bordero Credsystem\Extraido\Bordero_R0490_L026408_20260416_72092.TXT
[2026-04-24 12:29:57] [INFO] Arquivo removido (não CSV): C:\Bordero Credsystem\Extraido\Bordero_R0490_L026409_20260416_72094.TXT
[2026-04-24 12:29:57] [INFO] Arquivo removido (não CSV): C:\Bordero Credsystem\Extraido\Bordero_R0490_L026413_20260416_72096.TXT
[2026-04-24 12:29:57] [INFO] Arquivo removido (não CSV): C:\Bordero Credsystem\Extraido\Bordero_R0490_L026414_20260416_72098.TXT
[2026-04-24 12:29:57] [INFO] Arquivo removido (não CSV): C:\Bordero Credsystem\Extraido\Bordero_R0490_L026417_20260416_72100.TXT
[2026-04-24 12:29:57] [INFO] Arquivo removido (não CSV): C:\Bordero Credsystem\Extraido\Bordero_R0490_L026422_20260416_72103.TXT
[2026-04-24 12:29:57] [INFO] Arquivo removido (não CSV): C:\Bordero Credsystem\Extraido\Bordero_R0490_L027095_20260416_72146.TXT
[2026-04-24 12:29:57] [INFO] Arquivo removido (não CSV): C:\Bordero Credsystem\Extraido\Bordero_R0490_L028960_20260416_72193.TXT
[2026-04-24 12:29:57] [INFO] Arquivo removido (não CSV): C:\Bordero Credsystem\Extraido\Bordero_R0490_L029748_20260416_72232.TXT
[2026-04-24 12:29:57] [INFO] Arquivo removido (não CSV): C:\Bordero Credsystem\Extraido\Bordero_R0490_L030439_20260416_72326.TXT
[2026-04-24 12:29:57] [INFO] Arquivo removido (não CSV): C:\Bordero Credsystem\Extraido\Bordero_R0490_L031321_20260416_72603.TXT
[2026-04-24 12:29:57] [INFO] Arquivo removido (não CSV): C:\Bordero Credsystem\Extraido\Bordero_R0490_L031386_20260416_72608.TXT
[2026-04-24 12:29:57] [INFO] Arquivo removido (não CSV): C:\Bordero Credsystem\Extraido\Bordero_R0490_L033116_20260416_73626.TXT
[2026-04-24 12:29:57] [INFO] Arquivo ZIP removido após extração: C:\temp\arquivo.zip
[2026-04-24 12:29:57] [INFO] Arquivo da data 20260416 processado com sucesso e histórico atualizado.
[2026-04-24 12:29:57] [INFO] Pesquisando e-mail com termo: 'Bordero_R0490_20260417'
[2026-04-24 12:29:57] [INFO] Busca enviada para termo: Bordero_R0490_20260417
[2026-04-24 12:30:01] [WARNING] Nenhum e-mail encontrado para a data 20260417.
[2026-04-24 12:30:01] [INFO] Pesquisando e-mail com termo: 'Bordero_R0490_20260418'
[2026-04-24 12:30:02] [INFO] Busca enviada para termo: Bordero_R0490_20260418
[2026-04-24 12:30:06] [WARNING] Nenhum e-mail encontrado para a data 20260418.
[2026-04-24 12:30:06] [INFO] Pesquisando e-mail com termo: 'Bordero_R0490_20260419'
[2026-04-24 12:30:06] [INFO] Busca enviada para termo: Bordero_R0490_20260419
[2026-04-24 12:30:10] [WARNING] Nenhum e-mail encontrado para a data 20260419.
[2026-04-24 12:30:10] [INFO] Pesquisando e-mail com termo: 'Bordero_R0490_20260420'
[2026-04-24 12:30:10] [INFO] Busca enviada para termo: Bordero_R0490_20260420
[2026-04-24 12:30:14] [INFO] Clicado no primeiro e-mail da lista (visualização).
[2026-04-24 12:30:16] [INFO] Realizado duplo clique (abrir em nova janela se houver).
[2026-04-24 12:30:16] [INFO] Nova janela com o e-mail foi aberta.
[2026-04-24 12:30:17] [INFO] Link de anexo (a) encontrado.
[2026-04-24 12:30:17] [INFO] Nome real do anexo identificado: Bordero_R0490_20260420_534918.ZIP
[2026-04-24 12:30:17] [INFO] Clique direto no <a> do anexo realizado (estratégia 1).
[2026-04-24 12:30:18] [INFO] Arquivo detectado na pasta de downloads: C:\Users\administrador\Downloads\Bordero_R0490_20260420_534918.ZIP
[2026-04-24 12:30:18] [INFO] Nome normalizado para histórico: Bordero_R0490_20260420.zip
[2026-04-24 12:30:18] [INFO] Arquivo movido de C:\Users\administrador\Downloads\Bordero_R0490_20260420_534918.ZIP para C:\temp\arquivo.zip
[2026-04-24 12:30:19] [INFO] Arquivo extraído com sucesso para: C:\Bordero Credsystem\Extraido
[2026-04-24 12:30:19] [INFO] Arquivo removido (não CSV): C:\Bordero Credsystem\Extraido\Bordero_R0490_L026364_20260420_80103.TXT
[2026-04-24 12:30:19] [INFO] Arquivo removido (não CSV): C:\Bordero Credsystem\Extraido\Bordero_R0490_L026367_20260420_80106.TXT
[2026-04-24 12:30:19] [INFO] Arquivo removido (não CSV): C:\Bordero Credsystem\Extraido\Bordero_R0490_L026380_20260420_80109.TXT
[2026-04-24 12:30:19] [INFO] Arquivo removido (não CSV): C:\Bordero Credsystem\Extraido\Bordero_R0490_L026384_20260420_80111.TXT
[2026-04-24 12:30:19] [INFO] Arquivo removido (não CSV): C:\Bordero Credsystem\Extraido\Bordero_R0490_L026385_20260420_80113.TXT
[2026-04-24 12:30:19] [INFO] Arquivo removido (não CSV): C:\Bordero Credsystem\Extraido\Bordero_R0490_L026408_20260420_80116.TXT
[2026-04-24 12:30:19] [INFO] Arquivo removido (não CSV): C:\Bordero Credsystem\Extraido\Bordero_R0490_L026409_20260420_80118.TXT
[2026-04-24 12:30:19] [INFO] Arquivo removido (não CSV): C:\Bordero Credsystem\Extraido\Bordero_R0490_L026413_20260420_80120.TXT
[2026-04-24 12:30:19] [INFO] Arquivo removido (não CSV): C:\Bordero Credsystem\Extraido\Bordero_R0490_L026414_20260420_80122.TXT
[2026-04-24 12:30:19] [INFO] Arquivo removido (não CSV): C:\Bordero Credsystem\Extraido\Bordero_R0490_L026417_20260420_80126.TXT
[2026-04-24 12:30:19] [INFO] Arquivo removido (não CSV): C:\Bordero Credsystem\Extraido\Bordero_R0490_L026422_20260420_80128.TXT
[2026-04-24 12:30:19] [INFO] Arquivo removido (não CSV): C:\Bordero Credsystem\Extraido\Bordero_R0490_L027095_20260420_80169.TXT
[2026-04-24 12:30:19] [INFO] Arquivo removido (não CSV): C:\Bordero Credsystem\Extraido\Bordero_R0490_L028960_20260420_80221.TXT
[2026-04-24 12:30:19] [INFO] Arquivo removido (não CSV): C:\Bordero Credsystem\Extraido\Bordero_R0490_L029748_20260420_80249.TXT
[2026-04-24 12:30:19] [INFO] Arquivo removido (não CSV): C:\Bordero Credsystem\Extraido\Bordero_R0490_L030439_20260420_80347.TXT
[2026-04-24 12:30:19] [INFO] Arquivo removido (não CSV): C:\Bordero Credsystem\Extraido\Bordero_R0490_L031321_20260420_80586.TXT
[2026-04-24 12:30:19] [INFO] Arquivo removido (não CSV): C:\Bordero Credsystem\Extraido\Bordero_R0490_L031386_20260420_80590.TXT
[2026-04-24 12:30:19] [INFO] Arquivo removido (não CSV): C:\Bordero Credsystem\Extraido\Bordero_R0490_L033116_20260420_81548.TXT
[2026-04-24 12:30:19] [INFO] Arquivo ZIP removido após extração: C:\temp\arquivo.zip
[2026-04-24 12:30:19] [INFO] Arquivo da data 20260420 processado com sucesso e histórico atualizado.
[2026-04-24 12:30:19] [INFO] Pesquisando e-mail com termo: 'Bordero_R0490_20260421'
[2026-04-24 12:30:19] [INFO] Busca enviada para termo: Bordero_R0490_20260421
[2026-04-24 12:30:23] [INFO] Clicado no primeiro e-mail da lista (visualização).
[2026-04-24 12:30:25] [INFO] Realizado duplo clique (abrir em nova janela se houver).
[2026-04-24 12:30:25] [INFO] Nova janela com o e-mail foi aberta.
[2026-04-24 12:30:26] [INFO] Link de anexo (a) encontrado.
[2026-04-24 12:30:26] [INFO] Nome real do anexo identificado: Bordero_R0490_20260421_542468.ZIP
[2026-04-24 12:30:26] [INFO] Clique direto no <a> do anexo realizado (estratégia 1).
[2026-04-24 12:30:27] [INFO] Arquivo detectado na pasta de downloads: C:\Users\administrador\Downloads\Bordero_R0490_20260421_542468.ZIP
[2026-04-24 12:30:27] [INFO] Nome normalizado para histórico: Bordero_R0490_20260421.zip
[2026-04-24 12:30:27] [INFO] Arquivo movido de C:\Users\administrador\Downloads\Bordero_R0490_20260421_542468.ZIP para C:\temp\arquivo.zip
[2026-04-24 12:30:27] [INFO] Arquivo extraído com sucesso para: C:\Bordero Credsystem\Extraido
[2026-04-24 12:30:27] [INFO] Arquivo removido (não CSV): C:\Bordero Credsystem\Extraido\Bordero_R0490_L026364_20260421_87718.TXT
[2026-04-24 12:30:27] [INFO] Arquivo removido (não CSV): C:\Bordero Credsystem\Extraido\Bordero_R0490_L026367_20260421_87720.TXT
[2026-04-24 12:30:27] [INFO] Arquivo removido (não CSV): C:\Bordero Credsystem\Extraido\Bordero_R0490_L026380_20260421_87722.TXT
[2026-04-24 12:30:27] [INFO] Arquivo removido (não CSV): C:\Bordero Credsystem\Extraido\Bordero_R0490_L026384_20260421_87724.TXT
[2026-04-24 12:30:27] [INFO] Arquivo removido (não CSV): C:\Bordero Credsystem\Extraido\Bordero_R0490_L026385_20260421_87726.TXT
[2026-04-24 12:30:27] [INFO] Arquivo removido (não CSV): C:\Bordero Credsystem\Extraido\Bordero_R0490_L026408_20260421_87728.TXT
[2026-04-24 12:30:27] [INFO] Arquivo removido (não CSV): C:\Bordero Credsystem\Extraido\Bordero_R0490_L026409_20260421_87731.TXT
[2026-04-24 12:30:27] [INFO] Arquivo removido (não CSV): C:\Bordero Credsystem\Extraido\Bordero_R0490_L026413_20260421_87733.TXT
[2026-04-24 12:30:27] [INFO] Arquivo removido (não CSV): C:\Bordero Credsystem\Extraido\Bordero_R0490_L026414_20260421_87735.TXT
[2026-04-24 12:30:27] [INFO] Arquivo removido (não CSV): C:\Bordero Credsystem\Extraido\Bordero_R0490_L026417_20260421_87738.TXT
[2026-04-24 12:30:27] [INFO] Arquivo removido (não CSV): C:\Bordero Credsystem\Extraido\Bordero_R0490_L026422_20260421_87740.TXT
[2026-04-24 12:30:27] [INFO] Arquivo removido (não CSV): C:\Bordero Credsystem\Extraido\Bordero_R0490_L027095_20260421_87777.TXT
[2026-04-24 12:30:27] [INFO] Arquivo removido (não CSV): C:\Bordero Credsystem\Extraido\Bordero_R0490_L028960_20260421_87820.TXT
[2026-04-24 12:30:27] [INFO] Arquivo removido (não CSV): C:\Bordero Credsystem\Extraido\Bordero_R0490_L029748_20260421_87849.TXT
[2026-04-24 12:30:27] [INFO] Arquivo removido (não CSV): C:\Bordero Credsystem\Extraido\Bordero_R0490_L030439_20260421_87927.TXT
[2026-04-24 12:30:27] [INFO] Arquivo removido (não CSV): C:\Bordero Credsystem\Extraido\Bordero_R0490_L031321_20260421_88149.TXT
[2026-04-24 12:30:27] [INFO] Arquivo removido (não CSV): C:\Bordero Credsystem\Extraido\Bordero_R0490_L031386_20260421_88153.TXT
[2026-04-24 12:30:27] [INFO] Arquivo removido (não CSV): C:\Bordero Credsystem\Extraido\Bordero_R0490_L033116_20260421_89098.TXT
[2026-04-24 12:30:27] [INFO] Arquivo ZIP removido após extração: C:\temp\arquivo.zip
[2026-04-24 12:30:27] [INFO] Arquivo da data 20260421 processado com sucesso e histórico atualizado.
[2026-04-24 12:30:27] [INFO] Pesquisando e-mail com termo: 'Bordero_R0490_20260422'
[2026-04-24 12:30:27] [INFO] Busca enviada para termo: Bordero_R0490_20260422
[2026-04-24 12:30:31] [INFO] Clicado no primeiro e-mail da lista (visualização).
[2026-04-24 12:30:34] [INFO] Realizado duplo clique (abrir em nova janela se houver).
[2026-04-24 12:30:34] [INFO] Nova janela com o e-mail foi aberta.
[2026-04-24 12:30:34] [INFO] Link de anexo (a) encontrado.
[2026-04-24 12:30:34] [INFO] Nome real do anexo identificado: Bordero_R0490_20260422_549397.ZIP
[2026-04-24 12:30:34] [INFO] Clique direto no <a> do anexo realizado (estratégia 1).
[2026-04-24 12:30:35] [INFO] Arquivo detectado na pasta de downloads: C:\Users\administrador\Downloads\Bordero_R0490_20260422_549397.ZIP
[2026-04-24 12:30:35] [INFO] Nome normalizado para histórico: Bordero_R0490_20260422.zip
[2026-04-24 12:30:35] [INFO] Arquivo movido de C:\Users\administrador\Downloads\Bordero_R0490_20260422_549397.ZIP para C:\temp\arquivo.zip
[2026-04-24 12:30:36] [INFO] Arquivo extraído com sucesso para: C:\Bordero Credsystem\Extraido
[2026-04-24 12:30:36] [INFO] Arquivo removido (não CSV): C:\Bordero Credsystem\Extraido\Bordero_R0490_L026364_20260422_94648.TXT
[2026-04-24 12:30:36] [INFO] Arquivo removido (não CSV): C:\Bordero Credsystem\Extraido\Bordero_R0490_L026367_20260422_94650.TXT
[2026-04-24 12:30:36] [INFO] Arquivo removido (não CSV): C:\Bordero Credsystem\Extraido\Bordero_R0490_L026380_20260422_94652.TXT
[2026-04-24 12:30:36] [INFO] Arquivo removido (não CSV): C:\Bordero Credsystem\Extraido\Bordero_R0490_L026384_20260422_94654.TXT
[2026-04-24 12:30:36] [INFO] Arquivo removido (não CSV): C:\Bordero Credsystem\Extraido\Bordero_R0490_L026385_20260422_94657.TXT
[2026-04-24 12:30:36] [INFO] Arquivo removido (não CSV): C:\Bordero Credsystem\Extraido\Bordero_R0490_L026408_20260422_94659.TXT
[2026-04-24 12:30:36] [INFO] Arquivo removido (não CSV): C:\Bordero Credsystem\Extraido\Bordero_R0490_L026409_20260422_94661.TXT
[2026-04-24 12:30:36] [INFO] Arquivo removido (não CSV): C:\Bordero Credsystem\Extraido\Bordero_R0490_L026413_20260422_94663.TXT
[2026-04-24 12:30:36] [INFO] Arquivo removido (não CSV): C:\Bordero Credsystem\Extraido\Bordero_R0490_L026414_20260422_94665.TXT
[2026-04-24 12:30:36] [INFO] Arquivo removido (não CSV): C:\Bordero Credsystem\Extraido\Bordero_R0490_L026417_20260422_94668.TXT
[2026-04-24 12:30:36] [INFO] Arquivo removido (não CSV): C:\Bordero Credsystem\Extraido\Bordero_R0490_L026422_20260422_94671.TXT
[2026-04-24 12:30:36] [INFO] Arquivo removido (não CSV): C:\Bordero Credsystem\Extraido\Bordero_R0490_L027095_20260422_94712.TXT
[2026-04-24 12:30:36] [INFO] Arquivo removido (não CSV): C:\Bordero Credsystem\Extraido\Bordero_R0490_L028960_20260422_94758.TXT
[2026-04-24 12:30:36] [INFO] Arquivo removido (não CSV): C:\Bordero Credsystem\Extraido\Bordero_R0490_L029748_20260422_94788.TXT
[2026-04-24 12:30:36] [INFO] Arquivo removido (não CSV): C:\Bordero Credsystem\Extraido\Bordero_R0490_L030439_20260422_94873.TXT
[2026-04-24 12:30:36] [INFO] Arquivo removido (não CSV): C:\Bordero Credsystem\Extraido\Bordero_R0490_L031321_20260422_95101.TXT
[2026-04-24 12:30:36] [INFO] Arquivo removido (não CSV): C:\Bordero Credsystem\Extraido\Bordero_R0490_L031386_20260422_95107.TXT
[2026-04-24 12:30:36] [INFO] Arquivo removido (não CSV): C:\Bordero Credsystem\Extraido\Bordero_R0490_L033116_20260422_96027.TXT
[2026-04-24 12:30:36] [INFO] Arquivo ZIP removido após extração: C:\temp\arquivo.zip
[2026-04-24 12:30:36] [INFO] Arquivo da data 20260422 processado com sucesso e histórico atualizado.
[2026-04-24 12:30:36] [INFO] Pesquisando e-mail com termo: 'Bordero_R0490_20260423'
[2026-04-24 12:30:36] [INFO] Busca enviada para termo: Bordero_R0490_20260423
[2026-04-24 12:30:40] [INFO] Clicado no primeiro e-mail da lista (visualização).
[2026-04-24 12:30:43] [INFO] Realizado duplo clique (abrir em nova janela se houver).
[2026-04-24 12:30:43] [INFO] Nova janela com o e-mail foi aberta.
[2026-04-24 12:30:43] [INFO] Link de anexo (a) encontrado.
[2026-04-24 12:30:43] [INFO] Nome real do anexo identificado: Bordero_R0490_20260423_556648.ZIP
[2026-04-24 12:30:43] [INFO] Clique direto no <a> do anexo realizado (estratégia 1).
[2026-04-24 12:30:44] [INFO] Arquivo detectado na pasta de downloads: C:\Users\administrador\Downloads\Bordero_R0490_20260423_556648.ZIP
[2026-04-24 12:30:44] [INFO] Nome normalizado para histórico: Bordero_R0490_20260423.zip
[2026-04-24 12:30:44] [INFO] Arquivo movido de C:\Users\administrador\Downloads\Bordero_R0490_20260423_556648.ZIP para C:\temp\arquivo.zip
[2026-04-24 12:30:44] [INFO] Arquivo extraído com sucesso para: C:\Bordero Credsystem\Extraido
[2026-04-24 12:30:44] [INFO] Arquivo removido (não CSV): C:\Bordero Credsystem\Extraido\Bordero_R0490_L026364_20260423_01718.TXT
[2026-04-24 12:30:44] [INFO] Arquivo removido (não CSV): C:\Bordero Credsystem\Extraido\Bordero_R0490_L026367_20260423_01721.TXT
[2026-04-24 12:30:44] [INFO] Arquivo removido (não CSV): C:\Bordero Credsystem\Extraido\Bordero_R0490_L026380_20260423_01724.TXT
[2026-04-24 12:30:44] [INFO] Arquivo removido (não CSV): C:\Bordero Credsystem\Extraido\Bordero_R0490_L026384_20260423_01726.TXT
[2026-04-24 12:30:44] [INFO] Arquivo removido (não CSV): C:\Bordero Credsystem\Extraido\Bordero_R0490_L026385_20260423_01729.TXT
[2026-04-24 12:30:44] [INFO] Arquivo removido (não CSV): C:\Bordero Credsystem\Extraido\Bordero_R0490_L026408_20260423_01731.TXT
[2026-04-24 12:30:44] [INFO] Arquivo removido (não CSV): C:\Bordero Credsystem\Extraido\Bordero_R0490_L026409_20260423_01733.TXT
[2026-04-24 12:30:44] [INFO] Arquivo removido (não CSV): C:\Bordero Credsystem\Extraido\Bordero_R0490_L026413_20260423_01735.TXT
[2026-04-24 12:30:44] [INFO] Arquivo removido (não CSV): C:\Bordero Credsystem\Extraido\Bordero_R0490_L026414_20260423_01737.TXT
[2026-04-24 12:30:44] [INFO] Arquivo removido (não CSV): C:\Bordero Credsystem\Extraido\Bordero_R0490_L026417_20260423_01739.TXT
[2026-04-24 12:30:44] [INFO] Arquivo removido (não CSV): C:\Bordero Credsystem\Extraido\Bordero_R0490_L026422_20260423_01741.TXT
[2026-04-24 12:30:44] [INFO] Arquivo removido (não CSV): C:\Bordero Credsystem\Extraido\Bordero_R0490_L027095_20260423_01783.TXT
[2026-04-24 12:30:44] [INFO] Arquivo removido (não CSV): C:\Bordero Credsystem\Extraido\Bordero_R0490_L028960_20260423_01823.TXT
[2026-04-24 12:30:44] [INFO] Arquivo removido (não CSV): C:\Bordero Credsystem\Extraido\Bordero_R0490_L029748_20260423_01861.TXT
[2026-04-24 12:30:44] [INFO] Arquivo removido (não CSV): C:\Bordero Credsystem\Extraido\Bordero_R0490_L030439_20260423_01955.TXT
[2026-04-24 12:30:44] [INFO] Arquivo removido (não CSV): C:\Bordero Credsystem\Extraido\Bordero_R0490_L031321_20260423_02228.TXT
[2026-04-24 12:30:44] [INFO] Arquivo removido (não CSV): C:\Bordero Credsystem\Extraido\Bordero_R0490_L031386_20260423_02232.TXT
[2026-04-24 12:30:44] [INFO] Arquivo removido (não CSV): C:\Bordero Credsystem\Extraido\Bordero_R0490_L033116_20260423_03278.TXT
[2026-04-24 12:30:44] [INFO] Arquivo ZIP removido após extração: C:\temp\arquivo.zip
[2026-04-24 12:30:44] [INFO] Arquivo da data 20260423 processado com sucesso e histórico atualizado.
[2026-04-24 12:30:44] [INFO] Pesquisando e-mail com termo: 'Bordero_R0490_20260424'
[2026-04-24 12:30:45] [INFO] Busca enviada para termo: Bordero_R0490_20260424
[2026-04-24 12:30:49] [INFO] Clicado no primeiro e-mail da lista (visualização).
[2026-04-24 12:30:51] [INFO] Realizado duplo clique (abrir em nova janela se houver).
[2026-04-24 12:30:51] [INFO] Nova janela com o e-mail foi aberta.
[2026-04-24 12:30:51] [INFO] Link de anexo (a) encontrado.
[2026-04-24 12:30:51] [INFO] Nome real do anexo identificado: Bordero_R0490_20260424_564062.ZIP
[2026-04-24 12:30:52] [INFO] Clique direto no <a> do anexo realizado (estratégia 1).
[2026-04-24 12:30:53] [INFO] Arquivo detectado na pasta de downloads: C:\Users\administrador\Downloads\Bordero_R0490_20260424_564062.ZIP
[2026-04-24 12:30:53] [INFO] Nome normalizado para histórico: Bordero_R0490_20260424.zip
[2026-04-24 12:30:53] [INFO] Arquivo movido de C:\Users\administrador\Downloads\Bordero_R0490_20260424_564062.ZIP para C:\temp\arquivo.zip
[2026-04-24 12:30:53] [INFO] Arquivo extraído com sucesso para: C:\Bordero Credsystem\Extraido
[2026-04-24 12:30:53] [INFO] Arquivo removido (não CSV): C:\Bordero Credsystem\Extraido\Bordero_R0490_L026364_20260424_09317.TXT
[2026-04-24 12:30:53] [INFO] Arquivo removido (não CSV): C:\Bordero Credsystem\Extraido\Bordero_R0490_L026367_20260424_09319.TXT
[2026-04-24 12:30:53] [INFO] Arquivo removido (não CSV): C:\Bordero Credsystem\Extraido\Bordero_R0490_L026380_20260424_09321.TXT
[2026-04-24 12:30:53] [INFO] Arquivo removido (não CSV): C:\Bordero Credsystem\Extraido\Bordero_R0490_L026384_20260424_09323.TXT
[2026-04-24 12:30:53] [INFO] Arquivo removido (não CSV): C:\Bordero Credsystem\Extraido\Bordero_R0490_L026385_20260424_09325.TXT
[2026-04-24 12:30:53] [INFO] Arquivo removido (não CSV): C:\Bordero Credsystem\Extraido\Bordero_R0490_L026408_20260424_09327.TXT
[2026-04-24 12:30:53] [INFO] Arquivo removido (não CSV): C:\Bordero Credsystem\Extraido\Bordero_R0490_L026409_20260424_09329.TXT
[2026-04-24 12:30:53] [INFO] Arquivo removido (não CSV): C:\Bordero Credsystem\Extraido\Bordero_R0490_L026413_20260424_09331.TXT
[2026-04-24 12:30:53] [INFO] Arquivo removido (não CSV): C:\Bordero Credsystem\Extraido\Bordero_R0490_L026414_20260424_09333.TXT
[2026-04-24 12:30:53] [INFO] Arquivo removido (não CSV): C:\Bordero Credsystem\Extraido\Bordero_R0490_L026417_20260424_09335.TXT
[2026-04-24 12:30:53] [INFO] Arquivo removido (não CSV): C:\Bordero Credsystem\Extraido\Bordero_R0490_L026422_20260424_09337.TXT
[2026-04-24 12:30:53] [INFO] Arquivo removido (não CSV): C:\Bordero Credsystem\Extraido\Bordero_R0490_L027095_20260424_09374.TXT
[2026-04-24 12:30:53] [INFO] Arquivo removido (não CSV): C:\Bordero Credsystem\Extraido\Bordero_R0490_L028960_20260424_09415.TXT
[2026-04-24 12:30:53] [INFO] Arquivo removido (não CSV): C:\Bordero Credsystem\Extraido\Bordero_R0490_L029748_20260424_09442.TXT
[2026-04-24 12:30:53] [INFO] Arquivo removido (não CSV): C:\Bordero Credsystem\Extraido\Bordero_R0490_L030439_20260424_09526.TXT
[2026-04-24 12:30:53] [INFO] Arquivo removido (não CSV): C:\Bordero Credsystem\Extraido\Bordero_R0490_L031321_20260424_09761.TXT
[2026-04-24 12:30:53] [INFO] Arquivo removido (não CSV): C:\Bordero Credsystem\Extraido\Bordero_R0490_L031386_20260424_09765.TXT
[2026-04-24 12:30:53] [INFO] Arquivo removido (não CSV): C:\Bordero Credsystem\Extraido\Bordero_R0490_L033116_20260424_10692.TXT
[2026-04-24 12:30:53] [INFO] Arquivo ZIP removido após extração: C:\temp\arquivo.zip
[2026-04-24 12:30:53] [INFO] Arquivo da data 20260424 processado com sucesso e histórico atualizado.
[2026-04-24 12:30:55] [INFO] Navegador encerrado.
[2026-04-24 12:34:34] [INFO] ====================================================================================================
[2026-04-24 12:34:34] [INFO]                          INICIANDO RPA PARA DOWNLOAD DE BORDERO NO WEBMAIL
[2026-04-24 12:34:34] [INFO]                                 Autor: John Kennedy | Versão: 1.0.3                                 
[2026-04-24 12:34:34] [INFO] ====================================================================================================
[2026-04-24 12:34:34] [INFO] Datas pendentes para buscar: 20250821, 20250823, 20250824, 20250830, 20250831, 20250906, 20250907, 20250913, 20250914, 20250920, 20250921, 20250927, 20250928, 20251004, 20251005, 20251011, 20251012, 20251018, 20251019, 20251022, 20251025, 20251026, 20251101, 20251102, 20251106, 20251108, 20251109, 20251115, 20251116, 20251122, 20251123, 20251124, 20251129, 20251130, 20251206, 20251207, 20251211, 20251213, 20251214, 20251217, 20251218, 20251220, 20251221, 20251227, 20251228, 20260103, 20260104, 20260110, 20260111, 20260117, 20260118, 20260124, 20260125, 20260131, 20260201, 20260202, 20260203, 20260207, 20260208, 20260214, 20260215, 20260220, 20260221, 20260222, 20260228, 20260301, 20260307, 20260308, 20260314, 20260315, 20260320, 20260321, 20260322, 20260324, 20260328, 20260329, 20260401, 20260404, 20260405, 20260407, 20260411, 20260412, 20260417, 20260418, 20260419
[2026-04-24 12:34:36] [INFO] Page.setDownloadBehavior configurado para: C:\Users\administrador\Downloads
[2026-04-24 12:34:36] [INFO] Chrome iniciado.
[2026-04-24 12:35:08] [ERROR] Ocorreu um erro inesperado: Message: 
Stacktrace:
	chromedriver!GetHandleVerifier [0x7ff73872eba5+15715]
	chromedriver!GetHandleVerifier [0x7ff73872ec10+15780]
	chromedriver!(No symbol) [0x7ff73846d95d]
	chromedriver!(No symbol) [0x7ff7384c7a3e]
	chromedriver!(No symbol) [0x7ff7384c7d4c]
	chromedriver!(No symbol) [0x7ff738518567]
	chromedriver!(No symbol) [0x7ff738515103]
	chromedriver!(No symbol) [0x7ff7384ba128]
	chromedriver!(No symbol) [0x7ff7384bb013]
	chromedriver!GetHandleVerifier [0x7ff738a247a9+30b319]
	chromedriver!GetHandleVerifier [0x7ff738a1eedf+305a4f]
	chromedriver!GetHandleVerifier [0x7ff738a40f82+327af2]
	chromedriver!GetHandleVerifier [0x7ff73874dda5+34915]
	chromedriver!GetHandleVerifier [0x7ff73875729c+3de0c]
	chromedriver!GetHandleVerifier [0x7ff738738274+1ede4]
	chromedriver!GetHandleVerifier [0x7ff738738404+1ef74]
	chromedriver!GetHandleVerifier [0x7ff73871c2d7+2e47]
	KERNEL32!BaseThreadInitThunk [0x7ffe6c057ac4+14]
	ntdll!RtlUserThreadStart [0x7ffe6dc4a8c1+21]
Traceback (most recent call last):
  File "C:\Users\john.kennedy\Desktop\RPA-bordero\RPA_bordero.py", line 150, in <module>
  File "selenium\webdriver\support\wait.py", line 138, in until
selenium.common.exceptions.TimeoutException: Message: 
Stacktrace:
	chromedriver!GetHandleVerifier [0x7ff73872eba5+15715]
	chromedriver!GetHandleVerifier [0x7ff73872ec10+15780]
	chromedriver!(No symbol) [0x7ff73846d95d]
	chromedriver!(No symbol) [0x7ff7384c7a3e]
	chromedriver!(No symbol) [0x7ff7384c7d4c]
	chromedriver!(No symbol) [0x7ff738518567]
	chromedriver!(No symbol) [0x7ff738515103]
	chromedriver!(No symbol) [0x7ff7384ba128]
	chromedriver!(No symbol) [0x7ff7384bb013]
	chromedriver!GetHandleVerifier [0x7ff738a247a9+30b319]
	chromedriver!GetHandleVerifier [0x7ff738a1eedf+305a4f]
	chromedriver!GetHandleVerifier [0x7ff738a40f82+327af2]
	chromedriver!GetHandleVerifier [0x7ff73874dda5+34915]
	chromedriver!GetHandleVerifier [0x7ff73875729c+3de0c]
	chromedriver!GetHandleVerifier [0x7ff738738274+1ede4]
	chromedriver!GetHandleVerifier [0x7ff738738404+1ef74]
	chromedriver!GetHandleVerifier [0x7ff73871c2d7+2e47]
	KERNEL32!BaseThreadInitThunk [0x7ffe6c057ac4+14]
	ntdll!RtlUserThreadStart [0x7ffe6dc4a8c1+21]

[2026-04-24 12:35:10] [INFO] Navegador encerrado.
[2026-04-24 12:42:24] [INFO] ====================================================================================================
[2026-04-24 12:42:24] [INFO]                          INICIANDO RPA PARA DOWNLOAD DE BORDERO NO WEBMAIL
[2026-04-24 12:42:24] [INFO]                                 Autor: John Kennedy | Versão: 1.0.3                                 
[2026-04-24 12:42:24] [INFO] ====================================================================================================
[2026-04-24 12:42:24] [INFO] Datas pendentes para buscar: 20250821, 20250823, 20250824, 20250830, 20250831, 20250906, 20250907, 20250913, 20250914, 20250920, 20250921, 20250927, 20250928, 20251004, 20251005, 20251011, 20251012, 20251018, 20251019, 20251022, 20251025, 20251026, 20251101, 20251102, 20251106, 20251108, 20251109, 20251115, 20251116, 20251122, 20251123, 20251124, 20251129, 20251130, 20251206, 20251207, 20251211, 20251213, 20251214, 20251217, 20251218, 20251220, 20251221, 20251227, 20251228, 20260103, 20260104, 20260110, 20260111, 20260117, 20260118, 20260124, 20260125, 20260131, 20260201, 20260202, 20260203, 20260207, 20260208, 20260214, 20260215, 20260220, 20260221, 20260222, 20260228, 20260301, 20260307, 20260308, 20260314, 20260315, 20260320, 20260321, 20260322, 20260324, 20260328, 20260329, 20260401, 20260404, 20260405, 20260407, 20260411, 20260412, 20260417, 20260418, 20260419
[2026-04-24 12:42:26] [INFO] Page.setDownloadBehavior configurado para: C:\Users\administrador\Downloads
[2026-04-24 12:42:26] [INFO] Chrome iniciado.
[2026-04-24 12:42:33] [INFO] Login realizado.
[2026-04-24 12:42:38] [INFO] Pesquisando e-mail com termo: 'Bordero_R0490_20250821'
[2026-04-24 12:42:38] [INFO] Busca enviada para termo: Bordero_R0490_20250821
[2026-04-24 12:42:42] [WARNING] Nenhum e-mail encontrado para a data 20250821.
[2026-04-24 12:42:42] [INFO] Pesquisando e-mail com termo: 'Bordero_R0490_20250823'
[2026-04-24 12:42:42] [INFO] Busca enviada para termo: Bordero_R0490_20250823
[2026-04-24 12:42:46] [WARNING] Nenhum e-mail encontrado para a data 20250823.
[2026-04-24 12:42:46] [INFO] Pesquisando e-mail com termo: 'Bordero_R0490_20250824'
[2026-04-24 12:42:47] [INFO] Busca enviada para termo: Bordero_R0490_20250824
[2026-04-24 12:42:51] [WARNING] Nenhum e-mail encontrado para a data 20250824.
[2026-04-24 12:42:51] [INFO] Pesquisando e-mail com termo: 'Bordero_R0490_20250830'
[2026-04-24 12:42:51] [INFO] Busca enviada para termo: Bordero_R0490_20250830
[2026-04-24 12:42:55] [WARNING] Nenhum e-mail encontrado para a data 20250830.
[2026-04-24 12:42:55] [INFO] Pesquisando e-mail com termo: 'Bordero_R0490_20250831'
[2026-04-24 12:42:55] [INFO] Busca enviada para termo: Bordero_R0490_20250831
[2026-04-24 12:42:59] [WARNING] Nenhum e-mail encontrado para a data 20250831.
[2026-04-24 12:42:59] [INFO] Pesquisando e-mail com termo: 'Bordero_R0490_20250906'
[2026-04-24 12:42:59] [INFO] Busca enviada para termo: Bordero_R0490_20250906
[2026-04-24 12:43:03] [WARNING] Nenhum e-mail encontrado para a data 20250906.
[2026-04-24 12:43:03] [INFO] Pesquisando e-mail com termo: 'Bordero_R0490_20250907'
[2026-04-24 12:43:03] [INFO] Busca enviada para termo: Bordero_R0490_20250907
[2026-04-24 12:43:07] [WARNING] Nenhum e-mail encontrado para a data 20250907.
[2026-04-24 12:43:07] [INFO] Pesquisando e-mail com termo: 'Bordero_R0490_20250913'
[2026-04-24 12:43:08] [INFO] Busca enviada para termo: Bordero_R0490_20250913
[2026-04-24 12:43:12] [WARNING] Nenhum e-mail encontrado para a data 20250913.
[2026-04-24 12:43:12] [INFO] Pesquisando e-mail com termo: 'Bordero_R0490_20250914'
[2026-04-24 12:43:12] [INFO] Busca enviada para termo: Bordero_R0490_20250914
[2026-04-24 12:43:16] [WARNING] Nenhum e-mail encontrado para a data 20250914.
[2026-04-24 12:43:16] [INFO] Pesquisando e-mail com termo: 'Bordero_R0490_20250920'
[2026-04-24 12:43:16] [INFO] Busca enviada para termo: Bordero_R0490_20250920
[2026-04-24 12:43:20] [WARNING] Nenhum e-mail encontrado para a data 20250920.
[2026-04-24 12:43:20] [INFO] Pesquisando e-mail com termo: 'Bordero_R0490_20250921'
[2026-04-24 12:43:20] [INFO] Busca enviada para termo: Bordero_R0490_20250921
[2026-04-24 12:43:24] [WARNING] Nenhum e-mail encontrado para a data 20250921.
[2026-04-24 12:43:24] [INFO] Pesquisando e-mail com termo: 'Bordero_R0490_20250927'
[2026-04-24 12:43:24] [INFO] Busca enviada para termo: Bordero_R0490_20250927
[2026-04-24 12:43:28] [WARNING] Nenhum e-mail encontrado para a data 20250927.
[2026-04-24 12:43:28] [INFO] Pesquisando e-mail com termo: 'Bordero_R0490_20250928'
[2026-04-24 12:43:28] [INFO] Busca enviada para termo: Bordero_R0490_20250928
[2026-04-24 12:43:33] [WARNING] Nenhum e-mail encontrado para a data 20250928.
[2026-04-24 12:43:33] [INFO] Pesquisando e-mail com termo: 'Bordero_R0490_20251004'
[2026-04-24 12:43:33] [INFO] Busca enviada para termo: Bordero_R0490_20251004
[2026-04-24 12:43:37] [WARNING] Nenhum e-mail encontrado para a data 20251004.
[2026-04-24 12:43:37] [INFO] Pesquisando e-mail com termo: 'Bordero_R0490_20251005'
[2026-04-24 12:43:37] [INFO] Busca enviada para termo: Bordero_R0490_20251005
[2026-04-24 12:43:41] [WARNING] Nenhum e-mail encontrado para a data 20251005.
[2026-04-24 12:43:41] [INFO] Pesquisando e-mail com termo: 'Bordero_R0490_20251011'
[2026-04-24 12:43:41] [INFO] Busca enviada para termo: Bordero_R0490_20251011
[2026-04-24 12:43:45] [WARNING] Nenhum e-mail encontrado para a data 20251011.
[2026-04-24 12:43:45] [INFO] Pesquisando e-mail com termo: 'Bordero_R0490_20251012'
[2026-04-24 12:43:45] [INFO] Busca enviada para termo: Bordero_R0490_20251012
[2026-04-24 12:43:49] [WARNING] Nenhum e-mail encontrado para a data 20251012.
[2026-04-24 12:43:49] [INFO] Pesquisando e-mail com termo: 'Bordero_R0490_20251018'
[2026-04-24 12:43:49] [INFO] Busca enviada para termo: Bordero_R0490_20251018
[2026-04-24 12:43:54] [WARNING] Nenhum e-mail encontrado para a data 20251018.
[2026-04-24 12:43:54] [INFO] Pesquisando e-mail com termo: 'Bordero_R0490_20251019'
[2026-04-24 12:43:54] [INFO] Busca enviada para termo: Bordero_R0490_20251019
[2026-04-24 12:43:58] [WARNING] Nenhum e-mail encontrado para a data 20251019.
[2026-04-24 12:43:58] [INFO] Pesquisando e-mail com termo: 'Bordero_R0490_20251022'
[2026-04-24 12:43:58] [INFO] Busca enviada para termo: Bordero_R0490_20251022
[2026-04-24 12:44:02] [WARNING] Nenhum e-mail encontrado para a data 20251022.
[2026-04-24 12:44:02] [INFO] Pesquisando e-mail com termo: 'Bordero_R0490_20251025'
[2026-04-24 12:44:02] [INFO] Busca enviada para termo: Bordero_R0490_20251025
[2026-04-24 12:44:06] [WARNING] Nenhum e-mail encontrado para a data 20251025.
[2026-04-24 12:44:06] [INFO] Pesquisando e-mail com termo: 'Bordero_R0490_20251026'
[2026-04-24 12:44:06] [INFO] Busca enviada para termo: Bordero_R0490_20251026
[2026-04-24 12:44:10] [WARNING] Nenhum e-mail encontrado para a data 20251026.
[2026-04-24 12:44:10] [INFO] Pesquisando e-mail com termo: 'Bordero_R0490_20251101'
[2026-04-24 12:44:11] [INFO] Busca enviada para termo: Bordero_R0490_20251101
[2026-04-24 12:44:15] [WARNING] Nenhum e-mail encontrado para a data 20251101.
[2026-04-24 12:44:15] [INFO] Pesquisando e-mail com termo: 'Bordero_R0490_20251102'
[2026-04-24 12:44:15] [INFO] Busca enviada para termo: Bordero_R0490_20251102
[2026-04-24 12:44:19] [WARNING] Nenhum e-mail encontrado para a data 20251102.
[2026-04-24 12:44:19] [INFO] Pesquisando e-mail com termo: 'Bordero_R0490_20251106'
[2026-04-24 12:44:19] [INFO] Busca enviada para termo: Bordero_R0490_20251106
[2026-04-24 12:44:23] [WARNING] Nenhum e-mail encontrado para a data 20251106.
[2026-04-24 12:44:23] [INFO] Pesquisando e-mail com termo: 'Bordero_R0490_20251108'
[2026-04-24 12:44:23] [INFO] Busca enviada para termo: Bordero_R0490_20251108
[2026-04-24 12:44:27] [WARNING] Nenhum e-mail encontrado para a data 20251108.
[2026-04-24 12:44:27] [INFO] Pesquisando e-mail com termo: 'Bordero_R0490_20251109'
[2026-04-24 12:44:27] [INFO] Busca enviada para termo: Bordero_R0490_20251109
[2026-04-24 12:44:31] [WARNING] Nenhum e-mail encontrado para a data 20251109.
[2026-04-24 12:44:31] [INFO] Pesquisando e-mail com termo: 'Bordero_R0490_20251115'
[2026-04-24 12:44:32] [INFO] Busca enviada para termo: Bordero_R0490_20251115
[2026-04-24 12:44:36] [WARNING] Nenhum e-mail encontrado para a data 20251115.
[2026-04-24 12:44:36] [INFO] Pesquisando e-mail com termo: 'Bordero_R0490_20251116'
[2026-04-24 12:44:36] [INFO] Busca enviada para termo: Bordero_R0490_20251116
[2026-04-24 12:44:40] [WARNING] Nenhum e-mail encontrado para a data 20251116.
[2026-04-24 12:44:40] [INFO] Pesquisando e-mail com termo: 'Bordero_R0490_20251122'
[2026-04-24 12:44:40] [INFO] Busca enviada para termo: Bordero_R0490_20251122
[2026-04-24 12:44:44] [WARNING] Nenhum e-mail encontrado para a data 20251122.
[2026-04-24 12:44:44] [INFO] Pesquisando e-mail com termo: 'Bordero_R0490_20251123'
[2026-04-24 12:44:44] [INFO] Busca enviada para termo: Bordero_R0490_20251123
[2026-04-24 12:44:48] [WARNING] Nenhum e-mail encontrado para a data 20251123.
[2026-04-24 12:44:48] [INFO] Pesquisando e-mail com termo: 'Bordero_R0490_20251124'
[2026-04-24 12:44:48] [INFO] Busca enviada para termo: Bordero_R0490_20251124
[2026-04-24 12:44:52] [WARNING] Nenhum e-mail encontrado para a data 20251124.
[2026-04-24 12:44:52] [INFO] Pesquisando e-mail com termo: 'Bordero_R0490_20251129'
[2026-04-24 12:44:53] [INFO] Busca enviada para termo: Bordero_R0490_20251129
[2026-04-24 12:44:57] [WARNING] Nenhum e-mail encontrado para a data 20251129.
[2026-04-24 12:44:57] [INFO] Pesquisando e-mail com termo: 'Bordero_R0490_20251130'
[2026-04-24 12:44:57] [INFO] Busca enviada para termo: Bordero_R0490_20251130
[2026-04-24 12:45:01] [WARNING] Nenhum e-mail encontrado para a data 20251130.
[2026-04-24 12:45:01] [INFO] Pesquisando e-mail com termo: 'Bordero_R0490_20251206'
[2026-04-24 12:45:01] [INFO] Busca enviada para termo: Bordero_R0490_20251206
[2026-04-24 12:45:05] [WARNING] Nenhum e-mail encontrado para a data 20251206.
[2026-04-24 12:45:05] [INFO] Pesquisando e-mail com termo: 'Bordero_R0490_20251207'
[2026-04-24 12:45:05] [INFO] Busca enviada para termo: Bordero_R0490_20251207
[2026-04-24 12:45:09] [WARNING] Nenhum e-mail encontrado para a data 20251207.
[2026-04-24 12:45:09] [INFO] Pesquisando e-mail com termo: 'Bordero_R0490_20251211'
[2026-04-24 12:45:10] [INFO] Busca enviada para termo: Bordero_R0490_20251211
[2026-04-24 12:45:14] [WARNING] Nenhum e-mail encontrado para a data 20251211.
[2026-04-24 12:45:14] [INFO] Pesquisando e-mail com termo: 'Bordero_R0490_20251213'
[2026-04-24 12:45:14] [INFO] Busca enviada para termo: Bordero_R0490_20251213
[2026-04-24 12:45:18] [WARNING] Nenhum e-mail encontrado para a data 20251213.
[2026-04-24 12:45:18] [INFO] Pesquisando e-mail com termo: 'Bordero_R0490_20251214'
[2026-04-24 12:45:18] [INFO] Busca enviada para termo: Bordero_R0490_20251214
[2026-04-24 12:45:22] [WARNING] Nenhum e-mail encontrado para a data 20251214.
[2026-04-24 12:45:22] [INFO] Pesquisando e-mail com termo: 'Bordero_R0490_20251217'
[2026-04-24 12:45:22] [INFO] Busca enviada para termo: Bordero_R0490_20251217
[2026-04-24 12:45:26] [WARNING] Nenhum e-mail encontrado para a data 20251217.
[2026-04-24 12:45:26] [INFO] Pesquisando e-mail com termo: 'Bordero_R0490_20251218'
[2026-04-24 12:45:26] [INFO] Busca enviada para termo: Bordero_R0490_20251218
[2026-04-24 12:45:30] [WARNING] Nenhum e-mail encontrado para a data 20251218.
[2026-04-24 12:45:30] [INFO] Pesquisando e-mail com termo: 'Bordero_R0490_20251220'
[2026-04-24 12:45:31] [INFO] Busca enviada para termo: Bordero_R0490_20251220
[2026-04-24 12:45:35] [WARNING] Nenhum e-mail encontrado para a data 20251220.
[2026-04-24 12:45:35] [INFO] Pesquisando e-mail com termo: 'Bordero_R0490_20251221'
[2026-04-24 12:45:35] [INFO] Busca enviada para termo: Bordero_R0490_20251221
[2026-04-24 12:45:39] [WARNING] Nenhum e-mail encontrado para a data 20251221.
[2026-04-24 12:45:39] [INFO] Pesquisando e-mail com termo: 'Bordero_R0490_20251227'
[2026-04-24 12:45:39] [INFO] Busca enviada para termo: Bordero_R0490_20251227
[2026-04-24 12:45:43] [WARNING] Nenhum e-mail encontrado para a data 20251227.
[2026-04-24 12:45:43] [INFO] Pesquisando e-mail com termo: 'Bordero_R0490_20251228'
[2026-04-24 12:45:43] [INFO] Busca enviada para termo: Bordero_R0490_20251228
[2026-04-24 12:45:47] [WARNING] Nenhum e-mail encontrado para a data 20251228.
[2026-04-24 12:45:47] [INFO] Pesquisando e-mail com termo: 'Bordero_R0490_20260103'
[2026-04-24 12:45:47] [INFO] Busca enviada para termo: Bordero_R0490_20260103
[2026-04-24 12:45:51] [WARNING] Nenhum e-mail encontrado para a data 20260103.
[2026-04-24 12:45:51] [INFO] Pesquisando e-mail com termo: 'Bordero_R0490_20260104'
[2026-04-24 12:45:52] [INFO] Busca enviada para termo: Bordero_R0490_20260104
[2026-04-24 12:45:56] [WARNING] Nenhum e-mail encontrado para a data 20260104.
[2026-04-24 12:45:56] [INFO] Pesquisando e-mail com termo: 'Bordero_R0490_20260110'
[2026-04-24 12:45:56] [INFO] Busca enviada para termo: Bordero_R0490_20260110
[2026-04-24 12:46:00] [WARNING] Nenhum e-mail encontrado para a data 20260110.
[2026-04-24 12:46:00] [INFO] Pesquisando e-mail com termo: 'Bordero_R0490_20260111'
[2026-04-24 12:46:00] [INFO] Busca enviada para termo: Bordero_R0490_20260111
[2026-04-24 12:46:04] [WARNING] Nenhum e-mail encontrado para a data 20260111.
[2026-04-24 12:46:04] [INFO] Pesquisando e-mail com termo: 'Bordero_R0490_20260117'
[2026-04-24 12:46:04] [INFO] Busca enviada para termo: Bordero_R0490_20260117
[2026-04-24 12:46:08] [WARNING] Nenhum e-mail encontrado para a data 20260117.
[2026-04-24 12:46:08] [INFO] Pesquisando e-mail com termo: 'Bordero_R0490_20260118'
[2026-04-24 12:46:08] [INFO] Busca enviada para termo: Bordero_R0490_20260118
[2026-04-24 12:46:12] [WARNING] Nenhum e-mail encontrado para a data 20260118.
[2026-04-24 12:46:12] [INFO] Pesquisando e-mail com termo: 'Bordero_R0490_20260124'
[2026-04-24 12:46:13] [INFO] Busca enviada para termo: Bordero_R0490_20260124
[2026-04-24 12:46:17] [WARNING] Nenhum e-mail encontrado para a data 20260124.
[2026-04-24 12:46:17] [INFO] Pesquisando e-mail com termo: 'Bordero_R0490_20260125'
[2026-04-24 12:46:17] [INFO] Busca enviada para termo: Bordero_R0490_20260125
[2026-04-24 12:46:21] [WARNING] Nenhum e-mail encontrado para a data 20260125.
[2026-04-24 12:46:21] [INFO] Pesquisando e-mail com termo: 'Bordero_R0490_20260131'
[2026-04-24 12:46:21] [INFO] Busca enviada para termo: Bordero_R0490_20260131
[2026-04-24 12:46:25] [WARNING] Nenhum e-mail encontrado para a data 20260131.
[2026-04-24 12:46:25] [INFO] Pesquisando e-mail com termo: 'Bordero_R0490_20260201'
[2026-04-24 12:46:25] [INFO] Busca enviada para termo: Bordero_R0490_20260201
[2026-04-24 12:46:29] [WARNING] Nenhum e-mail encontrado para a data 20260201.
[2026-04-24 12:46:29] [INFO] Pesquisando e-mail com termo: 'Bordero_R0490_20260202'
[2026-04-24 12:46:29] [INFO] Busca enviada para termo: Bordero_R0490_20260202
[2026-04-24 12:46:33] [WARNING] Nenhum e-mail encontrado para a data 20260202.
[2026-04-24 12:46:33] [INFO] Pesquisando e-mail com termo: 'Bordero_R0490_20260203'
[2026-04-24 12:46:34] [INFO] Busca enviada para termo: Bordero_R0490_20260203
[2026-04-24 12:46:38] [WARNING] Nenhum e-mail encontrado para a data 20260203.
[2026-04-24 12:46:38] [INFO] Pesquisando e-mail com termo: 'Bordero_R0490_20260207'
[2026-04-24 12:46:38] [INFO] Busca enviada para termo: Bordero_R0490_20260207
[2026-04-24 12:46:42] [WARNING] Nenhum e-mail encontrado para a data 20260207.
[2026-04-24 12:46:42] [INFO] Pesquisando e-mail com termo: 'Bordero_R0490_20260208'
[2026-04-24 12:46:42] [INFO] Busca enviada para termo: Bordero_R0490_20260208
[2026-04-24 12:46:46] [WARNING] Nenhum e-mail encontrado para a data 20260208.
[2026-04-24 12:46:46] [INFO] Pesquisando e-mail com termo: 'Bordero_R0490_20260214'
[2026-04-24 12:46:46] [INFO] Busca enviada para termo: Bordero_R0490_20260214
[2026-04-24 12:46:50] [WARNING] Nenhum e-mail encontrado para a data 20260214.
[2026-04-24 12:46:50] [INFO] Pesquisando e-mail com termo: 'Bordero_R0490_20260215'
[2026-04-24 12:46:50] [INFO] Busca enviada para termo: Bordero_R0490_20260215
[2026-04-24 12:46:54] [WARNING] Nenhum e-mail encontrado para a data 20260215.
[2026-04-24 12:46:54] [INFO] Pesquisando e-mail com termo: 'Bordero_R0490_20260220'
[2026-04-24 12:46:54] [INFO] Busca enviada para termo: Bordero_R0490_20260220
[2026-04-24 12:46:58] [WARNING] Nenhum e-mail encontrado para a data 20260220.
[2026-04-24 12:46:58] [INFO] Pesquisando e-mail com termo: 'Bordero_R0490_20260221'
[2026-04-24 12:46:59] [INFO] Busca enviada para termo: Bordero_R0490_20260221
[2026-04-24 12:47:03] [WARNING] Nenhum e-mail encontrado para a data 20260221.
[2026-04-24 12:47:03] [INFO] Pesquisando e-mail com termo: 'Bordero_R0490_20260222'
[2026-04-24 12:47:03] [INFO] Busca enviada para termo: Bordero_R0490_20260222
[2026-04-24 12:47:07] [WARNING] Nenhum e-mail encontrado para a data 20260222.
[2026-04-24 12:47:07] [INFO] Pesquisando e-mail com termo: 'Bordero_R0490_20260228'
[2026-04-24 12:47:07] [INFO] Busca enviada para termo: Bordero_R0490_20260228
[2026-04-24 12:47:11] [WARNING] Nenhum e-mail encontrado para a data 20260228.
[2026-04-24 12:47:11] [INFO] Pesquisando e-mail com termo: 'Bordero_R0490_20260301'
[2026-04-24 12:47:11] [INFO] Busca enviada para termo: Bordero_R0490_20260301
[2026-04-24 12:47:15] [WARNING] Nenhum e-mail encontrado para a data 20260301.
[2026-04-24 12:47:15] [INFO] Pesquisando e-mail com termo: 'Bordero_R0490_20260307'
[2026-04-24 12:47:15] [INFO] Busca enviada para termo: Bordero_R0490_20260307
[2026-04-24 12:47:19] [WARNING] Nenhum e-mail encontrado para a data 20260307.
[2026-04-24 12:47:19] [INFO] Pesquisando e-mail com termo: 'Bordero_R0490_20260308'
[2026-04-24 12:47:20] [INFO] Busca enviada para termo: Bordero_R0490_20260308
[2026-04-24 12:47:24] [WARNING] Nenhum e-mail encontrado para a data 20260308.
[2026-04-24 12:47:24] [INFO] Pesquisando e-mail com termo: 'Bordero_R0490_20260314'
[2026-04-24 12:47:24] [INFO] Busca enviada para termo: Bordero_R0490_20260314
[2026-04-24 12:47:28] [WARNING] Nenhum e-mail encontrado para a data 20260314.
[2026-04-24 12:47:28] [INFO] Pesquisando e-mail com termo: 'Bordero_R0490_20260315'
[2026-04-24 12:47:28] [INFO] Busca enviada para termo: Bordero_R0490_20260315
[2026-04-24 12:47:32] [WARNING] Nenhum e-mail encontrado para a data 20260315.
[2026-04-24 12:47:32] [INFO] Pesquisando e-mail com termo: 'Bordero_R0490_20260320'
[2026-04-24 12:47:32] [INFO] Busca enviada para termo: Bordero_R0490_20260320
[2026-04-24 12:47:36] [WARNING] Nenhum e-mail encontrado para a data 20260320.
[2026-04-24 12:47:36] [INFO] Pesquisando e-mail com termo: 'Bordero_R0490_20260321'
[2026-04-24 12:47:37] [INFO] Busca enviada para termo: Bordero_R0490_20260321
[2026-04-24 12:47:41] [WARNING] Nenhum e-mail encontrado para a data 20260321.
[2026-04-24 12:47:41] [INFO] Pesquisando e-mail com termo: 'Bordero_R0490_20260322'
[2026-04-24 12:47:41] [INFO] Busca enviada para termo: Bordero_R0490_20260322
[2026-04-24 12:47:45] [WARNING] Nenhum e-mail encontrado para a data 20260322.
[2026-04-24 12:47:45] [INFO] Pesquisando e-mail com termo: 'Bordero_R0490_20260324'
[2026-04-24 12:47:45] [INFO] Busca enviada para termo: Bordero_R0490_20260324
[2026-04-24 12:47:49] [WARNING] Nenhum e-mail encontrado para a data 20260324.
[2026-04-24 12:47:49] [INFO] Pesquisando e-mail com termo: 'Bordero_R0490_20260328'
[2026-04-24 12:47:49] [INFO] Busca enviada para termo: Bordero_R0490_20260328
[2026-04-24 12:47:53] [WARNING] Nenhum e-mail encontrado para a data 20260328.
[2026-04-24 12:47:53] [INFO] Pesquisando e-mail com termo: 'Bordero_R0490_20260329'
[2026-04-24 12:47:53] [INFO] Busca enviada para termo: Bordero_R0490_20260329
[2026-04-24 12:47:57] [WARNING] Nenhum e-mail encontrado para a data 20260329.
[2026-04-24 12:47:57] [INFO] Pesquisando e-mail com termo: 'Bordero_R0490_20260401'
[2026-04-24 12:47:58] [INFO] Busca enviada para termo: Bordero_R0490_20260401
[2026-04-24 12:48:02] [WARNING] Nenhum e-mail encontrado para a data 20260401.
[2026-04-24 12:48:02] [INFO] Pesquisando e-mail com termo: 'Bordero_R0490_20260404'
[2026-04-24 12:48:02] [INFO] Busca enviada para termo: Bordero_R0490_20260404
[2026-04-24 12:48:06] [WARNING] Nenhum e-mail encontrado para a data 20260404.
[2026-04-24 12:48:06] [INFO] Pesquisando e-mail com termo: 'Bordero_R0490_20260405'
[2026-04-24 12:48:06] [INFO] Busca enviada para termo: Bordero_R0490_20260405
[2026-04-24 12:48:10] [WARNING] Nenhum e-mail encontrado para a data 20260405.
[2026-04-24 12:48:10] [INFO] Pesquisando e-mail com termo: 'Bordero_R0490_20260407'
[2026-04-24 12:48:10] [INFO] Busca enviada para termo: Bordero_R0490_20260407
[2026-04-24 12:48:14] [WARNING] Nenhum e-mail encontrado para a data 20260407.
[2026-04-24 12:48:14] [INFO] Pesquisando e-mail com termo: 'Bordero_R0490_20260411'
[2026-04-24 12:48:14] [INFO] Busca enviada para termo: Bordero_R0490_20260411
[2026-04-24 12:48:18] [WARNING] Nenhum e-mail encontrado para a data 20260411.
[2026-04-24 12:48:18] [INFO] Pesquisando e-mail com termo: 'Bordero_R0490_20260412'
[2026-04-24 12:48:19] [INFO] Busca enviada para termo: Bordero_R0490_20260412
[2026-04-24 12:48:23] [WARNING] Nenhum e-mail encontrado para a data 20260412.
[2026-04-24 12:48:23] [INFO] Pesquisando e-mail com termo: 'Bordero_R0490_20260417'
[2026-04-24 12:48:23] [INFO] Busca enviada para termo: Bordero_R0490_20260417
[2026-04-24 12:48:27] [WARNING] Nenhum e-mail encontrado para a data 20260417.
[2026-04-24 12:48:27] [INFO] Pesquisando e-mail com termo: 'Bordero_R0490_20260418'
[2026-04-24 12:48:27] [INFO] Busca enviada para termo: Bordero_R0490_20260418
[2026-04-24 12:48:31] [WARNING] Nenhum e-mail encontrado para a data 20260418.
[2026-04-24 12:48:31] [INFO] Pesquisando e-mail com termo: 'Bordero_R0490_20260419'
[2026-04-24 12:48:31] [INFO] Busca enviada para termo: Bordero_R0490_20260419
[2026-04-24 12:48:35] [WARNING] Nenhum e-mail encontrado para a data 20260419.
[2026-04-24 12:48:38] [INFO] Navegador encerrado.
[2026-04-24 12:48:45] [INFO] ====================================================================================================
[2026-04-24 12:48:45] [INFO]                          INICIANDO RPA PARA DOWNLOAD DE BORDERO NO WEBMAIL
[2026-04-24 12:48:45] [INFO]                                 Autor: John Kennedy | Versão: 1.0.3                                 
[2026-04-24 12:48:45] [INFO] ====================================================================================================
[2026-04-24 12:48:45] [INFO] Datas pendentes para buscar: 20250821, 20250823, 20250824, 20250830, 20250831, 20250906, 20250907, 20250913, 20250914, 20250920, 20250921, 20250927, 20250928, 20251004, 20251005, 20251011, 20251012, 20251018, 20251019, 20251022, 20251025, 20251026, 20251101, 20251102, 20251106, 20251108, 20251109, 20251115, 20251116, 20251122, 20251123, 20251124, 20251129, 20251130, 20251206, 20251207, 20251211, 20251213, 20251214, 20251217, 20251218, 20251220, 20251221, 20251227, 20251228, 20260103, 20260104, 20260110, 20260111, 20260117, 20260118, 20260124, 20260125, 20260131, 20260201, 20260202, 20260203, 20260207, 20260208, 20260214, 20260215, 20260220, 20260221, 20260222, 20260228, 20260301, 20260307, 20260308, 20260314, 20260315, 20260320, 20260321, 20260322, 20260324, 20260328, 20260329, 20260401, 20260404, 20260405, 20260407, 20260411, 20260412, 20260417, 20260418, 20260419
[2026-04-24 12:48:47] [INFO] Page.setDownloadBehavior configurado para: C:\Users\administrador\Downloads
[2026-04-24 12:48:47] [INFO] Chrome iniciado.
[2026-04-24 12:48:54] [INFO] Login realizado.
[2026-04-24 12:48:59] [INFO] Pesquisando e-mail com termo: 'Bordero_R0490_20250821'
[2026-04-24 12:49:00] [INFO] Busca enviada para termo: Bordero_R0490_20250821
[2026-04-24 12:49:04] [WARNING] Nenhum e-mail encontrado para a data 20250821.
[2026-04-24 12:49:04] [INFO] Pesquisando e-mail com termo: 'Bordero_R0490_20250823'
[2026-04-24 12:49:04] [INFO] Busca enviada para termo: Bordero_R0490_20250823
[2026-04-24 12:49:08] [WARNING] Nenhum e-mail encontrado para a data 20250823.
[2026-04-24 12:49:08] [INFO] Pesquisando e-mail com termo: 'Bordero_R0490_20250824'
[2026-04-24 12:49:08] [INFO] Busca enviada para termo: Bordero_R0490_20250824
[2026-04-24 12:49:12] [WARNING] Nenhum e-mail encontrado para a data 20250824.
[2026-04-24 12:49:12] [INFO] Pesquisando e-mail com termo: 'Bordero_R0490_20250830'
[2026-04-24 12:49:12] [INFO] Busca enviada para termo: Bordero_R0490_20250830
[2026-04-24 12:49:16] [WARNING] Nenhum e-mail encontrado para a data 20250830.
[2026-04-24 12:49:16] [INFO] Pesquisando e-mail com termo: 'Bordero_R0490_20250831'
[2026-04-24 12:49:16] [INFO] Busca enviada para termo: Bordero_R0490_20250831
[2026-04-24 12:49:20] [WARNING] Nenhum e-mail encontrado para a data 20250831.
[2026-04-24 12:49:20] [INFO] Pesquisando e-mail com termo: 'Bordero_R0490_20250906'
[2026-04-24 12:49:21] [INFO] Busca enviada para termo: Bordero_R0490_20250906
[2026-04-24 12:49:25] [WARNING] Nenhum e-mail encontrado para a data 20250906.
[2026-04-24 12:49:25] [INFO] Pesquisando e-mail com termo: 'Bordero_R0490_20250907'
[2026-04-24 12:49:25] [INFO] Busca enviada para termo: Bordero_R0490_20250907
[2026-04-24 12:49:29] [WARNING] Nenhum e-mail encontrado para a data 20250907.
[2026-04-24 12:49:29] [INFO] Pesquisando e-mail com termo: 'Bordero_R0490_20250913'
[2026-04-24 12:49:29] [INFO] Busca enviada para termo: Bordero_R0490_20250913
[2026-04-24 12:49:33] [WARNING] Nenhum e-mail encontrado para a data 20250913.
[2026-04-24 12:49:33] [INFO] Pesquisando e-mail com termo: 'Bordero_R0490_20250914'
[2026-04-24 12:49:33] [INFO] Busca enviada para termo: Bordero_R0490_20250914
[2026-04-24 12:49:37] [WARNING] Nenhum e-mail encontrado para a data 20250914.
[2026-04-24 12:49:37] [INFO] Pesquisando e-mail com termo: 'Bordero_R0490_20250920'
[2026-04-24 12:49:37] [INFO] Busca enviada para termo: Bordero_R0490_20250920
[2026-04-24 12:49:41] [WARNING] Nenhum e-mail encontrado para a data 20250920.
[2026-04-24 12:49:41] [INFO] Pesquisando e-mail com termo: 'Bordero_R0490_20250921'
[2026-04-24 12:49:41] [INFO] Busca enviada para termo: Bordero_R0490_20250921
[2026-04-24 12:49:45] [WARNING] Nenhum e-mail encontrado para a data 20250921.
[2026-04-24 12:49:45] [INFO] Pesquisando e-mail com termo: 'Bordero_R0490_20250927'
[2026-04-24 12:49:46] [INFO] Busca enviada para termo: Bordero_R0490_20250927
[2026-04-24 12:49:50] [WARNING] Nenhum e-mail encontrado para a data 20250927.
[2026-04-24 12:49:50] [INFO] Pesquisando e-mail com termo: 'Bordero_R0490_20250928'
[2026-04-24 12:49:50] [INFO] Busca enviada para termo: Bordero_R0490_20250928
[2026-04-24 12:49:54] [WARNING] Nenhum e-mail encontrado para a data 20250928.
[2026-04-24 12:49:54] [INFO] Pesquisando e-mail com termo: 'Bordero_R0490_20251004'
[2026-04-24 12:49:54] [INFO] Busca enviada para termo: Bordero_R0490_20251004
[2026-04-24 12:49:58] [WARNING] Nenhum e-mail encontrado para a data 20251004.
[2026-04-24 12:49:58] [INFO] Pesquisando e-mail com termo: 'Bordero_R0490_20251005'
[2026-04-24 12:49:58] [INFO] Busca enviada para termo: Bordero_R0490_20251005
[2026-04-24 12:50:02] [WARNING] Nenhum e-mail encontrado para a data 20251005.
[2026-04-24 12:50:02] [INFO] Pesquisando e-mail com termo: 'Bordero_R0490_20251011'
[2026-04-24 12:50:02] [INFO] Busca enviada para termo: Bordero_R0490_20251011
[2026-04-24 12:50:07] [WARNING] Nenhum e-mail encontrado para a data 20251011.
[2026-04-24 12:50:07] [INFO] Pesquisando e-mail com termo: 'Bordero_R0490_20251012'
[2026-04-24 12:50:07] [INFO] Busca enviada para termo: Bordero_R0490_20251012
[2026-04-24 12:50:11] [WARNING] Nenhum e-mail encontrado para a data 20251012.
[2026-04-24 12:50:11] [INFO] Pesquisando e-mail com termo: 'Bordero_R0490_20251018'
[2026-04-24 12:50:11] [INFO] Busca enviada para termo: Bordero_R0490_20251018
[2026-04-24 12:50:15] [WARNING] Nenhum e-mail encontrado para a data 20251018.
[2026-04-24 12:50:15] [INFO] Pesquisando e-mail com termo: 'Bordero_R0490_20251019'
[2026-04-24 12:50:15] [INFO] Busca enviada para termo: Bordero_R0490_20251019
[2026-04-24 12:50:19] [WARNING] Nenhum e-mail encontrado para a data 20251019.
[2026-04-24 12:50:19] [INFO] Pesquisando e-mail com termo: 'Bordero_R0490_20251022'
[2026-04-24 12:50:19] [INFO] Busca enviada para termo: Bordero_R0490_20251022
[2026-04-24 12:50:23] [WARNING] Nenhum e-mail encontrado para a data 20251022.
[2026-04-24 12:50:23] [INFO] Pesquisando e-mail com termo: 'Bordero_R0490_20251025'
[2026-04-24 12:50:24] [INFO] Busca enviada para termo: Bordero_R0490_20251025
[2026-04-24 12:50:28] [WARNING] Nenhum e-mail encontrado para a data 20251025.
[2026-04-24 12:50:28] [INFO] Pesquisando e-mail com termo: 'Bordero_R0490_20251026'
[2026-04-24 12:50:28] [INFO] Busca enviada para termo: Bordero_R0490_20251026
[2026-04-24 12:50:32] [WARNING] Nenhum e-mail encontrado para a data 20251026.
[2026-04-24 12:50:32] [INFO] Pesquisando e-mail com termo: 'Bordero_R0490_20251101'
[2026-04-24 12:50:32] [INFO] Busca enviada para termo: Bordero_R0490_20251101
[2026-04-24 12:50:36] [WARNING] Nenhum e-mail encontrado para a data 20251101.
[2026-04-24 12:50:36] [INFO] Pesquisando e-mail com termo: 'Bordero_R0490_20251102'
[2026-04-24 12:50:36] [INFO] Busca enviada para termo: Bordero_R0490_20251102
[2026-04-24 12:50:40] [WARNING] Nenhum e-mail encontrado para a data 20251102.
[2026-04-24 12:50:40] [INFO] Pesquisando e-mail com termo: 'Bordero_R0490_20251106'
[2026-04-24 12:50:40] [INFO] Busca enviada para termo: Bordero_R0490_20251106
[2026-04-24 12:50:44] [WARNING] Nenhum e-mail encontrado para a data 20251106.
[2026-04-24 12:50:44] [INFO] Pesquisando e-mail com termo: 'Bordero_R0490_20251108'
[2026-04-24 12:50:45] [INFO] Busca enviada para termo: Bordero_R0490_20251108
[2026-04-24 12:50:49] [WARNING] Nenhum e-mail encontrado para a data 20251108.
[2026-04-24 12:50:49] [INFO] Pesquisando e-mail com termo: 'Bordero_R0490_20251109'
[2026-04-24 12:50:49] [INFO] Busca enviada para termo: Bordero_R0490_20251109
[2026-04-24 12:50:53] [WARNING] Nenhum e-mail encontrado para a data 20251109.
[2026-04-24 12:50:53] [INFO] Pesquisando e-mail com termo: 'Bordero_R0490_20251115'
[2026-04-24 12:50:53] [INFO] Busca enviada para termo: Bordero_R0490_20251115
[2026-04-24 12:50:57] [WARNING] Nenhum e-mail encontrado para a data 20251115.
[2026-04-24 12:50:57] [INFO] Pesquisando e-mail com termo: 'Bordero_R0490_20251116'
[2026-04-24 12:50:57] [INFO] Busca enviada para termo: Bordero_R0490_20251116
[2026-04-24 12:51:01] [WARNING] Nenhum e-mail encontrado para a data 20251116.
[2026-04-24 12:51:01] [INFO] Pesquisando e-mail com termo: 'Bordero_R0490_20251122'
[2026-04-24 12:51:01] [INFO] Busca enviada para termo: Bordero_R0490_20251122
[2026-04-24 12:51:05] [WARNING] Nenhum e-mail encontrado para a data 20251122.
[2026-04-24 12:51:05] [INFO] Pesquisando e-mail com termo: 'Bordero_R0490_20251123'
[2026-04-24 12:51:06] [INFO] Busca enviada para termo: Bordero_R0490_20251123
[2026-04-24 12:51:10] [WARNING] Nenhum e-mail encontrado para a data 20251123.
[2026-04-24 12:51:10] [INFO] Pesquisando e-mail com termo: 'Bordero_R0490_20251124'
[2026-04-24 12:51:10] [INFO] Busca enviada para termo: Bordero_R0490_20251124
[2026-04-24 12:51:14] [WARNING] Nenhum e-mail encontrado para a data 20251124.
[2026-04-24 12:51:14] [INFO] Pesquisando e-mail com termo: 'Bordero_R0490_20251129'
[2026-04-24 12:51:14] [INFO] Busca enviada para termo: Bordero_R0490_20251129
[2026-04-24 12:51:18] [WARNING] Nenhum e-mail encontrado para a data 20251129.
[2026-04-24 12:51:18] [INFO] Pesquisando e-mail com termo: 'Bordero_R0490_20251130'
[2026-04-24 12:51:18] [INFO] Busca enviada para termo: Bordero_R0490_20251130
[2026-04-24 12:51:22] [WARNING] Nenhum e-mail encontrado para a data 20251130.
[2026-04-24 12:51:22] [INFO] Pesquisando e-mail com termo: 'Bordero_R0490_20251206'
[2026-04-24 12:51:22] [INFO] Busca enviada para termo: Bordero_R0490_20251206
[2026-04-24 12:51:26] [WARNING] Nenhum e-mail encontrado para a data 20251206.
[2026-04-24 12:51:26] [INFO] Pesquisando e-mail com termo: 'Bordero_R0490_20251207'
[2026-04-24 12:51:27] [INFO] Busca enviada para termo: Bordero_R0490_20251207
[2026-04-24 12:51:31] [WARNING] Nenhum e-mail encontrado para a data 20251207.
[2026-04-24 12:51:31] [INFO] Pesquisando e-mail com termo: 'Bordero_R0490_20251211'
[2026-04-24 12:51:31] [INFO] Busca enviada para termo: Bordero_R0490_20251211
[2026-04-24 12:51:35] [WARNING] Nenhum e-mail encontrado para a data 20251211.
[2026-04-24 12:51:35] [INFO] Pesquisando e-mail com termo: 'Bordero_R0490_20251213'
[2026-04-24 12:51:35] [INFO] Busca enviada para termo: Bordero_R0490_20251213
[2026-04-24 12:51:39] [WARNING] Nenhum e-mail encontrado para a data 20251213.
[2026-04-24 12:51:39] [INFO] Pesquisando e-mail com termo: 'Bordero_R0490_20251214'
[2026-04-24 12:51:39] [INFO] Busca enviada para termo: Bordero_R0490_20251214
[2026-04-24 12:51:43] [WARNING] Nenhum e-mail encontrado para a data 20251214.
[2026-04-24 12:51:43] [INFO] Pesquisando e-mail com termo: 'Bordero_R0490_20251217'
[2026-04-24 12:51:43] [INFO] Busca enviada para termo: Bordero_R0490_20251217
[2026-04-24 12:51:47] [WARNING] Nenhum e-mail encontrado para a data 20251217.
[2026-04-24 12:51:47] [INFO] Pesquisando e-mail com termo: 'Bordero_R0490_20251218'
[2026-04-24 12:51:48] [INFO] Busca enviada para termo: Bordero_R0490_20251218
[2026-04-24 12:51:52] [WARNING] Nenhum e-mail encontrado para a data 20251218.
[2026-04-24 12:51:52] [INFO] Pesquisando e-mail com termo: 'Bordero_R0490_20251220'
[2026-04-24 12:51:52] [INFO] Busca enviada para termo: Bordero_R0490_20251220
[2026-04-24 12:51:56] [WARNING] Nenhum e-mail encontrado para a data 20251220.
[2026-04-24 12:51:56] [INFO] Pesquisando e-mail com termo: 'Bordero_R0490_20251221'
[2026-04-24 12:51:56] [INFO] Busca enviada para termo: Bordero_R0490_20251221
[2026-04-24 12:52:00] [WARNING] Nenhum e-mail encontrado para a data 20251221.
[2026-04-24 12:52:00] [INFO] Pesquisando e-mail com termo: 'Bordero_R0490_20251227'
[2026-04-24 12:52:00] [INFO] Busca enviada para termo: Bordero_R0490_20251227
[2026-04-24 12:52:04] [WARNING] Nenhum e-mail encontrado para a data 20251227.
[2026-04-24 12:52:04] [INFO] Pesquisando e-mail com termo: 'Bordero_R0490_20251228'
[2026-04-24 12:52:04] [INFO] Busca enviada para termo: Bordero_R0490_20251228
[2026-04-24 12:52:08] [WARNING] Nenhum e-mail encontrado para a data 20251228.
[2026-04-24 12:52:08] [INFO] Pesquisando e-mail com termo: 'Bordero_R0490_20260103'
[2026-04-24 12:52:09] [INFO] Busca enviada para termo: Bordero_R0490_20260103
[2026-04-24 12:52:13] [WARNING] Nenhum e-mail encontrado para a data 20260103.
[2026-04-24 12:52:13] [INFO] Pesquisando e-mail com termo: 'Bordero_R0490_20260104'
[2026-04-24 12:52:13] [INFO] Busca enviada para termo: Bordero_R0490_20260104
[2026-04-24 12:52:17] [WARNING] Nenhum e-mail encontrado para a data 20260104.
[2026-04-24 12:52:17] [INFO] Pesquisando e-mail com termo: 'Bordero_R0490_20260110'
[2026-04-24 12:52:17] [INFO] Busca enviada para termo: Bordero_R0490_20260110
[2026-04-24 12:52:21] [WARNING] Nenhum e-mail encontrado para a data 20260110.
[2026-04-24 12:52:21] [INFO] Pesquisando e-mail com termo: 'Bordero_R0490_20260111'
[2026-04-24 12:52:21] [INFO] Busca enviada para termo: Bordero_R0490_20260111
[2026-04-24 12:52:25] [WARNING] Nenhum e-mail encontrado para a data 20260111.
[2026-04-24 12:52:25] [INFO] Pesquisando e-mail com termo: 'Bordero_R0490_20260117'
[2026-04-24 12:52:26] [INFO] Busca enviada para termo: Bordero_R0490_20260117
[2026-04-24 12:52:30] [WARNING] Nenhum e-mail encontrado para a data 20260117.
[2026-04-24 12:52:30] [INFO] Pesquisando e-mail com termo: 'Bordero_R0490_20260118'
[2026-04-24 12:52:30] [INFO] Busca enviada para termo: Bordero_R0490_20260118
[2026-04-24 12:52:34] [WARNING] Nenhum e-mail encontrado para a data 20260118.
[2026-04-24 12:52:34] [INFO] Pesquisando e-mail com termo: 'Bordero_R0490_20260124'
[2026-04-24 12:52:34] [INFO] Busca enviada para termo: Bordero_R0490_20260124
[2026-04-24 12:52:38] [WARNING] Nenhum e-mail encontrado para a data 20260124.
[2026-04-24 12:52:38] [INFO] Pesquisando e-mail com termo: 'Bordero_R0490_20260125'
[2026-04-24 12:52:38] [INFO] Busca enviada para termo: Bordero_R0490_20260125
[2026-04-24 12:52:42] [WARNING] Nenhum e-mail encontrado para a data 20260125.
[2026-04-24 12:52:42] [INFO] Pesquisando e-mail com termo: 'Bordero_R0490_20260131'
[2026-04-24 12:52:42] [INFO] Busca enviada para termo: Bordero_R0490_20260131
[2026-04-24 12:52:46] [WARNING] Nenhum e-mail encontrado para a data 20260131.
[2026-04-24 12:52:46] [INFO] Pesquisando e-mail com termo: 'Bordero_R0490_20260201'
[2026-04-24 12:52:47] [INFO] Busca enviada para termo: Bordero_R0490_20260201
[2026-04-24 12:52:51] [WARNING] Nenhum e-mail encontrado para a data 20260201.
[2026-04-24 12:52:51] [INFO] Pesquisando e-mail com termo: 'Bordero_R0490_20260202'
[2026-04-24 12:52:51] [INFO] Busca enviada para termo: Bordero_R0490_20260202
[2026-04-24 12:52:55] [WARNING] Nenhum e-mail encontrado para a data 20260202.
[2026-04-24 12:52:55] [INFO] Pesquisando e-mail com termo: 'Bordero_R0490_20260203'
[2026-04-24 12:52:55] [INFO] Busca enviada para termo: Bordero_R0490_20260203
[2026-04-24 12:52:59] [WARNING] Nenhum e-mail encontrado para a data 20260203.
[2026-04-24 12:52:59] [INFO] Pesquisando e-mail com termo: 'Bordero_R0490_20260207'
[2026-04-24 12:52:59] [INFO] Busca enviada para termo: Bordero_R0490_20260207
[2026-04-24 12:53:03] [WARNING] Nenhum e-mail encontrado para a data 20260207.
[2026-04-24 12:53:03] [INFO] Pesquisando e-mail com termo: 'Bordero_R0490_20260208'
[2026-04-24 12:53:04] [INFO] Busca enviada para termo: Bordero_R0490_20260208
[2026-04-24 12:53:08] [WARNING] Nenhum e-mail encontrado para a data 20260208.
[2026-04-24 12:53:08] [INFO] Pesquisando e-mail com termo: 'Bordero_R0490_20260214'
[2026-04-24 12:53:08] [INFO] Busca enviada para termo: Bordero_R0490_20260214
[2026-04-24 12:53:12] [WARNING] Nenhum e-mail encontrado para a data 20260214.
[2026-04-24 12:53:12] [INFO] Pesquisando e-mail com termo: 'Bordero_R0490_20260215'
[2026-04-24 12:53:12] [INFO] Busca enviada para termo: Bordero_R0490_20260215
[2026-04-24 12:53:16] [WARNING] Nenhum e-mail encontrado para a data 20260215.
[2026-04-24 12:53:16] [INFO] Pesquisando e-mail com termo: 'Bordero_R0490_20260220'
[2026-04-24 12:53:16] [INFO] Busca enviada para termo: Bordero_R0490_20260220
[2026-04-24 12:53:20] [WARNING] Nenhum e-mail encontrado para a data 20260220.
[2026-04-24 12:53:20] [INFO] Pesquisando e-mail com termo: 'Bordero_R0490_20260221'
[2026-04-24 12:53:20] [INFO] Busca enviada para termo: Bordero_R0490_20260221
[2026-04-24 12:53:24] [WARNING] Nenhum e-mail encontrado para a data 20260221.
[2026-04-24 12:53:24] [INFO] Pesquisando e-mail com termo: 'Bordero_R0490_20260222'
[2026-04-24 12:53:24] [INFO] Busca enviada para termo: Bordero_R0490_20260222
[2026-04-24 12:53:29] [WARNING] Nenhum e-mail encontrado para a data 20260222.
[2026-04-24 12:53:29] [INFO] Pesquisando e-mail com termo: 'Bordero_R0490_20260228'
[2026-04-24 12:53:29] [INFO] Busca enviada para termo: Bordero_R0490_20260228
[2026-04-24 12:53:33] [WARNING] Nenhum e-mail encontrado para a data 20260228.
[2026-04-24 12:53:33] [INFO] Pesquisando e-mail com termo: 'Bordero_R0490_20260301'
[2026-04-24 12:53:33] [INFO] Busca enviada para termo: Bordero_R0490_20260301
[2026-04-24 12:53:37] [WARNING] Nenhum e-mail encontrado para a data 20260301.
[2026-04-24 12:53:37] [INFO] Pesquisando e-mail com termo: 'Bordero_R0490_20260307'
[2026-04-24 12:53:37] [INFO] Busca enviada para termo: Bordero_R0490_20260307
[2026-04-24 12:53:41] [WARNING] Nenhum e-mail encontrado para a data 20260307.
[2026-04-24 12:53:41] [INFO] Pesquisando e-mail com termo: 'Bordero_R0490_20260308'
[2026-04-24 12:53:41] [INFO] Busca enviada para termo: Bordero_R0490_20260308
[2026-04-24 12:53:45] [WARNING] Nenhum e-mail encontrado para a data 20260308.
[2026-04-24 12:53:45] [INFO] Pesquisando e-mail com termo: 'Bordero_R0490_20260314'
[2026-04-24 12:53:45] [INFO] Busca enviada para termo: Bordero_R0490_20260314
[2026-04-24 12:53:50] [WARNING] Nenhum e-mail encontrado para a data 20260314.
[2026-04-24 12:53:50] [INFO] Pesquisando e-mail com termo: 'Bordero_R0490_20260315'
[2026-04-24 12:53:50] [INFO] Busca enviada para termo: Bordero_R0490_20260315
[2026-04-24 12:53:54] [WARNING] Nenhum e-mail encontrado para a data 20260315.
[2026-04-24 12:53:54] [INFO] Pesquisando e-mail com termo: 'Bordero_R0490_20260320'
[2026-04-24 12:53:54] [INFO] Busca enviada para termo: Bordero_R0490_20260320
[2026-04-24 12:53:58] [WARNING] Nenhum e-mail encontrado para a data 20260320.
[2026-04-24 12:53:58] [INFO] Pesquisando e-mail com termo: 'Bordero_R0490_20260321'
[2026-04-24 12:53:58] [INFO] Busca enviada para termo: Bordero_R0490_20260321
[2026-04-24 12:54:02] [WARNING] Nenhum e-mail encontrado para a data 20260321.
[2026-04-24 12:54:02] [INFO] Pesquisando e-mail com termo: 'Bordero_R0490_20260322'
[2026-04-24 12:54:02] [INFO] Busca enviada para termo: Bordero_R0490_20260322
[2026-04-24 12:54:06] [WARNING] Nenhum e-mail encontrado para a data 20260322.
[2026-04-24 12:54:06] [INFO] Pesquisando e-mail com termo: 'Bordero_R0490_20260324'
[2026-04-24 12:54:06] [INFO] Busca enviada para termo: Bordero_R0490_20260324
[2026-04-24 12:54:10] [WARNING] Nenhum e-mail encontrado para a data 20260324.
[2026-04-24 12:54:10] [INFO] Pesquisando e-mail com termo: 'Bordero_R0490_20260328'
[2026-04-24 12:54:11] [INFO] Busca enviada para termo: Bordero_R0490_20260328
[2026-04-24 12:54:15] [WARNING] Nenhum e-mail encontrado para a data 20260328.
[2026-04-24 12:54:15] [INFO] Pesquisando e-mail com termo: 'Bordero_R0490_20260329'
[2026-04-24 12:54:15] [INFO] Busca enviada para termo: Bordero_R0490_20260329
[2026-04-24 12:54:19] [WARNING] Nenhum e-mail encontrado para a data 20260329.
[2026-04-24 12:54:19] [INFO] Pesquisando e-mail com termo: 'Bordero_R0490_20260401'
[2026-04-24 12:54:19] [INFO] Busca enviada para termo: Bordero_R0490_20260401
[2026-04-24 12:54:23] [WARNING] Nenhum e-mail encontrado para a data 20260401.
[2026-04-24 12:54:23] [INFO] Pesquisando e-mail com termo: 'Bordero_R0490_20260404'
[2026-04-24 12:54:23] [INFO] Busca enviada para termo: Bordero_R0490_20260404
[2026-04-24 12:54:27] [WARNING] Nenhum e-mail encontrado para a data 20260404.
[2026-04-24 12:54:27] [INFO] Pesquisando e-mail com termo: 'Bordero_R0490_20260405'
[2026-04-24 12:54:27] [INFO] Busca enviada para termo: Bordero_R0490_20260405
[2026-04-24 12:54:31] [WARNING] Nenhum e-mail encontrado para a data 20260405.
[2026-04-24 12:54:31] [INFO] Pesquisando e-mail com termo: 'Bordero_R0490_20260407'
[2026-04-24 12:54:32] [INFO] Busca enviada para termo: Bordero_R0490_20260407
[2026-04-24 12:54:36] [WARNING] Nenhum e-mail encontrado para a data 20260407.
[2026-04-24 12:54:36] [INFO] Pesquisando e-mail com termo: 'Bordero_R0490_20260411'
[2026-04-24 12:54:36] [INFO] Busca enviada para termo: Bordero_R0490_20260411
[2026-04-24 12:54:40] [WARNING] Nenhum e-mail encontrado para a data 20260411.
[2026-04-24 12:54:40] [INFO] Pesquisando e-mail com termo: 'Bordero_R0490_20260412'
[2026-04-24 12:54:40] [INFO] Busca enviada para termo: Bordero_R0490_20260412
[2026-04-24 12:54:44] [WARNING] Nenhum e-mail encontrado para a data 20260412.
[2026-04-24 12:54:44] [INFO] Pesquisando e-mail com termo: 'Bordero_R0490_20260417'
[2026-04-24 12:54:44] [INFO] Busca enviada para termo: Bordero_R0490_20260417
[2026-04-24 12:54:48] [WARNING] Nenhum e-mail encontrado para a data 20260417.
[2026-04-24 12:54:48] [INFO] Pesquisando e-mail com termo: 'Bordero_R0490_20260418'
[2026-04-24 12:54:48] [INFO] Busca enviada para termo: Bordero_R0490_20260418
[2026-04-24 12:54:52] [WARNING] Nenhum e-mail encontrado para a data 20260418.
[2026-04-24 12:54:52] [INFO] Pesquisando e-mail com termo: 'Bordero_R0490_20260419'
[2026-04-24 12:54:53] [INFO] Busca enviada para termo: Bordero_R0490_20260419
[2026-04-24 12:54:57] [WARNING] Nenhum e-mail encontrado para a data 20260419.
[2026-04-24 12:54:59] [INFO] Navegador encerrado.
[2026-04-25 09:00:03] [INFO] ====================================================================================================
[2026-04-25 09:00:03] [INFO]                          INICIANDO RPA PARA DOWNLOAD DE BORDERO NO WEBMAIL
[2026-04-25 09:00:03] [INFO]                                 Autor: John Kennedy | Versão: 1.0.3                                 
[2026-04-25 09:00:03] [INFO] ====================================================================================================
[2026-04-25 09:00:03] [INFO] Datas pendentes para buscar: 20250821, 20250823, 20250824, 20250830, 20250831, 20250906, 20250907, 20250913, 20250914, 20250920, 20250921, 20250927, 20250928, 20251004, 20251005, 20251011, 20251012, 20251018, 20251019, 20251022, 20251025, 20251026, 20251101, 20251102, 20251106, 20251108, 20251109, 20251115, 20251116, 20251122, 20251123, 20251124, 20251129, 20251130, 20251206, 20251207, 20251211, 20251213, 20251214, 20251217, 20251218, 20251220, 20251221, 20251227, 20251228, 20260103, 20260104, 20260110, 20260111, 20260117, 20260118, 20260124, 20260125, 20260131, 20260201, 20260202, 20260203, 20260207, 20260208, 20260214, 20260215, 20260220, 20260221, 20260222, 20260228, 20260301, 20260307, 20260308, 20260314, 20260315, 20260320, 20260321, 20260322, 20260324, 20260328, 20260329, 20260401, 20260404, 20260405, 20260407, 20260411, 20260412, 20260417, 20260418, 20260419, 20260425
[2026-04-25 09:00:05] [INFO] Page.setDownloadBehavior configurado para: C:\Users\administrador\Downloads
[2026-04-25 09:00:05] [INFO] Chrome iniciado.
[2026-04-25 09:00:13] [INFO] Login realizado.
[2026-04-25 09:00:18] [INFO] Pesquisando e-mail com termo: 'Bordero_R0490_20250821'
[2026-04-25 09:00:18] [INFO] Busca enviada para termo: Bordero_R0490_20250821
[2026-04-25 09:00:22] [WARNING] Nenhum e-mail encontrado para a data 20250821.
[2026-04-25 09:00:22] [INFO] Pesquisando e-mail com termo: 'Bordero_R0490_20250823'
[2026-04-25 09:00:22] [INFO] Busca enviada para termo: Bordero_R0490_20250823
[2026-04-25 09:00:26] [WARNING] Nenhum e-mail encontrado para a data 20250823.
[2026-04-25 09:00:26] [INFO] Pesquisando e-mail com termo: 'Bordero_R0490_20250824'
[2026-04-25 09:00:27] [INFO] Busca enviada para termo: Bordero_R0490_20250824
[2026-04-25 09:00:31] [WARNING] Nenhum e-mail encontrado para a data 20250824.
[2026-04-25 09:00:31] [INFO] Pesquisando e-mail com termo: 'Bordero_R0490_20250830'
[2026-04-25 09:00:31] [INFO] Busca enviada para termo: Bordero_R0490_20250830
[2026-04-25 09:00:35] [WARNING] Nenhum e-mail encontrado para a data 20250830.
[2026-04-25 09:00:35] [INFO] Pesquisando e-mail com termo: 'Bordero_R0490_20250831'
[2026-04-25 09:00:35] [INFO] Busca enviada para termo: Bordero_R0490_20250831
[2026-04-25 09:00:39] [WARNING] Nenhum e-mail encontrado para a data 20250831.
[2026-04-25 09:00:39] [INFO] Pesquisando e-mail com termo: 'Bordero_R0490_20250906'
[2026-04-25 09:00:39] [INFO] Busca enviada para termo: Bordero_R0490_20250906
[2026-04-25 09:00:43] [WARNING] Nenhum e-mail encontrado para a data 20250906.
[2026-04-25 09:00:43] [INFO] Pesquisando e-mail com termo: 'Bordero_R0490_20250907'
[2026-04-25 09:00:43] [INFO] Busca enviada para termo: Bordero_R0490_20250907
[2026-04-25 09:00:47] [WARNING] Nenhum e-mail encontrado para a data 20250907.
[2026-04-25 09:00:47] [INFO] Pesquisando e-mail com termo: 'Bordero_R0490_20250913'
[2026-04-25 09:00:48] [INFO] Busca enviada para termo: Bordero_R0490_20250913
[2026-04-25 09:00:52] [WARNING] Nenhum e-mail encontrado para a data 20250913.
[2026-04-25 09:00:52] [INFO] Pesquisando e-mail com termo: 'Bordero_R0490_20250914'
[2026-04-25 09:00:52] [INFO] Busca enviada para termo: Bordero_R0490_20250914
[2026-04-25 09:00:56] [WARNING] Nenhum e-mail encontrado para a data 20250914.
[2026-04-25 09:00:56] [INFO] Pesquisando e-mail com termo: 'Bordero_R0490_20250920'
[2026-04-25 09:00:56] [INFO] Busca enviada para termo: Bordero_R0490_20250920
[2026-04-25 09:01:00] [WARNING] Nenhum e-mail encontrado para a data 20250920.
[2026-04-25 09:01:00] [INFO] Pesquisando e-mail com termo: 'Bordero_R0490_20250921'
[2026-04-25 09:01:00] [INFO] Busca enviada para termo: Bordero_R0490_20250921
[2026-04-25 09:01:04] [WARNING] Nenhum e-mail encontrado para a data 20250921.
[2026-04-25 09:01:04] [INFO] Pesquisando e-mail com termo: 'Bordero_R0490_20250927'
[2026-04-25 09:01:04] [INFO] Busca enviada para termo: Bordero_R0490_20250927
[2026-04-25 09:01:08] [WARNING] Nenhum e-mail encontrado para a data 20250927.
[2026-04-25 09:01:08] [INFO] Pesquisando e-mail com termo: 'Bordero_R0490_20250928'
[2026-04-25 09:01:09] [INFO] Busca enviada para termo: Bordero_R0490_20250928
[2026-04-25 09:01:13] [WARNING] Nenhum e-mail encontrado para a data 20250928.
[2026-04-25 09:01:13] [INFO] Pesquisando e-mail com termo: 'Bordero_R0490_20251004'
[2026-04-25 09:01:13] [INFO] Busca enviada para termo: Bordero_R0490_20251004
[2026-04-25 09:01:17] [WARNING] Nenhum e-mail encontrado para a data 20251004.
[2026-04-25 09:01:17] [INFO] Pesquisando e-mail com termo: 'Bordero_R0490_20251005'
[2026-04-25 09:01:17] [INFO] Busca enviada para termo: Bordero_R0490_20251005
[2026-04-25 09:01:21] [WARNING] Nenhum e-mail encontrado para a data 20251005.
[2026-04-25 09:01:21] [INFO] Pesquisando e-mail com termo: 'Bordero_R0490_20251011'
[2026-04-25 09:01:21] [INFO] Busca enviada para termo: Bordero_R0490_20251011
[2026-04-25 09:01:25] [WARNING] Nenhum e-mail encontrado para a data 20251011.
[2026-04-25 09:01:25] [INFO] Pesquisando e-mail com termo: 'Bordero_R0490_20251012'
[2026-04-25 09:01:26] [INFO] Busca enviada para termo: Bordero_R0490_20251012
[2026-04-25 09:01:30] [WARNING] Nenhum e-mail encontrado para a data 20251012.
[2026-04-25 09:01:30] [INFO] Pesquisando e-mail com termo: 'Bordero_R0490_20251018'
[2026-04-25 09:01:30] [INFO] Busca enviada para termo: Bordero_R0490_20251018
[2026-04-25 09:01:34] [WARNING] Nenhum e-mail encontrado para a data 20251018.
[2026-04-25 09:01:34] [INFO] Pesquisando e-mail com termo: 'Bordero_R0490_20251019'
[2026-04-25 09:01:34] [INFO] Busca enviada para termo: Bordero_R0490_20251019
[2026-04-25 09:01:38] [WARNING] Nenhum e-mail encontrado para a data 20251019.
[2026-04-25 09:01:38] [INFO] Pesquisando e-mail com termo: 'Bordero_R0490_20251022'
[2026-04-25 09:01:38] [INFO] Busca enviada para termo: Bordero_R0490_20251022
[2026-04-25 09:01:42] [WARNING] Nenhum e-mail encontrado para a data 20251022.
[2026-04-25 09:01:42] [INFO] Pesquisando e-mail com termo: 'Bordero_R0490_20251025'
[2026-04-25 09:01:42] [INFO] Busca enviada para termo: Bordero_R0490_20251025
[2026-04-25 09:01:46] [WARNING] Nenhum e-mail encontrado para a data 20251025.
[2026-04-25 09:01:46] [INFO] Pesquisando e-mail com termo: 'Bordero_R0490_20251026'
[2026-04-25 09:01:46] [INFO] Busca enviada para termo: Bordero_R0490_20251026
[2026-04-25 09:01:51] [WARNING] Nenhum e-mail encontrado para a data 20251026.
[2026-04-25 09:01:51] [INFO] Pesquisando e-mail com termo: 'Bordero_R0490_20251101'
[2026-04-25 09:01:51] [INFO] Busca enviada para termo: Bordero_R0490_20251101
[2026-04-25 09:01:55] [WARNING] Nenhum e-mail encontrado para a data 20251101.
[2026-04-25 09:01:55] [INFO] Pesquisando e-mail com termo: 'Bordero_R0490_20251102'
[2026-04-25 09:01:55] [INFO] Busca enviada para termo: Bordero_R0490_20251102
[2026-04-25 09:01:59] [WARNING] Nenhum e-mail encontrado para a data 20251102.
[2026-04-25 09:01:59] [INFO] Pesquisando e-mail com termo: 'Bordero_R0490_20251106'
[2026-04-25 09:01:59] [INFO] Busca enviada para termo: Bordero_R0490_20251106
[2026-04-25 09:02:03] [WARNING] Nenhum e-mail encontrado para a data 20251106.
[2026-04-25 09:02:03] [INFO] Pesquisando e-mail com termo: 'Bordero_R0490_20251108'
[2026-04-25 09:02:03] [INFO] Busca enviada para termo: Bordero_R0490_20251108
[2026-04-25 09:02:07] [WARNING] Nenhum e-mail encontrado para a data 20251108.
[2026-04-25 09:02:07] [INFO] Pesquisando e-mail com termo: 'Bordero_R0490_20251109'
[2026-04-25 09:02:07] [INFO] Busca enviada para termo: Bordero_R0490_20251109
[2026-04-25 09:02:11] [WARNING] Nenhum e-mail encontrado para a data 20251109.
[2026-04-25 09:02:11] [INFO] Pesquisando e-mail com termo: 'Bordero_R0490_20251115'
[2026-04-25 09:02:12] [INFO] Busca enviada para termo: Bordero_R0490_20251115
[2026-04-25 09:02:16] [WARNING] Nenhum e-mail encontrado para a data 20251115.
[2026-04-25 09:02:16] [INFO] Pesquisando e-mail com termo: 'Bordero_R0490_20251116'
[2026-04-25 09:02:16] [INFO] Busca enviada para termo: Bordero_R0490_20251116
[2026-04-25 09:02:20] [WARNING] Nenhum e-mail encontrado para a data 20251116.
[2026-04-25 09:02:20] [INFO] Pesquisando e-mail com termo: 'Bordero_R0490_20251122'
[2026-04-25 09:02:20] [INFO] Busca enviada para termo: Bordero_R0490_20251122
[2026-04-25 09:02:24] [WARNING] Nenhum e-mail encontrado para a data 20251122.
[2026-04-25 09:02:24] [INFO] Pesquisando e-mail com termo: 'Bordero_R0490_20251123'
[2026-04-25 09:02:24] [INFO] Busca enviada para termo: Bordero_R0490_20251123
[2026-04-25 09:02:28] [WARNING] Nenhum e-mail encontrado para a data 20251123.
[2026-04-25 09:02:28] [INFO] Pesquisando e-mail com termo: 'Bordero_R0490_20251124'
[2026-04-25 09:02:28] [INFO] Busca enviada para termo: Bordero_R0490_20251124
[2026-04-25 09:02:33] [WARNING] Nenhum e-mail encontrado para a data 20251124.
[2026-04-25 09:02:33] [INFO] Pesquisando e-mail com termo: 'Bordero_R0490_20251129'
[2026-04-25 09:02:33] [INFO] Busca enviada para termo: Bordero_R0490_20251129
[2026-04-25 09:02:37] [WARNING] Nenhum e-mail encontrado para a data 20251129.
[2026-04-25 09:02:37] [INFO] Pesquisando e-mail com termo: 'Bordero_R0490_20251130'
[2026-04-25 09:02:37] [INFO] Busca enviada para termo: Bordero_R0490_20251130
[2026-04-25 09:02:41] [WARNING] Nenhum e-mail encontrado para a data 20251130.
[2026-04-25 09:02:41] [INFO] Pesquisando e-mail com termo: 'Bordero_R0490_20251206'
[2026-04-25 09:02:41] [INFO] Busca enviada para termo: Bordero_R0490_20251206
[2026-04-25 09:02:45] [WARNING] Nenhum e-mail encontrado para a data 20251206.
[2026-04-25 09:02:45] [INFO] Pesquisando e-mail com termo: 'Bordero_R0490_20251207'
[2026-04-25 09:02:45] [INFO] Busca enviada para termo: Bordero_R0490_20251207
[2026-04-25 09:02:49] [WARNING] Nenhum e-mail encontrado para a data 20251207.
[2026-04-25 09:02:49] [INFO] Pesquisando e-mail com termo: 'Bordero_R0490_20251211'
[2026-04-25 09:02:50] [INFO] Busca enviada para termo: Bordero_R0490_20251211
[2026-04-25 09:02:54] [WARNING] Nenhum e-mail encontrado para a data 20251211.
[2026-04-25 09:02:54] [INFO] Pesquisando e-mail com termo: 'Bordero_R0490_20251213'
[2026-04-25 09:02:54] [INFO] Busca enviada para termo: Bordero_R0490_20251213
[2026-04-25 09:02:58] [WARNING] Nenhum e-mail encontrado para a data 20251213.
[2026-04-25 09:02:58] [INFO] Pesquisando e-mail com termo: 'Bordero_R0490_20251214'
[2026-04-25 09:02:58] [INFO] Busca enviada para termo: Bordero_R0490_20251214
[2026-04-25 09:03:02] [WARNING] Nenhum e-mail encontrado para a data 20251214.
[2026-04-25 09:03:02] [INFO] Pesquisando e-mail com termo: 'Bordero_R0490_20251217'
[2026-04-25 09:03:02] [INFO] Busca enviada para termo: Bordero_R0490_20251217
[2026-04-25 09:03:06] [WARNING] Nenhum e-mail encontrado para a data 20251217.
[2026-04-25 09:03:06] [INFO] Pesquisando e-mail com termo: 'Bordero_R0490_20251218'
[2026-04-25 09:03:06] [INFO] Busca enviada para termo: Bordero_R0490_20251218
[2026-04-25 09:03:10] [WARNING] Nenhum e-mail encontrado para a data 20251218.
[2026-04-25 09:03:10] [INFO] Pesquisando e-mail com termo: 'Bordero_R0490_20251220'
[2026-04-25 09:03:10] [INFO] Busca enviada para termo: Bordero_R0490_20251220
[2026-04-25 09:03:15] [WARNING] Nenhum e-mail encontrado para a data 20251220.
[2026-04-25 09:03:15] [INFO] Pesquisando e-mail com termo: 'Bordero_R0490_20251221'
[2026-04-25 09:03:15] [INFO] Busca enviada para termo: Bordero_R0490_20251221
[2026-04-25 09:03:19] [WARNING] Nenhum e-mail encontrado para a data 20251221.
[2026-04-25 09:03:19] [INFO] Pesquisando e-mail com termo: 'Bordero_R0490_20251227'
[2026-04-25 09:03:19] [INFO] Busca enviada para termo: Bordero_R0490_20251227
[2026-04-25 09:03:23] [WARNING] Nenhum e-mail encontrado para a data 20251227.
[2026-04-25 09:03:23] [INFO] Pesquisando e-mail com termo: 'Bordero_R0490_20251228'
[2026-04-25 09:03:23] [INFO] Busca enviada para termo: Bordero_R0490_20251228
[2026-04-25 09:03:27] [WARNING] Nenhum e-mail encontrado para a data 20251228.
[2026-04-25 09:03:27] [INFO] Pesquisando e-mail com termo: 'Bordero_R0490_20260103'
[2026-04-25 09:03:27] [INFO] Busca enviada para termo: Bordero_R0490_20260103
[2026-04-25 09:03:31] [WARNING] Nenhum e-mail encontrado para a data 20260103.
[2026-04-25 09:03:31] [INFO] Pesquisando e-mail com termo: 'Bordero_R0490_20260104'
[2026-04-25 09:03:31] [INFO] Busca enviada para termo: Bordero_R0490_20260104
[2026-04-25 09:03:35] [WARNING] Nenhum e-mail encontrado para a data 20260104.
[2026-04-25 09:03:35] [INFO] Pesquisando e-mail com termo: 'Bordero_R0490_20260110'
[2026-04-25 09:03:36] [INFO] Busca enviada para termo: Bordero_R0490_20260110
[2026-04-25 09:03:40] [WARNING] Nenhum e-mail encontrado para a data 20260110.
[2026-04-25 09:03:40] [INFO] Pesquisando e-mail com termo: 'Bordero_R0490_20260111'
[2026-04-25 09:03:40] [INFO] Busca enviada para termo: Bordero_R0490_20260111
[2026-04-25 09:03:44] [WARNING] Nenhum e-mail encontrado para a data 20260111.
[2026-04-25 09:03:44] [INFO] Pesquisando e-mail com termo: 'Bordero_R0490_20260117'
[2026-04-25 09:03:44] [INFO] Busca enviada para termo: Bordero_R0490_20260117
[2026-04-25 09:03:48] [WARNING] Nenhum e-mail encontrado para a data 20260117.
[2026-04-25 09:03:48] [INFO] Pesquisando e-mail com termo: 'Bordero_R0490_20260118'
[2026-04-25 09:03:48] [INFO] Busca enviada para termo: Bordero_R0490_20260118
[2026-04-25 09:03:52] [WARNING] Nenhum e-mail encontrado para a data 20260118.
[2026-04-25 09:03:52] [INFO] Pesquisando e-mail com termo: 'Bordero_R0490_20260124'
[2026-04-25 09:03:52] [INFO] Busca enviada para termo: Bordero_R0490_20260124
[2026-04-25 09:03:56] [WARNING] Nenhum e-mail encontrado para a data 20260124.
[2026-04-25 09:03:56] [INFO] Pesquisando e-mail com termo: 'Bordero_R0490_20260125'
[2026-04-25 09:03:57] [INFO] Busca enviada para termo: Bordero_R0490_20260125
[2026-04-25 09:04:01] [WARNING] Nenhum e-mail encontrado para a data 20260125.
[2026-04-25 09:04:01] [INFO] Pesquisando e-mail com termo: 'Bordero_R0490_20260131'
[2026-04-25 09:04:01] [INFO] Busca enviada para termo: Bordero_R0490_20260131
[2026-04-25 09:04:05] [WARNING] Nenhum e-mail encontrado para a data 20260131.
[2026-04-25 09:04:05] [INFO] Pesquisando e-mail com termo: 'Bordero_R0490_20260201'
[2026-04-25 09:04:05] [INFO] Busca enviada para termo: Bordero_R0490_20260201
[2026-04-25 09:04:09] [WARNING] Nenhum e-mail encontrado para a data 20260201.
[2026-04-25 09:04:09] [INFO] Pesquisando e-mail com termo: 'Bordero_R0490_20260202'
[2026-04-25 09:04:09] [INFO] Busca enviada para termo: Bordero_R0490_20260202
[2026-04-25 09:04:13] [WARNING] Nenhum e-mail encontrado para a data 20260202.
[2026-04-25 09:04:13] [INFO] Pesquisando e-mail com termo: 'Bordero_R0490_20260203'
[2026-04-25 09:04:14] [INFO] Busca enviada para termo: Bordero_R0490_20260203
[2026-04-25 09:04:18] [WARNING] Nenhum e-mail encontrado para a data 20260203.
[2026-04-25 09:04:18] [INFO] Pesquisando e-mail com termo: 'Bordero_R0490_20260207'
[2026-04-25 09:04:18] [INFO] Busca enviada para termo: Bordero_R0490_20260207
[2026-04-25 09:04:22] [WARNING] Nenhum e-mail encontrado para a data 20260207.
[2026-04-25 09:04:22] [INFO] Pesquisando e-mail com termo: 'Bordero_R0490_20260208'
[2026-04-25 09:04:22] [INFO] Busca enviada para termo: Bordero_R0490_20260208
[2026-04-25 09:04:26] [WARNING] Nenhum e-mail encontrado para a data 20260208.
[2026-04-25 09:04:26] [INFO] Pesquisando e-mail com termo: 'Bordero_R0490_20260214'
[2026-04-25 09:04:26] [INFO] Busca enviada para termo: Bordero_R0490_20260214
[2026-04-25 09:04:30] [WARNING] Nenhum e-mail encontrado para a data 20260214.
[2026-04-25 09:04:30] [INFO] Pesquisando e-mail com termo: 'Bordero_R0490_20260215'
[2026-04-25 09:04:30] [INFO] Busca enviada para termo: Bordero_R0490_20260215
[2026-04-25 09:04:34] [WARNING] Nenhum e-mail encontrado para a data 20260215.
[2026-04-25 09:04:34] [INFO] Pesquisando e-mail com termo: 'Bordero_R0490_20260220'
[2026-04-25 09:04:35] [INFO] Busca enviada para termo: Bordero_R0490_20260220
[2026-04-25 09:04:39] [WARNING] Nenhum e-mail encontrado para a data 20260220.
[2026-04-25 09:04:39] [INFO] Pesquisando e-mail com termo: 'Bordero_R0490_20260221'
[2026-04-25 09:04:39] [INFO] Busca enviada para termo: Bordero_R0490_20260221
[2026-04-25 09:04:43] [WARNING] Nenhum e-mail encontrado para a data 20260221.
[2026-04-25 09:04:43] [INFO] Pesquisando e-mail com termo: 'Bordero_R0490_20260222'
[2026-04-25 09:04:43] [INFO] Busca enviada para termo: Bordero_R0490_20260222
[2026-04-25 09:04:47] [WARNING] Nenhum e-mail encontrado para a data 20260222.
[2026-04-25 09:04:47] [INFO] Pesquisando e-mail com termo: 'Bordero_R0490_20260228'
[2026-04-25 09:04:47] [INFO] Busca enviada para termo: Bordero_R0490_20260228
[2026-04-25 09:04:51] [WARNING] Nenhum e-mail encontrado para a data 20260228.
[2026-04-25 09:04:51] [INFO] Pesquisando e-mail com termo: 'Bordero_R0490_20260301'
[2026-04-25 09:04:51] [INFO] Busca enviada para termo: Bordero_R0490_20260301
[2026-04-25 09:04:55] [WARNING] Nenhum e-mail encontrado para a data 20260301.
[2026-04-25 09:04:55] [INFO] Pesquisando e-mail com termo: 'Bordero_R0490_20260307'
[2026-04-25 09:04:56] [INFO] Busca enviada para termo: Bordero_R0490_20260307
[2026-04-25 09:05:00] [WARNING] Nenhum e-mail encontrado para a data 20260307.
[2026-04-25 09:05:00] [INFO] Pesquisando e-mail com termo: 'Bordero_R0490_20260308'
[2026-04-25 09:05:00] [INFO] Busca enviada para termo: Bordero_R0490_20260308
[2026-04-25 09:05:04] [WARNING] Nenhum e-mail encontrado para a data 20260308.
[2026-04-25 09:05:04] [INFO] Pesquisando e-mail com termo: 'Bordero_R0490_20260314'
[2026-04-25 09:05:04] [INFO] Busca enviada para termo: Bordero_R0490_20260314
[2026-04-25 09:05:08] [WARNING] Nenhum e-mail encontrado para a data 20260314.
[2026-04-25 09:05:08] [INFO] Pesquisando e-mail com termo: 'Bordero_R0490_20260315'
[2026-04-25 09:05:08] [INFO] Busca enviada para termo: Bordero_R0490_20260315
[2026-04-25 09:05:12] [WARNING] Nenhum e-mail encontrado para a data 20260315.
[2026-04-25 09:05:12] [INFO] Pesquisando e-mail com termo: 'Bordero_R0490_20260320'
[2026-04-25 09:05:12] [INFO] Busca enviada para termo: Bordero_R0490_20260320
[2026-04-25 09:05:16] [WARNING] Nenhum e-mail encontrado para a data 20260320.
[2026-04-25 09:05:16] [INFO] Pesquisando e-mail com termo: 'Bordero_R0490_20260321'
[2026-04-25 09:05:17] [INFO] Busca enviada para termo: Bordero_R0490_20260321
[2026-04-25 09:05:21] [WARNING] Nenhum e-mail encontrado para a data 20260321.
[2026-04-25 09:05:21] [INFO] Pesquisando e-mail com termo: 'Bordero_R0490_20260322'
[2026-04-25 09:05:21] [INFO] Busca enviada para termo: Bordero_R0490_20260322
[2026-04-25 09:05:25] [WARNING] Nenhum e-mail encontrado para a data 20260322.
[2026-04-25 09:05:25] [INFO] Pesquisando e-mail com termo: 'Bordero_R0490_20260324'
[2026-04-25 09:05:26] [INFO] Busca enviada para termo: Bordero_R0490_20260324
[2026-04-25 09:05:30] [WARNING] Nenhum e-mail encontrado para a data 20260324.
[2026-04-25 09:05:30] [INFO] Pesquisando e-mail com termo: 'Bordero_R0490_20260328'
[2026-04-25 09:05:30] [INFO] Busca enviada para termo: Bordero_R0490_20260328
[2026-04-25 09:05:34] [WARNING] Nenhum e-mail encontrado para a data 20260328.
[2026-04-25 09:05:34] [INFO] Pesquisando e-mail com termo: 'Bordero_R0490_20260329'
[2026-04-25 09:05:34] [INFO] Busca enviada para termo: Bordero_R0490_20260329
[2026-04-25 09:05:38] [WARNING] Nenhum e-mail encontrado para a data 20260329.
[2026-04-25 09:05:38] [INFO] Pesquisando e-mail com termo: 'Bordero_R0490_20260401'
[2026-04-25 09:05:38] [INFO] Busca enviada para termo: Bordero_R0490_20260401
[2026-04-25 09:05:42] [WARNING] Nenhum e-mail encontrado para a data 20260401.
[2026-04-25 09:05:42] [INFO] Pesquisando e-mail com termo: 'Bordero_R0490_20260404'
[2026-04-25 09:05:42] [INFO] Busca enviada para termo: Bordero_R0490_20260404
[2026-04-25 09:05:46] [WARNING] Nenhum e-mail encontrado para a data 20260404.
[2026-04-25 09:05:46] [INFO] Pesquisando e-mail com termo: 'Bordero_R0490_20260405'
[2026-04-25 09:05:47] [INFO] Busca enviada para termo: Bordero_R0490_20260405
[2026-04-25 09:05:51] [WARNING] Nenhum e-mail encontrado para a data 20260405.
[2026-04-25 09:05:51] [INFO] Pesquisando e-mail com termo: 'Bordero_R0490_20260407'
[2026-04-25 09:05:51] [INFO] Busca enviada para termo: Bordero_R0490_20260407
[2026-04-25 09:05:55] [WARNING] Nenhum e-mail encontrado para a data 20260407.
[2026-04-25 09:05:55] [INFO] Pesquisando e-mail com termo: 'Bordero_R0490_20260411'
[2026-04-25 09:05:55] [INFO] Busca enviada para termo: Bordero_R0490_20260411
[2026-04-25 09:05:59] [WARNING] Nenhum e-mail encontrado para a data 20260411.
[2026-04-25 09:05:59] [INFO] Pesquisando e-mail com termo: 'Bordero_R0490_20260412'
[2026-04-25 09:05:59] [INFO] Busca enviada para termo: Bordero_R0490_20260412
[2026-04-25 09:06:03] [WARNING] Nenhum e-mail encontrado para a data 20260412.
[2026-04-25 09:06:03] [INFO] Pesquisando e-mail com termo: 'Bordero_R0490_20260417'
[2026-04-25 09:06:03] [INFO] Busca enviada para termo: Bordero_R0490_20260417
[2026-04-25 09:06:07] [WARNING] Nenhum e-mail encontrado para a data 20260417.
[2026-04-25 09:06:07] [INFO] Pesquisando e-mail com termo: 'Bordero_R0490_20260418'
[2026-04-25 09:06:08] [INFO] Busca enviada para termo: Bordero_R0490_20260418
[2026-04-25 09:06:12] [WARNING] Nenhum e-mail encontrado para a data 20260418.
[2026-04-25 09:06:12] [INFO] Pesquisando e-mail com termo: 'Bordero_R0490_20260419'
[2026-04-25 09:06:12] [INFO] Busca enviada para termo: Bordero_R0490_20260419
[2026-04-25 09:06:16] [WARNING] Nenhum e-mail encontrado para a data 20260419.
[2026-04-25 09:06:16] [INFO] Pesquisando e-mail com termo: 'Bordero_R0490_20260425'
[2026-04-25 09:06:16] [INFO] Busca enviada para termo: Bordero_R0490_20260425
[2026-04-25 09:06:20] [WARNING] Nenhum e-mail encontrado para a data 20260425.
[2026-04-25 09:06:22] [INFO] Navegador encerrado.
[2026-04-26 09:00:03] [INFO] ====================================================================================================
[2026-04-26 09:00:03] [INFO]                          INICIANDO RPA PARA DOWNLOAD DE BORDERO NO WEBMAIL
[2026-04-26 09:00:03] [INFO]                                 Autor: John Kennedy | Versão: 1.0.3                                 
[2026-04-26 09:00:03] [INFO] ====================================================================================================
[2026-04-26 09:00:03] [INFO] Datas pendentes para buscar: 20250821, 20250823, 20250824, 20250830, 20250831, 20250906, 20250907, 20250913, 20250914, 20250920, 20250921, 20250927, 20250928, 20251004, 20251005, 20251011, 20251012, 20251018, 20251019, 20251022, 20251025, 20251026, 20251101, 20251102, 20251106, 20251108, 20251109, 20251115, 20251116, 20251122, 20251123, 20251124, 20251129, 20251130, 20251206, 20251207, 20251211, 20251213, 20251214, 20251217, 20251218, 20251220, 20251221, 20251227, 20251228, 20260103, 20260104, 20260110, 20260111, 20260117, 20260118, 20260124, 20260125, 20260131, 20260201, 20260202, 20260203, 20260207, 20260208, 20260214, 20260215, 20260220, 20260221, 20260222, 20260228, 20260301, 20260307, 20260308, 20260314, 20260315, 20260320, 20260321, 20260322, 20260324, 20260328, 20260329, 20260401, 20260404, 20260405, 20260407, 20260411, 20260412, 20260417, 20260418, 20260419, 20260425, 20260426
[2026-04-26 09:00:06] [INFO] Page.setDownloadBehavior configurado para: C:\Users\administrador\Downloads
[2026-04-26 09:00:06] [INFO] Chrome iniciado.
[2026-04-26 09:00:15] [INFO] Login realizado.
[2026-04-26 09:00:20] [INFO] Pesquisando e-mail com termo: 'Bordero_R0490_20250821'
[2026-04-26 09:00:20] [INFO] Busca enviada para termo: Bordero_R0490_20250821
[2026-04-26 09:00:24] [WARNING] Nenhum e-mail encontrado para a data 20250821.
[2026-04-26 09:00:24] [INFO] Pesquisando e-mail com termo: 'Bordero_R0490_20250823'
[2026-04-26 09:00:25] [INFO] Busca enviada para termo: Bordero_R0490_20250823
[2026-04-26 09:00:29] [WARNING] Nenhum e-mail encontrado para a data 20250823.
[2026-04-26 09:00:29] [INFO] Pesquisando e-mail com termo: 'Bordero_R0490_20250824'
[2026-04-26 09:00:29] [INFO] Busca enviada para termo: Bordero_R0490_20250824
[2026-04-26 09:00:33] [WARNING] Nenhum e-mail encontrado para a data 20250824.
[2026-04-26 09:00:33] [INFO] Pesquisando e-mail com termo: 'Bordero_R0490_20250830'
[2026-04-26 09:00:33] [INFO] Busca enviada para termo: Bordero_R0490_20250830
[2026-04-26 09:00:37] [WARNING] Nenhum e-mail encontrado para a data 20250830.
[2026-04-26 09:00:37] [INFO] Pesquisando e-mail com termo: 'Bordero_R0490_20250831'
[2026-04-26 09:00:37] [INFO] Busca enviada para termo: Bordero_R0490_20250831
[2026-04-26 09:00:41] [WARNING] Nenhum e-mail encontrado para a data 20250831.
[2026-04-26 09:00:41] [INFO] Pesquisando e-mail com termo: 'Bordero_R0490_20250906'
[2026-04-26 09:00:41] [INFO] Busca enviada para termo: Bordero_R0490_20250906
[2026-04-26 09:00:45] [WARNING] Nenhum e-mail encontrado para a data 20250906.
[2026-04-26 09:00:45] [INFO] Pesquisando e-mail com termo: 'Bordero_R0490_20250907'
[2026-04-26 09:00:46] [INFO] Busca enviada para termo: Bordero_R0490_20250907
[2026-04-26 09:00:50] [WARNING] Nenhum e-mail encontrado para a data 20250907.
[2026-04-26 09:00:50] [INFO] Pesquisando e-mail com termo: 'Bordero_R0490_20250913'
[2026-04-26 09:00:50] [INFO] Busca enviada para termo: Bordero_R0490_20250913
[2026-04-26 09:00:54] [WARNING] Nenhum e-mail encontrado para a data 20250913.
[2026-04-26 09:00:54] [INFO] Pesquisando e-mail com termo: 'Bordero_R0490_20250914'
[2026-04-26 09:00:54] [INFO] Busca enviada para termo: Bordero_R0490_20250914
[2026-04-26 09:00:58] [WARNING] Nenhum e-mail encontrado para a data 20250914.
[2026-04-26 09:00:58] [INFO] Pesquisando e-mail com termo: 'Bordero_R0490_20250920'
[2026-04-26 09:00:58] [INFO] Busca enviada para termo: Bordero_R0490_20250920
[2026-04-26 09:01:02] [WARNING] Nenhum e-mail encontrado para a data 20250920.
[2026-04-26 09:01:02] [INFO] Pesquisando e-mail com termo: 'Bordero_R0490_20250921'
[2026-04-26 09:01:02] [INFO] Busca enviada para termo: Bordero_R0490_20250921
[2026-04-26 09:01:06] [WARNING] Nenhum e-mail encontrado para a data 20250921.
[2026-04-26 09:01:06] [INFO] Pesquisando e-mail com termo: 'Bordero_R0490_20250927'
[2026-04-26 09:01:07] [INFO] Busca enviada para termo: Bordero_R0490_20250927
[2026-04-26 09:01:11] [WARNING] Nenhum e-mail encontrado para a data 20250927.
[2026-04-26 09:01:11] [INFO] Pesquisando e-mail com termo: 'Bordero_R0490_20250928'
[2026-04-26 09:01:11] [INFO] Busca enviada para termo: Bordero_R0490_20250928
[2026-04-26 09:01:15] [WARNING] Nenhum e-mail encontrado para a data 20250928.
[2026-04-26 09:01:15] [INFO] Pesquisando e-mail com termo: 'Bordero_R0490_20251004'
[2026-04-26 09:01:15] [INFO] Busca enviada para termo: Bordero_R0490_20251004
[2026-04-26 09:01:19] [WARNING] Nenhum e-mail encontrado para a data 20251004.
[2026-04-26 09:01:19] [INFO] Pesquisando e-mail com termo: 'Bordero_R0490_20251005'
[2026-04-26 09:01:19] [INFO] Busca enviada para termo: Bordero_R0490_20251005
[2026-04-26 09:01:23] [WARNING] Nenhum e-mail encontrado para a data 20251005.
[2026-04-26 09:01:23] [INFO] Pesquisando e-mail com termo: 'Bordero_R0490_20251011'
[2026-04-26 09:01:23] [INFO] Busca enviada para termo: Bordero_R0490_20251011
[2026-04-26 09:01:27] [WARNING] Nenhum e-mail encontrado para a data 20251011.
[2026-04-26 09:01:27] [INFO] Pesquisando e-mail com termo: 'Bordero_R0490_20251012'
[2026-04-26 09:01:28] [INFO] Busca enviada para termo: Bordero_R0490_20251012
[2026-04-26 09:01:32] [WARNING] Nenhum e-mail encontrado para a data 20251012.
[2026-04-26 09:01:32] [INFO] Pesquisando e-mail com termo: 'Bordero_R0490_20251018'
[2026-04-26 09:01:32] [INFO] Busca enviada para termo: Bordero_R0490_20251018
[2026-04-26 09:01:36] [WARNING] Nenhum e-mail encontrado para a data 20251018.
[2026-04-26 09:01:36] [INFO] Pesquisando e-mail com termo: 'Bordero_R0490_20251019'
[2026-04-26 09:01:36] [INFO] Busca enviada para termo: Bordero_R0490_20251019
[2026-04-26 09:01:40] [WARNING] Nenhum e-mail encontrado para a data 20251019.
[2026-04-26 09:01:40] [INFO] Pesquisando e-mail com termo: 'Bordero_R0490_20251022'
[2026-04-26 09:01:40] [INFO] Busca enviada para termo: Bordero_R0490_20251022
[2026-04-26 09:01:44] [WARNING] Nenhum e-mail encontrado para a data 20251022.
[2026-04-26 09:01:44] [INFO] Pesquisando e-mail com termo: 'Bordero_R0490_20251025'
[2026-04-26 09:01:45] [INFO] Busca enviada para termo: Bordero_R0490_20251025
[2026-04-26 09:01:49] [WARNING] Nenhum e-mail encontrado para a data 20251025.
[2026-04-26 09:01:49] [INFO] Pesquisando e-mail com termo: 'Bordero_R0490_20251026'
[2026-04-26 09:01:49] [INFO] Busca enviada para termo: Bordero_R0490_20251026
[2026-04-26 09:01:53] [WARNING] Nenhum e-mail encontrado para a data 20251026.
[2026-04-26 09:01:53] [INFO] Pesquisando e-mail com termo: 'Bordero_R0490_20251101'
[2026-04-26 09:01:53] [INFO] Busca enviada para termo: Bordero_R0490_20251101
[2026-04-26 09:01:57] [WARNING] Nenhum e-mail encontrado para a data 20251101.
[2026-04-26 09:01:57] [INFO] Pesquisando e-mail com termo: 'Bordero_R0490_20251102'
[2026-04-26 09:01:57] [INFO] Busca enviada para termo: Bordero_R0490_20251102
[2026-04-26 09:02:01] [WARNING] Nenhum e-mail encontrado para a data 20251102.
[2026-04-26 09:02:01] [INFO] Pesquisando e-mail com termo: 'Bordero_R0490_20251106'
[2026-04-26 09:02:01] [INFO] Busca enviada para termo: Bordero_R0490_20251106
[2026-04-26 09:02:05] [WARNING] Nenhum e-mail encontrado para a data 20251106.
[2026-04-26 09:02:05] [INFO] Pesquisando e-mail com termo: 'Bordero_R0490_20251108'
[2026-04-26 09:02:06] [INFO] Busca enviada para termo: Bordero_R0490_20251108
[2026-04-26 09:02:10] [WARNING] Nenhum e-mail encontrado para a data 20251108.
[2026-04-26 09:02:10] [INFO] Pesquisando e-mail com termo: 'Bordero_R0490_20251109'
[2026-04-26 09:02:10] [INFO] Busca enviada para termo: Bordero_R0490_20251109
[2026-04-26 09:02:14] [WARNING] Nenhum e-mail encontrado para a data 20251109.
[2026-04-26 09:02:14] [INFO] Pesquisando e-mail com termo: 'Bordero_R0490_20251115'
[2026-04-26 09:02:14] [INFO] Busca enviada para termo: Bordero_R0490_20251115
[2026-04-26 09:02:18] [WARNING] Nenhum e-mail encontrado para a data 20251115.
[2026-04-26 09:02:18] [INFO] Pesquisando e-mail com termo: 'Bordero_R0490_20251116'
[2026-04-26 09:02:18] [INFO] Busca enviada para termo: Bordero_R0490_20251116
[2026-04-26 09:02:22] [WARNING] Nenhum e-mail encontrado para a data 20251116.
[2026-04-26 09:02:22] [INFO] Pesquisando e-mail com termo: 'Bordero_R0490_20251122'
[2026-04-26 09:02:22] [INFO] Busca enviada para termo: Bordero_R0490_20251122
[2026-04-26 09:02:26] [WARNING] Nenhum e-mail encontrado para a data 20251122.
[2026-04-26 09:02:26] [INFO] Pesquisando e-mail com termo: 'Bordero_R0490_20251123'
[2026-04-26 09:02:27] [INFO] Busca enviada para termo: Bordero_R0490_20251123
[2026-04-26 09:02:31] [WARNING] Nenhum e-mail encontrado para a data 20251123.
[2026-04-26 09:02:31] [INFO] Pesquisando e-mail com termo: 'Bordero_R0490_20251124'
[2026-04-26 09:02:31] [INFO] Busca enviada para termo: Bordero_R0490_20251124
[2026-04-26 09:02:35] [WARNING] Nenhum e-mail encontrado para a data 20251124.
[2026-04-26 09:02:35] [INFO] Pesquisando e-mail com termo: 'Bordero_R0490_20251129'
[2026-04-26 09:02:35] [INFO] Busca enviada para termo: Bordero_R0490_20251129
[2026-04-26 09:02:39] [WARNING] Nenhum e-mail encontrado para a data 20251129.
[2026-04-26 09:02:39] [INFO] Pesquisando e-mail com termo: 'Bordero_R0490_20251130'
[2026-04-26 09:02:39] [INFO] Busca enviada para termo: Bordero_R0490_20251130
[2026-04-26 09:02:43] [WARNING] Nenhum e-mail encontrado para a data 20251130.
[2026-04-26 09:02:43] [INFO] Pesquisando e-mail com termo: 'Bordero_R0490_20251206'
[2026-04-26 09:02:43] [INFO] Busca enviada para termo: Bordero_R0490_20251206
[2026-04-26 09:02:47] [WARNING] Nenhum e-mail encontrado para a data 20251206.
[2026-04-26 09:02:47] [INFO] Pesquisando e-mail com termo: 'Bordero_R0490_20251207'
[2026-04-26 09:02:47] [INFO] Busca enviada para termo: Bordero_R0490_20251207
[2026-04-26 09:02:52] [WARNING] Nenhum e-mail encontrado para a data 20251207.
[2026-04-26 09:02:52] [INFO] Pesquisando e-mail com termo: 'Bordero_R0490_20251211'
[2026-04-26 09:02:52] [INFO] Busca enviada para termo: Bordero_R0490_20251211
[2026-04-26 09:02:56] [WARNING] Nenhum e-mail encontrado para a data 20251211.
[2026-04-26 09:02:56] [INFO] Pesquisando e-mail com termo: 'Bordero_R0490_20251213'
[2026-04-26 09:02:56] [INFO] Busca enviada para termo: Bordero_R0490_20251213
[2026-04-26 09:03:00] [WARNING] Nenhum e-mail encontrado para a data 20251213.
[2026-04-26 09:03:00] [INFO] Pesquisando e-mail com termo: 'Bordero_R0490_20251214'
[2026-04-26 09:03:00] [INFO] Busca enviada para termo: Bordero_R0490_20251214
[2026-04-26 09:03:04] [WARNING] Nenhum e-mail encontrado para a data 20251214.
[2026-04-26 09:03:04] [INFO] Pesquisando e-mail com termo: 'Bordero_R0490_20251217'
[2026-04-26 09:03:04] [INFO] Busca enviada para termo: Bordero_R0490_20251217
[2026-04-26 09:03:08] [WARNING] Nenhum e-mail encontrado para a data 20251217.
[2026-04-26 09:03:08] [INFO] Pesquisando e-mail com termo: 'Bordero_R0490_20251218'
[2026-04-26 09:03:09] [INFO] Busca enviada para termo: Bordero_R0490_20251218
[2026-04-26 09:03:13] [WARNING] Nenhum e-mail encontrado para a data 20251218.
[2026-04-26 09:03:13] [INFO] Pesquisando e-mail com termo: 'Bordero_R0490_20251220'
[2026-04-26 09:03:13] [INFO] Busca enviada para termo: Bordero_R0490_20251220
[2026-04-26 09:03:17] [WARNING] Nenhum e-mail encontrado para a data 20251220.
[2026-04-26 09:03:17] [INFO] Pesquisando e-mail com termo: 'Bordero_R0490_20251221'
[2026-04-26 09:03:17] [INFO] Busca enviada para termo: Bordero_R0490_20251221
[2026-04-26 09:03:21] [WARNING] Nenhum e-mail encontrado para a data 20251221.
[2026-04-26 09:03:21] [INFO] Pesquisando e-mail com termo: 'Bordero_R0490_20251227'
[2026-04-26 09:03:21] [INFO] Busca enviada para termo: Bordero_R0490_20251227
[2026-04-26 09:03:25] [WARNING] Nenhum e-mail encontrado para a data 20251227.
[2026-04-26 09:03:25] [INFO] Pesquisando e-mail com termo: 'Bordero_R0490_20251228'
[2026-04-26 09:03:25] [INFO] Busca enviada para termo: Bordero_R0490_20251228
[2026-04-26 09:03:29] [WARNING] Nenhum e-mail encontrado para a data 20251228.
[2026-04-26 09:03:29] [INFO] Pesquisando e-mail com termo: 'Bordero_R0490_20260103'
[2026-04-26 09:03:30] [INFO] Busca enviada para termo: Bordero_R0490_20260103
[2026-04-26 09:03:34] [WARNING] Nenhum e-mail encontrado para a data 20260103.
[2026-04-26 09:03:34] [INFO] Pesquisando e-mail com termo: 'Bordero_R0490_20260104'
[2026-04-26 09:03:34] [INFO] Busca enviada para termo: Bordero_R0490_20260104
[2026-04-26 09:03:38] [WARNING] Nenhum e-mail encontrado para a data 20260104.
[2026-04-26 09:03:38] [INFO] Pesquisando e-mail com termo: 'Bordero_R0490_20260110'
[2026-04-26 09:03:38] [INFO] Busca enviada para termo: Bordero_R0490_20260110
[2026-04-26 09:03:42] [WARNING] Nenhum e-mail encontrado para a data 20260110.
[2026-04-26 09:03:42] [INFO] Pesquisando e-mail com termo: 'Bordero_R0490_20260111'
[2026-04-26 09:03:42] [INFO] Busca enviada para termo: Bordero_R0490_20260111
[2026-04-26 09:03:46] [WARNING] Nenhum e-mail encontrado para a data 20260111.
[2026-04-26 09:03:46] [INFO] Pesquisando e-mail com termo: 'Bordero_R0490_20260117'
[2026-04-26 09:03:47] [INFO] Busca enviada para termo: Bordero_R0490_20260117
[2026-04-26 09:03:51] [WARNING] Nenhum e-mail encontrado para a data 20260117.
[2026-04-26 09:03:51] [INFO] Pesquisando e-mail com termo: 'Bordero_R0490_20260118'
[2026-04-26 09:03:51] [INFO] Busca enviada para termo: Bordero_R0490_20260118
[2026-04-26 09:03:55] [WARNING] Nenhum e-mail encontrado para a data 20260118.
[2026-04-26 09:03:55] [INFO] Pesquisando e-mail com termo: 'Bordero_R0490_20260124'
[2026-04-26 09:03:55] [INFO] Busca enviada para termo: Bordero_R0490_20260124
[2026-04-26 09:03:59] [WARNING] Nenhum e-mail encontrado para a data 20260124.
[2026-04-26 09:03:59] [INFO] Pesquisando e-mail com termo: 'Bordero_R0490_20260125'
[2026-04-26 09:04:00] [INFO] Busca enviada para termo: Bordero_R0490_20260125
[2026-04-26 09:04:04] [WARNING] Nenhum e-mail encontrado para a data 20260125.
[2026-04-26 09:04:04] [INFO] Pesquisando e-mail com termo: 'Bordero_R0490_20260131'
[2026-04-26 09:04:04] [INFO] Busca enviada para termo: Bordero_R0490_20260131
[2026-04-26 09:04:08] [WARNING] Nenhum e-mail encontrado para a data 20260131.
[2026-04-26 09:04:08] [INFO] Pesquisando e-mail com termo: 'Bordero_R0490_20260201'
[2026-04-26 09:04:08] [INFO] Busca enviada para termo: Bordero_R0490_20260201
[2026-04-26 09:04:12] [WARNING] Nenhum e-mail encontrado para a data 20260201.
[2026-04-26 09:04:12] [INFO] Pesquisando e-mail com termo: 'Bordero_R0490_20260202'
[2026-04-26 09:04:12] [INFO] Busca enviada para termo: Bordero_R0490_20260202
[2026-04-26 09:04:16] [WARNING] Nenhum e-mail encontrado para a data 20260202.
[2026-04-26 09:04:16] [INFO] Pesquisando e-mail com termo: 'Bordero_R0490_20260203'
[2026-04-26 09:04:16] [INFO] Busca enviada para termo: Bordero_R0490_20260203
[2026-04-26 09:04:20] [WARNING] Nenhum e-mail encontrado para a data 20260203.
[2026-04-26 09:04:20] [INFO] Pesquisando e-mail com termo: 'Bordero_R0490_20260207'
[2026-04-26 09:04:21] [INFO] Busca enviada para termo: Bordero_R0490_20260207
[2026-04-26 09:04:25] [WARNING] Nenhum e-mail encontrado para a data 20260207.
[2026-04-26 09:04:25] [INFO] Pesquisando e-mail com termo: 'Bordero_R0490_20260208'
[2026-04-26 09:04:25] [INFO] Busca enviada para termo: Bordero_R0490_20260208
[2026-04-26 09:04:29] [WARNING] Nenhum e-mail encontrado para a data 20260208.
[2026-04-26 09:04:29] [INFO] Pesquisando e-mail com termo: 'Bordero_R0490_20260214'
[2026-04-26 09:04:29] [INFO] Busca enviada para termo: Bordero_R0490_20260214
[2026-04-26 09:04:33] [WARNING] Nenhum e-mail encontrado para a data 20260214.
[2026-04-26 09:04:33] [INFO] Pesquisando e-mail com termo: 'Bordero_R0490_20260215'
[2026-04-26 09:04:33] [INFO] Busca enviada para termo: Bordero_R0490_20260215
[2026-04-26 09:04:37] [WARNING] Nenhum e-mail encontrado para a data 20260215.
[2026-04-26 09:04:37] [INFO] Pesquisando e-mail com termo: 'Bordero_R0490_20260220'
[2026-04-26 09:04:37] [INFO] Busca enviada para termo: Bordero_R0490_20260220
[2026-04-26 09:04:41] [WARNING] Nenhum e-mail encontrado para a data 20260220.
[2026-04-26 09:04:41] [INFO] Pesquisando e-mail com termo: 'Bordero_R0490_20260221'
[2026-04-26 09:04:42] [INFO] Busca enviada para termo: Bordero_R0490_20260221
[2026-04-26 09:04:46] [WARNING] Nenhum e-mail encontrado para a data 20260221.
[2026-04-26 09:04:46] [INFO] Pesquisando e-mail com termo: 'Bordero_R0490_20260222'
[2026-04-26 09:04:46] [INFO] Busca enviada para termo: Bordero_R0490_20260222
[2026-04-26 09:04:50] [WARNING] Nenhum e-mail encontrado para a data 20260222.
[2026-04-26 09:04:50] [INFO] Pesquisando e-mail com termo: 'Bordero_R0490_20260228'
[2026-04-26 09:04:50] [INFO] Busca enviada para termo: Bordero_R0490_20260228
[2026-04-26 09:04:54] [WARNING] Nenhum e-mail encontrado para a data 20260228.
[2026-04-26 09:04:54] [INFO] Pesquisando e-mail com termo: 'Bordero_R0490_20260301'
[2026-04-26 09:04:54] [INFO] Busca enviada para termo: Bordero_R0490_20260301
[2026-04-26 09:04:58] [WARNING] Nenhum e-mail encontrado para a data 20260301.
[2026-04-26 09:04:58] [INFO] Pesquisando e-mail com termo: 'Bordero_R0490_20260307'
[2026-04-26 09:04:58] [INFO] Busca enviada para termo: Bordero_R0490_20260307
[2026-04-26 09:05:02] [WARNING] Nenhum e-mail encontrado para a data 20260307.
[2026-04-26 09:05:02] [INFO] Pesquisando e-mail com termo: 'Bordero_R0490_20260308'
[2026-04-26 09:05:03] [INFO] Busca enviada para termo: Bordero_R0490_20260308
[2026-04-26 09:05:07] [WARNING] Nenhum e-mail encontrado para a data 20260308.
[2026-04-26 09:05:07] [INFO] Pesquisando e-mail com termo: 'Bordero_R0490_20260314'
[2026-04-26 09:05:07] [INFO] Busca enviada para termo: Bordero_R0490_20260314
[2026-04-26 09:05:11] [WARNING] Nenhum e-mail encontrado para a data 20260314.
[2026-04-26 09:05:11] [INFO] Pesquisando e-mail com termo: 'Bordero_R0490_20260315'
[2026-04-26 09:05:11] [INFO] Busca enviada para termo: Bordero_R0490_20260315
[2026-04-26 09:05:15] [WARNING] Nenhum e-mail encontrado para a data 20260315.
[2026-04-26 09:05:15] [INFO] Pesquisando e-mail com termo: 'Bordero_R0490_20260320'
[2026-04-26 09:05:15] [INFO] Busca enviada para termo: Bordero_R0490_20260320
[2026-04-26 09:05:19] [WARNING] Nenhum e-mail encontrado para a data 20260320.
[2026-04-26 09:05:19] [INFO] Pesquisando e-mail com termo: 'Bordero_R0490_20260321'
[2026-04-26 09:05:19] [INFO] Busca enviada para termo: Bordero_R0490_20260321
[2026-04-26 09:05:23] [WARNING] Nenhum e-mail encontrado para a data 20260321.
[2026-04-26 09:05:23] [INFO] Pesquisando e-mail com termo: 'Bordero_R0490_20260322'
[2026-04-26 09:05:24] [INFO] Busca enviada para termo: Bordero_R0490_20260322
[2026-04-26 09:05:28] [WARNING] Nenhum e-mail encontrado para a data 20260322.
[2026-04-26 09:05:28] [INFO] Pesquisando e-mail com termo: 'Bordero_R0490_20260324'
[2026-04-26 09:05:28] [INFO] Busca enviada para termo: Bordero_R0490_20260324
[2026-04-26 09:05:32] [WARNING] Nenhum e-mail encontrado para a data 20260324.
[2026-04-26 09:05:32] [INFO] Pesquisando e-mail com termo: 'Bordero_R0490_20260328'
[2026-04-26 09:05:32] [INFO] Busca enviada para termo: Bordero_R0490_20260328
[2026-04-26 09:05:36] [WARNING] Nenhum e-mail encontrado para a data 20260328.
[2026-04-26 09:05:36] [INFO] Pesquisando e-mail com termo: 'Bordero_R0490_20260329'
[2026-04-26 09:05:36] [INFO] Busca enviada para termo: Bordero_R0490_20260329
[2026-04-26 09:05:40] [WARNING] Nenhum e-mail encontrado para a data 20260329.
[2026-04-26 09:05:40] [INFO] Pesquisando e-mail com termo: 'Bordero_R0490_20260401'
[2026-04-26 09:05:40] [INFO] Busca enviada para termo: Bordero_R0490_20260401
[2026-04-26 09:05:44] [WARNING] Nenhum e-mail encontrado para a data 20260401.
[2026-04-26 09:05:44] [INFO] Pesquisando e-mail com termo: 'Bordero_R0490_20260404'
[2026-04-26 09:05:45] [INFO] Busca enviada para termo: Bordero_R0490_20260404
[2026-04-26 09:05:49] [WARNING] Nenhum e-mail encontrado para a data 20260404.
[2026-04-26 09:05:49] [INFO] Pesquisando e-mail com termo: 'Bordero_R0490_20260405'
[2026-04-26 09:05:49] [INFO] Busca enviada para termo: Bordero_R0490_20260405
[2026-04-26 09:05:53] [WARNING] Nenhum e-mail encontrado para a data 20260405.
[2026-04-26 09:05:53] [INFO] Pesquisando e-mail com termo: 'Bordero_R0490_20260407'
[2026-04-26 09:05:53] [INFO] Busca enviada para termo: Bordero_R0490_20260407
[2026-04-26 09:05:57] [WARNING] Nenhum e-mail encontrado para a data 20260407.
[2026-04-26 09:05:57] [INFO] Pesquisando e-mail com termo: 'Bordero_R0490_20260411'
[2026-04-26 09:05:57] [INFO] Busca enviada para termo: Bordero_R0490_20260411
[2026-04-26 09:06:01] [WARNING] Nenhum e-mail encontrado para a data 20260411.
[2026-04-26 09:06:01] [INFO] Pesquisando e-mail com termo: 'Bordero_R0490_20260412'
[2026-04-26 09:06:01] [INFO] Busca enviada para termo: Bordero_R0490_20260412
[2026-04-26 09:06:05] [WARNING] Nenhum e-mail encontrado para a data 20260412.
[2026-04-26 09:06:05] [INFO] Pesquisando e-mail com termo: 'Bordero_R0490_20260417'
[2026-04-26 09:06:06] [INFO] Busca enviada para termo: Bordero_R0490_20260417
[2026-04-26 09:06:10] [WARNING] Nenhum e-mail encontrado para a data 20260417.
[2026-04-26 09:06:10] [INFO] Pesquisando e-mail com termo: 'Bordero_R0490_20260418'
[2026-04-26 09:06:10] [INFO] Busca enviada para termo: Bordero_R0490_20260418
[2026-04-26 09:06:14] [WARNING] Nenhum e-mail encontrado para a data 20260418.
[2026-04-26 09:06:14] [INFO] Pesquisando e-mail com termo: 'Bordero_R0490_20260419'
[2026-04-26 09:06:14] [INFO] Busca enviada para termo: Bordero_R0490_20260419
[2026-04-26 09:06:18] [WARNING] Nenhum e-mail encontrado para a data 20260419.
[2026-04-26 09:06:18] [INFO] Pesquisando e-mail com termo: 'Bordero_R0490_20260425'
[2026-04-26 09:06:18] [INFO] Busca enviada para termo: Bordero_R0490_20260425
[2026-04-26 09:06:22] [WARNING] Nenhum e-mail encontrado para a data 20260425.
[2026-04-26 09:06:22] [INFO] Pesquisando e-mail com termo: 'Bordero_R0490_20260426'
[2026-04-26 09:06:22] [INFO] Busca enviada para termo: Bordero_R0490_20260426
[2026-04-26 09:06:26] [WARNING] Nenhum e-mail encontrado para a data 20260426.
[2026-04-26 09:06:29] [INFO] Navegador encerrado.
[2026-04-27 09:00:03] [INFO] ====================================================================================================
[2026-04-27 09:00:03] [INFO]                          INICIANDO RPA PARA DOWNLOAD DE BORDERO NO WEBMAIL
[2026-04-27 09:00:03] [INFO]                                 Autor: John Kennedy | Versão: 1.0.3                                 
[2026-04-27 09:00:03] [INFO] ====================================================================================================
[2026-04-27 09:00:03] [INFO] Datas pendentes para buscar: 20250821, 20250823, 20250824, 20250830, 20250831, 20250906, 20250907, 20250913, 20250914, 20250920, 20250921, 20250927, 20250928, 20251004, 20251005, 20251011, 20251012, 20251018, 20251019, 20251022, 20251025, 20251026, 20251101, 20251102, 20251106, 20251108, 20251109, 20251115, 20251116, 20251122, 20251123, 20251124, 20251129, 20251130, 20251206, 20251207, 20251211, 20251213, 20251214, 20251217, 20251218, 20251220, 20251221, 20251227, 20251228, 20260103, 20260104, 20260110, 20260111, 20260117, 20260118, 20260124, 20260125, 20260131, 20260201, 20260202, 20260203, 20260207, 20260208, 20260214, 20260215, 20260220, 20260221, 20260222, 20260228, 20260301, 20260307, 20260308, 20260314, 20260315, 20260320, 20260321, 20260322, 20260324, 20260328, 20260329, 20260401, 20260404, 20260405, 20260407, 20260411, 20260412, 20260417, 20260418, 20260419, 20260425, 20260426, 20260427
[2026-04-27 09:00:08] [INFO] Page.setDownloadBehavior configurado para: C:\Users\administrador\Downloads
[2026-04-27 09:00:08] [INFO] Chrome iniciado.
[2026-04-27 09:00:17] [INFO] Login realizado.
[2026-04-27 09:00:22] [INFO] Pesquisando e-mail com termo: 'Bordero_R0490_20250821'
[2026-04-27 09:00:22] [INFO] Busca enviada para termo: Bordero_R0490_20250821
[2026-04-27 09:00:26] [WARNING] Nenhum e-mail encontrado para a data 20250821.
[2026-04-27 09:00:26] [INFO] Pesquisando e-mail com termo: 'Bordero_R0490_20250823'
[2026-04-27 09:00:26] [INFO] Busca enviada para termo: Bordero_R0490_20250823
[2026-04-27 09:00:30] [WARNING] Nenhum e-mail encontrado para a data 20250823.
[2026-04-27 09:00:30] [INFO] Pesquisando e-mail com termo: 'Bordero_R0490_20250824'
[2026-04-27 09:00:30] [INFO] Busca enviada para termo: Bordero_R0490_20250824
[2026-04-27 09:00:34] [WARNING] Nenhum e-mail encontrado para a data 20250824.
[2026-04-27 09:00:34] [INFO] Pesquisando e-mail com termo: 'Bordero_R0490_20250830'
[2026-04-27 09:00:35] [INFO] Busca enviada para termo: Bordero_R0490_20250830
[2026-04-27 09:00:39] [WARNING] Nenhum e-mail encontrado para a data 20250830.
[2026-04-27 09:00:39] [INFO] Pesquisando e-mail com termo: 'Bordero_R0490_20250831'
[2026-04-27 09:00:39] [INFO] Busca enviada para termo: Bordero_R0490_20250831
[2026-04-27 09:00:43] [WARNING] Nenhum e-mail encontrado para a data 20250831.
[2026-04-27 09:00:43] [INFO] Pesquisando e-mail com termo: 'Bordero_R0490_20250906'
[2026-04-27 09:00:43] [INFO] Busca enviada para termo: Bordero_R0490_20250906
[2026-04-27 09:00:47] [WARNING] Nenhum e-mail encontrado para a data 20250906.
[2026-04-27 09:00:47] [INFO] Pesquisando e-mail com termo: 'Bordero_R0490_20250907'
[2026-04-27 09:00:47] [INFO] Busca enviada para termo: Bordero_R0490_20250907
[2026-04-27 09:00:51] [WARNING] Nenhum e-mail encontrado para a data 20250907.
[2026-04-27 09:00:51] [INFO] Pesquisando e-mail com termo: 'Bordero_R0490_20250913'
[2026-04-27 09:00:52] [INFO] Busca enviada para termo: Bordero_R0490_20250913
[2026-04-27 09:00:56] [WARNING] Nenhum e-mail encontrado para a data 20250913.
[2026-04-27 09:00:56] [INFO] Pesquisando e-mail com termo: 'Bordero_R0490_20250914'
[2026-04-27 09:00:56] [INFO] Busca enviada para termo: Bordero_R0490_20250914
[2026-04-27 09:01:00] [WARNING] Nenhum e-mail encontrado para a data 20250914.
[2026-04-27 09:01:00] [INFO] Pesquisando e-mail com termo: 'Bordero_R0490_20250920'
[2026-04-27 09:01:00] [INFO] Busca enviada para termo: Bordero_R0490_20250920
[2026-04-27 09:01:04] [WARNING] Nenhum e-mail encontrado para a data 20250920.
[2026-04-27 09:01:04] [INFO] Pesquisando e-mail com termo: 'Bordero_R0490_20250921'
[2026-04-27 09:01:04] [INFO] Busca enviada para termo: Bordero_R0490_20250921
[2026-04-27 09:01:08] [WARNING] Nenhum e-mail encontrado para a data 20250921.
[2026-04-27 09:01:08] [INFO] Pesquisando e-mail com termo: 'Bordero_R0490_20250927'
[2026-04-27 09:01:08] [INFO] Busca enviada para termo: Bordero_R0490_20250927
[2026-04-27 09:01:12] [WARNING] Nenhum e-mail encontrado para a data 20250927.
[2026-04-27 09:01:12] [INFO] Pesquisando e-mail com termo: 'Bordero_R0490_20250928'
[2026-04-27 09:01:13] [INFO] Busca enviada para termo: Bordero_R0490_20250928
[2026-04-27 09:01:17] [WARNING] Nenhum e-mail encontrado para a data 20250928.
[2026-04-27 09:01:17] [INFO] Pesquisando e-mail com termo: 'Bordero_R0490_20251004'
[2026-04-27 09:01:17] [INFO] Busca enviada para termo: Bordero_R0490_20251004
[2026-04-27 09:01:21] [WARNING] Nenhum e-mail encontrado para a data 20251004.
[2026-04-27 09:01:21] [INFO] Pesquisando e-mail com termo: 'Bordero_R0490_20251005'
[2026-04-27 09:01:21] [INFO] Busca enviada para termo: Bordero_R0490_20251005
[2026-04-27 09:01:25] [WARNING] Nenhum e-mail encontrado para a data 20251005.
[2026-04-27 09:01:25] [INFO] Pesquisando e-mail com termo: 'Bordero_R0490_20251011'
[2026-04-27 09:01:25] [INFO] Busca enviada para termo: Bordero_R0490_20251011
[2026-04-27 09:01:29] [WARNING] Nenhum e-mail encontrado para a data 20251011.
[2026-04-27 09:01:29] [INFO] Pesquisando e-mail com termo: 'Bordero_R0490_20251012'
[2026-04-27 09:01:30] [INFO] Busca enviada para termo: Bordero_R0490_20251012
[2026-04-27 09:01:34] [WARNING] Nenhum e-mail encontrado para a data 20251012.
[2026-04-27 09:01:34] [INFO] Pesquisando e-mail com termo: 'Bordero_R0490_20251018'
[2026-04-27 09:01:34] [INFO] Busca enviada para termo: Bordero_R0490_20251018
[2026-04-27 09:01:38] [WARNING] Nenhum e-mail encontrado para a data 20251018.
[2026-04-27 09:01:38] [INFO] Pesquisando e-mail com termo: 'Bordero_R0490_20251019'
[2026-04-27 09:01:38] [INFO] Busca enviada para termo: Bordero_R0490_20251019
[2026-04-27 09:01:42] [WARNING] Nenhum e-mail encontrado para a data 20251019.
[2026-04-27 09:01:42] [INFO] Pesquisando e-mail com termo: 'Bordero_R0490_20251022'
[2026-04-27 09:01:42] [INFO] Busca enviada para termo: Bordero_R0490_20251022
[2026-04-27 09:01:46] [WARNING] Nenhum e-mail encontrado para a data 20251022.
[2026-04-27 09:01:46] [INFO] Pesquisando e-mail com termo: 'Bordero_R0490_20251025'
[2026-04-27 09:01:46] [INFO] Busca enviada para termo: Bordero_R0490_20251025
[2026-04-27 09:01:50] [WARNING] Nenhum e-mail encontrado para a data 20251025.
[2026-04-27 09:01:50] [INFO] Pesquisando e-mail com termo: 'Bordero_R0490_20251026'
[2026-04-27 09:01:51] [INFO] Busca enviada para termo: Bordero_R0490_20251026
[2026-04-27 09:01:55] [WARNING] Nenhum e-mail encontrado para a data 20251026.
[2026-04-27 09:01:55] [INFO] Pesquisando e-mail com termo: 'Bordero_R0490_20251101'
[2026-04-27 09:01:55] [INFO] Busca enviada para termo: Bordero_R0490_20251101
[2026-04-27 09:01:59] [WARNING] Nenhum e-mail encontrado para a data 20251101.
[2026-04-27 09:01:59] [INFO] Pesquisando e-mail com termo: 'Bordero_R0490_20251102'
[2026-04-27 09:01:59] [INFO] Busca enviada para termo: Bordero_R0490_20251102
[2026-04-27 09:02:03] [WARNING] Nenhum e-mail encontrado para a data 20251102.
[2026-04-27 09:02:03] [INFO] Pesquisando e-mail com termo: 'Bordero_R0490_20251106'
[2026-04-27 09:02:03] [INFO] Busca enviada para termo: Bordero_R0490_20251106
[2026-04-27 09:02:07] [WARNING] Nenhum e-mail encontrado para a data 20251106.
[2026-04-27 09:02:07] [INFO] Pesquisando e-mail com termo: 'Bordero_R0490_20251108'
[2026-04-27 09:02:07] [INFO] Busca enviada para termo: Bordero_R0490_20251108
[2026-04-27 09:02:11] [WARNING] Nenhum e-mail encontrado para a data 20251108.
[2026-04-27 09:02:11] [INFO] Pesquisando e-mail com termo: 'Bordero_R0490_20251109'
[2026-04-27 09:02:12] [INFO] Busca enviada para termo: Bordero_R0490_20251109
[2026-04-27 09:02:16] [WARNING] Nenhum e-mail encontrado para a data 20251109.
[2026-04-27 09:02:16] [INFO] Pesquisando e-mail com termo: 'Bordero_R0490_20251115'
[2026-04-27 09:02:16] [INFO] Busca enviada para termo: Bordero_R0490_20251115
[2026-04-27 09:02:20] [WARNING] Nenhum e-mail encontrado para a data 20251115.
[2026-04-27 09:02:20] [INFO] Pesquisando e-mail com termo: 'Bordero_R0490_20251116'
[2026-04-27 09:02:20] [INFO] Busca enviada para termo: Bordero_R0490_20251116
[2026-04-27 09:02:24] [WARNING] Nenhum e-mail encontrado para a data 20251116.
[2026-04-27 09:02:24] [INFO] Pesquisando e-mail com termo: 'Bordero_R0490_20251122'
[2026-04-27 09:02:24] [INFO] Busca enviada para termo: Bordero_R0490_20251122
[2026-04-27 09:02:28] [WARNING] Nenhum e-mail encontrado para a data 20251122.
[2026-04-27 09:02:28] [INFO] Pesquisando e-mail com termo: 'Bordero_R0490_20251123'
[2026-04-27 09:02:28] [INFO] Busca enviada para termo: Bordero_R0490_20251123
[2026-04-27 09:02:32] [WARNING] Nenhum e-mail encontrado para a data 20251123.
[2026-04-27 09:02:32] [INFO] Pesquisando e-mail com termo: 'Bordero_R0490_20251124'
[2026-04-27 09:02:33] [INFO] Busca enviada para termo: Bordero_R0490_20251124
[2026-04-27 09:02:37] [WARNING] Nenhum e-mail encontrado para a data 20251124.
[2026-04-27 09:02:37] [INFO] Pesquisando e-mail com termo: 'Bordero_R0490_20251129'
[2026-04-27 09:02:37] [INFO] Busca enviada para termo: Bordero_R0490_20251129
[2026-04-27 09:02:41] [WARNING] Nenhum e-mail encontrado para a data 20251129.
[2026-04-27 09:02:41] [INFO] Pesquisando e-mail com termo: 'Bordero_R0490_20251130'
[2026-04-27 09:02:41] [INFO] Busca enviada para termo: Bordero_R0490_20251130
[2026-04-27 09:02:45] [WARNING] Nenhum e-mail encontrado para a data 20251130.
[2026-04-27 09:02:45] [INFO] Pesquisando e-mail com termo: 'Bordero_R0490_20251206'
[2026-04-27 09:02:45] [INFO] Busca enviada para termo: Bordero_R0490_20251206
[2026-04-27 09:02:49] [WARNING] Nenhum e-mail encontrado para a data 20251206.
[2026-04-27 09:02:49] [INFO] Pesquisando e-mail com termo: 'Bordero_R0490_20251207'
[2026-04-27 09:02:49] [INFO] Busca enviada para termo: Bordero_R0490_20251207
[2026-04-27 09:02:53] [WARNING] Nenhum e-mail encontrado para a data 20251207.
[2026-04-27 09:02:53] [INFO] Pesquisando e-mail com termo: 'Bordero_R0490_20251211'
[2026-04-27 09:02:54] [INFO] Busca enviada para termo: Bordero_R0490_20251211
[2026-04-27 09:02:58] [WARNING] Nenhum e-mail encontrado para a data 20251211.
[2026-04-27 09:02:58] [INFO] Pesquisando e-mail com termo: 'Bordero_R0490_20251213'
[2026-04-27 09:02:58] [INFO] Busca enviada para termo: Bordero_R0490_20251213
[2026-04-27 09:03:02] [WARNING] Nenhum e-mail encontrado para a data 20251213.
[2026-04-27 09:03:02] [INFO] Pesquisando e-mail com termo: 'Bordero_R0490_20251214'
[2026-04-27 09:03:02] [INFO] Busca enviada para termo: Bordero_R0490_20251214
[2026-04-27 09:03:06] [WARNING] Nenhum e-mail encontrado para a data 20251214.
[2026-04-27 09:03:06] [INFO] Pesquisando e-mail com termo: 'Bordero_R0490_20251217'
[2026-04-27 09:03:06] [INFO] Busca enviada para termo: Bordero_R0490_20251217
[2026-04-27 09:03:10] [WARNING] Nenhum e-mail encontrado para a data 20251217.
[2026-04-27 09:03:10] [INFO] Pesquisando e-mail com termo: 'Bordero_R0490_20251218'
[2026-04-27 09:03:10] [INFO] Busca enviada para termo: Bordero_R0490_20251218
[2026-04-27 09:03:14] [WARNING] Nenhum e-mail encontrado para a data 20251218.
[2026-04-27 09:03:14] [INFO] Pesquisando e-mail com termo: 'Bordero_R0490_20251220'
[2026-04-27 09:03:15] [INFO] Busca enviada para termo: Bordero_R0490_20251220
[2026-04-27 09:03:19] [WARNING] Nenhum e-mail encontrado para a data 20251220.
[2026-04-27 09:03:19] [INFO] Pesquisando e-mail com termo: 'Bordero_R0490_20251221'
[2026-04-27 09:03:19] [INFO] Busca enviada para termo: Bordero_R0490_20251221
[2026-04-27 09:03:23] [WARNING] Nenhum e-mail encontrado para a data 20251221.
[2026-04-27 09:03:23] [INFO] Pesquisando e-mail com termo: 'Bordero_R0490_20251227'
[2026-04-27 09:03:23] [INFO] Busca enviada para termo: Bordero_R0490_20251227
[2026-04-27 09:03:27] [WARNING] Nenhum e-mail encontrado para a data 20251227.
[2026-04-27 09:03:27] [INFO] Pesquisando e-mail com termo: 'Bordero_R0490_20251228'
[2026-04-27 09:03:27] [INFO] Busca enviada para termo: Bordero_R0490_20251228
[2026-04-27 09:03:31] [WARNING] Nenhum e-mail encontrado para a data 20251228.
[2026-04-27 09:03:31] [INFO] Pesquisando e-mail com termo: 'Bordero_R0490_20260103'
[2026-04-27 09:03:31] [INFO] Busca enviada para termo: Bordero_R0490_20260103
[2026-04-27 09:03:36] [WARNING] Nenhum e-mail encontrado para a data 20260103.
[2026-04-27 09:03:36] [INFO] Pesquisando e-mail com termo: 'Bordero_R0490_20260104'
[2026-04-27 09:03:36] [INFO] Busca enviada para termo: Bordero_R0490_20260104
[2026-04-27 09:03:40] [WARNING] Nenhum e-mail encontrado para a data 20260104.
[2026-04-27 09:03:40] [INFO] Pesquisando e-mail com termo: 'Bordero_R0490_20260110'
[2026-04-27 09:03:40] [INFO] Busca enviada para termo: Bordero_R0490_20260110
[2026-04-27 09:03:44] [WARNING] Nenhum e-mail encontrado para a data 20260110.
[2026-04-27 09:03:44] [INFO] Pesquisando e-mail com termo: 'Bordero_R0490_20260111'
[2026-04-27 09:03:44] [INFO] Busca enviada para termo: Bordero_R0490_20260111
[2026-04-27 09:03:48] [WARNING] Nenhum e-mail encontrado para a data 20260111.
[2026-04-27 09:03:48] [INFO] Pesquisando e-mail com termo: 'Bordero_R0490_20260117'
[2026-04-27 09:03:48] [INFO] Busca enviada para termo: Bordero_R0490_20260117
[2026-04-27 09:03:52] [WARNING] Nenhum e-mail encontrado para a data 20260117.
[2026-04-27 09:03:52] [INFO] Pesquisando e-mail com termo: 'Bordero_R0490_20260118'
[2026-04-27 09:03:53] [INFO] Busca enviada para termo: Bordero_R0490_20260118
[2026-04-27 09:03:57] [WARNING] Nenhum e-mail encontrado para a data 20260118.
[2026-04-27 09:03:57] [INFO] Pesquisando e-mail com termo: 'Bordero_R0490_20260124'
[2026-04-27 09:03:57] [INFO] Busca enviada para termo: Bordero_R0490_20260124
[2026-04-27 09:04:01] [WARNING] Nenhum e-mail encontrado para a data 20260124.
[2026-04-27 09:04:01] [INFO] Pesquisando e-mail com termo: 'Bordero_R0490_20260125'
[2026-04-27 09:04:01] [INFO] Busca enviada para termo: Bordero_R0490_20260125
[2026-04-27 09:04:05] [WARNING] Nenhum e-mail encontrado para a data 20260125.
[2026-04-27 09:04:05] [INFO] Pesquisando e-mail com termo: 'Bordero_R0490_20260131'
[2026-04-27 09:04:05] [INFO] Busca enviada para termo: Bordero_R0490_20260131
[2026-04-27 09:04:09] [WARNING] Nenhum e-mail encontrado para a data 20260131.
[2026-04-27 09:04:09] [INFO] Pesquisando e-mail com termo: 'Bordero_R0490_20260201'
[2026-04-27 09:04:09] [INFO] Busca enviada para termo: Bordero_R0490_20260201
[2026-04-27 09:04:13] [WARNING] Nenhum e-mail encontrado para a data 20260201.
[2026-04-27 09:04:13] [INFO] Pesquisando e-mail com termo: 'Bordero_R0490_20260202'
[2026-04-27 09:04:14] [INFO] Busca enviada para termo: Bordero_R0490_20260202
[2026-04-27 09:04:18] [WARNING] Nenhum e-mail encontrado para a data 20260202.
[2026-04-27 09:04:18] [INFO] Pesquisando e-mail com termo: 'Bordero_R0490_20260203'
[2026-04-27 09:04:18] [INFO] Busca enviada para termo: Bordero_R0490_20260203
[2026-04-27 09:04:22] [WARNING] Nenhum e-mail encontrado para a data 20260203.
[2026-04-27 09:04:22] [INFO] Pesquisando e-mail com termo: 'Bordero_R0490_20260207'
[2026-04-27 09:04:22] [INFO] Busca enviada para termo: Bordero_R0490_20260207
[2026-04-27 09:04:26] [WARNING] Nenhum e-mail encontrado para a data 20260207.
[2026-04-27 09:04:26] [INFO] Pesquisando e-mail com termo: 'Bordero_R0490_20260208'
[2026-04-27 09:04:26] [INFO] Busca enviada para termo: Bordero_R0490_20260208
[2026-04-27 09:04:30] [WARNING] Nenhum e-mail encontrado para a data 20260208.
[2026-04-27 09:04:30] [INFO] Pesquisando e-mail com termo: 'Bordero_R0490_20260214'
[2026-04-27 09:04:30] [INFO] Busca enviada para termo: Bordero_R0490_20260214
[2026-04-27 09:04:34] [WARNING] Nenhum e-mail encontrado para a data 20260214.
[2026-04-27 09:04:34] [INFO] Pesquisando e-mail com termo: 'Bordero_R0490_20260215'
[2026-04-27 09:04:35] [INFO] Busca enviada para termo: Bordero_R0490_20260215
[2026-04-27 09:04:39] [WARNING] Nenhum e-mail encontrado para a data 20260215.
[2026-04-27 09:04:39] [INFO] Pesquisando e-mail com termo: 'Bordero_R0490_20260220'
[2026-04-27 09:04:39] [INFO] Busca enviada para termo: Bordero_R0490_20260220
[2026-04-27 09:04:43] [WARNING] Nenhum e-mail encontrado para a data 20260220.
[2026-04-27 09:04:43] [INFO] Pesquisando e-mail com termo: 'Bordero_R0490_20260221'
[2026-04-27 09:04:43] [INFO] Busca enviada para termo: Bordero_R0490_20260221
[2026-04-27 09:04:47] [WARNING] Nenhum e-mail encontrado para a data 20260221.
[2026-04-27 09:04:47] [INFO] Pesquisando e-mail com termo: 'Bordero_R0490_20260222'
[2026-04-27 09:04:47] [INFO] Busca enviada para termo: Bordero_R0490_20260222
[2026-04-27 09:04:51] [WARNING] Nenhum e-mail encontrado para a data 20260222.
[2026-04-27 09:04:51] [INFO] Pesquisando e-mail com termo: 'Bordero_R0490_20260228'
[2026-04-27 09:04:51] [INFO] Busca enviada para termo: Bordero_R0490_20260228
[2026-04-27 09:04:55] [WARNING] Nenhum e-mail encontrado para a data 20260228.
[2026-04-27 09:04:55] [INFO] Pesquisando e-mail com termo: 'Bordero_R0490_20260301'
[2026-04-27 09:04:56] [INFO] Busca enviada para termo: Bordero_R0490_20260301
[2026-04-27 09:05:00] [WARNING] Nenhum e-mail encontrado para a data 20260301.
[2026-04-27 09:05:00] [INFO] Pesquisando e-mail com termo: 'Bordero_R0490_20260307'
[2026-04-27 09:05:00] [INFO] Busca enviada para termo: Bordero_R0490_20260307
[2026-04-27 09:05:04] [WARNING] Nenhum e-mail encontrado para a data 20260307.
[2026-04-27 09:05:04] [INFO] Pesquisando e-mail com termo: 'Bordero_R0490_20260308'
[2026-04-27 09:05:04] [INFO] Busca enviada para termo: Bordero_R0490_20260308
[2026-04-27 09:05:08] [WARNING] Nenhum e-mail encontrado para a data 20260308.
[2026-04-27 09:05:08] [INFO] Pesquisando e-mail com termo: 'Bordero_R0490_20260314'
[2026-04-27 09:05:08] [INFO] Busca enviada para termo: Bordero_R0490_20260314
[2026-04-27 09:05:12] [WARNING] Nenhum e-mail encontrado para a data 20260314.
[2026-04-27 09:05:12] [INFO] Pesquisando e-mail com termo: 'Bordero_R0490_20260315'
[2026-04-27 09:05:12] [INFO] Busca enviada para termo: Bordero_R0490_20260315
[2026-04-27 09:05:16] [WARNING] Nenhum e-mail encontrado para a data 20260315.
[2026-04-27 09:05:16] [INFO] Pesquisando e-mail com termo: 'Bordero_R0490_20260320'
[2026-04-27 09:05:17] [INFO] Busca enviada para termo: Bordero_R0490_20260320
[2026-04-27 09:05:21] [WARNING] Nenhum e-mail encontrado para a data 20260320.
[2026-04-27 09:05:21] [INFO] Pesquisando e-mail com termo: 'Bordero_R0490_20260321'
[2026-04-27 09:05:21] [INFO] Busca enviada para termo: Bordero_R0490_20260321
[2026-04-27 09:05:25] [WARNING] Nenhum e-mail encontrado para a data 20260321.
[2026-04-27 09:05:25] [INFO] Pesquisando e-mail com termo: 'Bordero_R0490_20260322'
[2026-04-27 09:05:25] [INFO] Busca enviada para termo: Bordero_R0490_20260322
[2026-04-27 09:05:29] [WARNING] Nenhum e-mail encontrado para a data 20260322.
[2026-04-27 09:05:29] [INFO] Pesquisando e-mail com termo: 'Bordero_R0490_20260324'
[2026-04-27 09:05:29] [INFO] Busca enviada para termo: Bordero_R0490_20260324
[2026-04-27 09:05:33] [WARNING] Nenhum e-mail encontrado para a data 20260324.
[2026-04-27 09:05:33] [INFO] Pesquisando e-mail com termo: 'Bordero_R0490_20260328'
[2026-04-27 09:05:34] [INFO] Busca enviada para termo: Bordero_R0490_20260328
[2026-04-27 09:05:38] [WARNING] Nenhum e-mail encontrado para a data 20260328.
[2026-04-27 09:05:38] [INFO] Pesquisando e-mail com termo: 'Bordero_R0490_20260329'
[2026-04-27 09:05:38] [INFO] Busca enviada para termo: Bordero_R0490_20260329
[2026-04-27 09:05:42] [WARNING] Nenhum e-mail encontrado para a data 20260329.
[2026-04-27 09:05:42] [INFO] Pesquisando e-mail com termo: 'Bordero_R0490_20260401'
[2026-04-27 09:05:42] [INFO] Busca enviada para termo: Bordero_R0490_20260401
[2026-04-27 09:05:46] [WARNING] Nenhum e-mail encontrado para a data 20260401.
[2026-04-27 09:05:46] [INFO] Pesquisando e-mail com termo: 'Bordero_R0490_20260404'
[2026-04-27 09:05:46] [INFO] Busca enviada para termo: Bordero_R0490_20260404
[2026-04-27 09:05:50] [WARNING] Nenhum e-mail encontrado para a data 20260404.
[2026-04-27 09:05:50] [INFO] Pesquisando e-mail com termo: 'Bordero_R0490_20260405'
[2026-04-27 09:05:50] [INFO] Busca enviada para termo: Bordero_R0490_20260405
[2026-04-27 09:05:54] [WARNING] Nenhum e-mail encontrado para a data 20260405.
[2026-04-27 09:05:54] [INFO] Pesquisando e-mail com termo: 'Bordero_R0490_20260407'
[2026-04-27 09:05:55] [INFO] Busca enviada para termo: Bordero_R0490_20260407
[2026-04-27 09:05:59] [WARNING] Nenhum e-mail encontrado para a data 20260407.
[2026-04-27 09:05:59] [INFO] Pesquisando e-mail com termo: 'Bordero_R0490_20260411'
[2026-04-27 09:05:59] [INFO] Busca enviada para termo: Bordero_R0490_20260411
[2026-04-27 09:06:03] [WARNING] Nenhum e-mail encontrado para a data 20260411.
[2026-04-27 09:06:03] [INFO] Pesquisando e-mail com termo: 'Bordero_R0490_20260412'
[2026-04-27 09:06:03] [INFO] Busca enviada para termo: Bordero_R0490_20260412
[2026-04-27 09:06:07] [WARNING] Nenhum e-mail encontrado para a data 20260412.
[2026-04-27 09:06:07] [INFO] Pesquisando e-mail com termo: 'Bordero_R0490_20260417'
[2026-04-27 09:06:07] [INFO] Busca enviada para termo: Bordero_R0490_20260417
[2026-04-27 09:06:11] [WARNING] Nenhum e-mail encontrado para a data 20260417.
[2026-04-27 09:06:11] [INFO] Pesquisando e-mail com termo: 'Bordero_R0490_20260418'
[2026-04-27 09:06:11] [INFO] Busca enviada para termo: Bordero_R0490_20260418
[2026-04-27 09:06:15] [WARNING] Nenhum e-mail encontrado para a data 20260418.
[2026-04-27 09:06:15] [INFO] Pesquisando e-mail com termo: 'Bordero_R0490_20260419'
[2026-04-27 09:06:16] [INFO] Busca enviada para termo: Bordero_R0490_20260419
[2026-04-27 09:06:20] [WARNING] Nenhum e-mail encontrado para a data 20260419.
[2026-04-27 09:06:20] [INFO] Pesquisando e-mail com termo: 'Bordero_R0490_20260425'
[2026-04-27 09:06:20] [INFO] Busca enviada para termo: Bordero_R0490_20260425
[2026-04-27 09:06:24] [WARNING] Nenhum e-mail encontrado para a data 20260425.
[2026-04-27 09:06:24] [INFO] Pesquisando e-mail com termo: 'Bordero_R0490_20260426'
[2026-04-27 09:06:24] [INFO] Busca enviada para termo: Bordero_R0490_20260426
[2026-04-27 09:06:28] [WARNING] Nenhum e-mail encontrado para a data 20260426.
[2026-04-27 09:06:28] [INFO] Pesquisando e-mail com termo: 'Bordero_R0490_20260427'
[2026-04-27 09:06:28] [INFO] Busca enviada para termo: Bordero_R0490_20260427
[2026-04-27 09:06:32] [INFO] Clicado no primeiro e-mail da lista (visualização).
[2026-04-27 09:06:35] [INFO] Realizado duplo clique (abrir em nova janela se houver).
[2026-04-27 09:06:35] [INFO] Nova janela com o e-mail foi aberta.
[2026-04-27 09:06:35] [INFO] Link de anexo (a) encontrado.
[2026-04-27 09:06:35] [INFO] Nome real do anexo identificado: Bordero_R0490_20260427_571339.ZIP
[2026-04-27 09:06:35] [INFO] Clique direto no <a> do anexo realizado (estratégia 1).
[2026-04-27 09:06:36] [INFO] Arquivo detectado na pasta de downloads: C:\Users\administrador\Downloads\Bordero_R0490_20260427_571339.ZIP
[2026-04-27 09:06:36] [INFO] Nome normalizado para histórico: Bordero_R0490_20260427.zip
[2026-04-27 09:06:36] [INFO] Arquivo movido de C:\Users\administrador\Downloads\Bordero_R0490_20260427_571339.ZIP para C:\temp\arquivo.zip
[2026-04-27 09:06:37] [INFO] Arquivo extraído com sucesso para: C:\Bordero Credsystem\Extraido
[2026-04-27 09:06:37] [INFO] Arquivo removido (não CSV): C:\Bordero Credsystem\Extraido\Bordero_R0490_L026364_20260427_16509.TXT
[2026-04-27 09:06:37] [INFO] Arquivo removido (não CSV): C:\Bordero Credsystem\Extraido\Bordero_R0490_L026367_20260427_16511.TXT
[2026-04-27 09:06:37] [INFO] Arquivo removido (não CSV): C:\Bordero Credsystem\Extraido\Bordero_R0490_L026380_20260427_16513.TXT
[2026-04-27 09:06:37] [INFO] Arquivo removido (não CSV): C:\Bordero Credsystem\Extraido\Bordero_R0490_L026384_20260427_16515.TXT
[2026-04-27 09:06:37] [INFO] Arquivo removido (não CSV): C:\Bordero Credsystem\Extraido\Bordero_R0490_L026385_20260427_16517.TXT
[2026-04-27 09:06:37] [INFO] Arquivo removido (não CSV): C:\Bordero Credsystem\Extraido\Bordero_R0490_L026408_20260427_16519.TXT
[2026-04-27 09:06:37] [INFO] Arquivo removido (não CSV): C:\Bordero Credsystem\Extraido\Bordero_R0490_L026409_20260427_16521.TXT
[2026-04-27 09:06:37] [INFO] Arquivo removido (não CSV): C:\Bordero Credsystem\Extraido\Bordero_R0490_L026413_20260427_16523.TXT
[2026-04-27 09:06:37] [INFO] Arquivo removido (não CSV): C:\Bordero Credsystem\Extraido\Bordero_R0490_L026414_20260427_16525.TXT
[2026-04-27 09:06:37] [INFO] Arquivo removido (não CSV): C:\Bordero Credsystem\Extraido\Bordero_R0490_L026417_20260427_16527.TXT
[2026-04-27 09:06:37] [INFO] Arquivo removido (não CSV): C:\Bordero Credsystem\Extraido\Bordero_R0490_L026422_20260427_16529.TXT
[2026-04-27 09:06:37] [INFO] Arquivo removido (não CSV): C:\Bordero Credsystem\Extraido\Bordero_R0490_L027095_20260427_16570.TXT
[2026-04-27 09:06:37] [INFO] Arquivo removido (não CSV): C:\Bordero Credsystem\Extraido\Bordero_R0490_L028960_20260427_16623.TXT
[2026-04-27 09:06:37] [INFO] Arquivo removido (não CSV): C:\Bordero Credsystem\Extraido\Bordero_R0490_L029748_20260427_16653.TXT
[2026-04-27 09:06:37] [INFO] Arquivo removido (não CSV): C:\Bordero Credsystem\Extraido\Bordero_R0490_L030439_20260427_16752.TXT
[2026-04-27 09:06:37] [INFO] Arquivo removido (não CSV): C:\Bordero Credsystem\Extraido\Bordero_R0490_L031321_20260427_16999.TXT
[2026-04-27 09:06:37] [INFO] Arquivo removido (não CSV): C:\Bordero Credsystem\Extraido\Bordero_R0490_L031386_20260427_17003.TXT
[2026-04-27 09:06:37] [INFO] Arquivo removido (não CSV): C:\Bordero Credsystem\Extraido\Bordero_R0490_L033116_20260427_17969.TXT
[2026-04-27 09:06:37] [INFO] Arquivo ZIP removido após extração: C:\temp\arquivo.zip
[2026-04-27 09:06:37] [INFO] Arquivo da data 20260427 processado com sucesso e histórico atualizado.
[2026-04-27 09:06:39] [INFO] Navegador encerrado.
[2026-04-28 09:00:04] [INFO] ====================================================================================================
[2026-04-28 09:00:04] [INFO]                          INICIANDO RPA PARA DOWNLOAD DE BORDERO NO WEBMAIL
[2026-04-28 09:00:04] [INFO]                                 Autor: John Kennedy | Versão: 1.0.3                                 
[2026-04-28 09:00:04] [INFO] ====================================================================================================
[2026-04-28 09:00:04] [INFO] Datas pendentes para buscar: 20250821, 20250823, 20250824, 20250830, 20250831, 20250906, 20250907, 20250913, 20250914, 20250920, 20250921, 20250927, 20250928, 20251004, 20251005, 20251011, 20251012, 20251018, 20251019, 20251022, 20251025, 20251026, 20251101, 20251102, 20251106, 20251108, 20251109, 20251115, 20251116, 20251122, 20251123, 20251124, 20251129, 20251130, 20251206, 20251207, 20251211, 20251213, 20251214, 20251217, 20251218, 20251220, 20251221, 20251227, 20251228, 20260103, 20260104, 20260110, 20260111, 20260117, 20260118, 20260124, 20260125, 20260131, 20260201, 20260202, 20260203, 20260207, 20260208, 20260214, 20260215, 20260220, 20260221, 20260222, 20260228, 20260301, 20260307, 20260308, 20260314, 20260315, 20260320, 20260321, 20260322, 20260324, 20260328, 20260329, 20260401, 20260404, 20260405, 20260407, 20260411, 20260412, 20260417, 20260418, 20260419, 20260425, 20260426, 20260428
[2026-04-28 09:00:07] [INFO] Page.setDownloadBehavior configurado para: C:\Users\administrador\Downloads
[2026-04-28 09:00:07] [INFO] Chrome iniciado.
[2026-04-28 09:00:16] [INFO] Login realizado.
[2026-04-28 09:00:21] [INFO] Pesquisando e-mail com termo: 'Bordero_R0490_20250821'
[2026-04-28 09:00:21] [INFO] Busca enviada para termo: Bordero_R0490_20250821
[2026-04-28 09:00:25] [WARNING] Nenhum e-mail encontrado para a data 20250821.
[2026-04-28 09:00:25] [INFO] Pesquisando e-mail com termo: 'Bordero_R0490_20250823'
[2026-04-28 09:00:25] [INFO] Busca enviada para termo: Bordero_R0490_20250823
[2026-04-28 09:00:30] [WARNING] Nenhum e-mail encontrado para a data 20250823.
[2026-04-28 09:00:30] [INFO] Pesquisando e-mail com termo: 'Bordero_R0490_20250824'
[2026-04-28 09:00:30] [INFO] Busca enviada para termo: Bordero_R0490_20250824
[2026-04-28 09:00:34] [WARNING] Nenhum e-mail encontrado para a data 20250824.
[2026-04-28 09:00:34] [INFO] Pesquisando e-mail com termo: 'Bordero_R0490_20250830'
[2026-04-28 09:00:34] [INFO] Busca enviada para termo: Bordero_R0490_20250830
[2026-04-28 09:00:38] [WARNING] Nenhum e-mail encontrado para a data 20250830.
[2026-04-28 09:00:38] [INFO] Pesquisando e-mail com termo: 'Bordero_R0490_20250831'
[2026-04-28 09:00:38] [INFO] Busca enviada para termo: Bordero_R0490_20250831
[2026-04-28 09:00:42] [WARNING] Nenhum e-mail encontrado para a data 20250831.
[2026-04-28 09:00:42] [INFO] Pesquisando e-mail com termo: 'Bordero_R0490_20250906'
[2026-04-28 09:00:42] [INFO] Busca enviada para termo: Bordero_R0490_20250906
[2026-04-28 09:00:47] [WARNING] Nenhum e-mail encontrado para a data 20250906.
[2026-04-28 09:00:47] [INFO] Pesquisando e-mail com termo: 'Bordero_R0490_20250907'
[2026-04-28 09:00:47] [INFO] Busca enviada para termo: Bordero_R0490_20250907
[2026-04-28 09:00:51] [WARNING] Nenhum e-mail encontrado para a data 20250907.
[2026-04-28 09:00:51] [INFO] Pesquisando e-mail com termo: 'Bordero_R0490_20250913'
[2026-04-28 09:00:51] [INFO] Busca enviada para termo: Bordero_R0490_20250913
[2026-04-28 09:00:55] [WARNING] Nenhum e-mail encontrado para a data 20250913.
[2026-04-28 09:00:55] [INFO] Pesquisando e-mail com termo: 'Bordero_R0490_20250914'
[2026-04-28 09:00:55] [INFO] Busca enviada para termo: Bordero_R0490_20250914
[2026-04-28 09:00:59] [WARNING] Nenhum e-mail encontrado para a data 20250914.
[2026-04-28 09:00:59] [INFO] Pesquisando e-mail com termo: 'Bordero_R0490_20250920'
[2026-04-28 09:00:59] [INFO] Busca enviada para termo: Bordero_R0490_20250920
[2026-04-28 09:01:03] [WARNING] Nenhum e-mail encontrado para a data 20250920.
[2026-04-28 09:01:03] [INFO] Pesquisando e-mail com termo: 'Bordero_R0490_20250921'
[2026-04-28 09:01:03] [INFO] Busca enviada para termo: Bordero_R0490_20250921
[2026-04-28 09:01:07] [WARNING] Nenhum e-mail encontrado para a data 20250921.
[2026-04-28 09:01:07] [INFO] Pesquisando e-mail com termo: 'Bordero_R0490_20250927'
[2026-04-28 09:01:08] [INFO] Busca enviada para termo: Bordero_R0490_20250927
[2026-04-28 09:01:12] [WARNING] Nenhum e-mail encontrado para a data 20250927.
[2026-04-28 09:01:12] [INFO] Pesquisando e-mail com termo: 'Bordero_R0490_20250928'
[2026-04-28 09:01:12] [INFO] Busca enviada para termo: Bordero_R0490_20250928
[2026-04-28 09:01:16] [WARNING] Nenhum e-mail encontrado para a data 20250928.
[2026-04-28 09:01:16] [INFO] Pesquisando e-mail com termo: 'Bordero_R0490_20251004'
[2026-04-28 09:01:16] [INFO] Busca enviada para termo: Bordero_R0490_20251004
[2026-04-28 09:01:20] [WARNING] Nenhum e-mail encontrado para a data 20251004.
[2026-04-28 09:01:20] [INFO] Pesquisando e-mail com termo: 'Bordero_R0490_20251005'
[2026-04-28 09:01:20] [INFO] Busca enviada para termo: Bordero_R0490_20251005
[2026-04-28 09:01:24] [WARNING] Nenhum e-mail encontrado para a data 20251005.
[2026-04-28 09:01:24] [INFO] Pesquisando e-mail com termo: 'Bordero_R0490_20251011'
[2026-04-28 09:01:25] [INFO] Busca enviada para termo: Bordero_R0490_20251011
[2026-04-28 09:01:29] [WARNING] Nenhum e-mail encontrado para a data 20251011.
[2026-04-28 09:01:29] [INFO] Pesquisando e-mail com termo: 'Bordero_R0490_20251012'
[2026-04-28 09:01:29] [INFO] Busca enviada para termo: Bordero_R0490_20251012
[2026-04-28 09:01:33] [WARNING] Nenhum e-mail encontrado para a data 20251012.
[2026-04-28 09:01:33] [INFO] Pesquisando e-mail com termo: 'Bordero_R0490_20251018'
[2026-04-28 09:01:33] [INFO] Busca enviada para termo: Bordero_R0490_20251018
[2026-04-28 09:01:37] [WARNING] Nenhum e-mail encontrado para a data 20251018.
[2026-04-28 09:01:37] [INFO] Pesquisando e-mail com termo: 'Bordero_R0490_20251019'
[2026-04-28 09:01:37] [INFO] Busca enviada para termo: Bordero_R0490_20251019
[2026-04-28 09:01:41] [WARNING] Nenhum e-mail encontrado para a data 20251019.
[2026-04-28 09:01:41] [INFO] Pesquisando e-mail com termo: 'Bordero_R0490_20251022'
[2026-04-28 09:01:41] [INFO] Busca enviada para termo: Bordero_R0490_20251022
[2026-04-28 09:01:45] [WARNING] Nenhum e-mail encontrado para a data 20251022.
[2026-04-28 09:01:45] [INFO] Pesquisando e-mail com termo: 'Bordero_R0490_20251025'
[2026-04-28 09:01:46] [INFO] Busca enviada para termo: Bordero_R0490_20251025
[2026-04-28 09:01:50] [WARNING] Nenhum e-mail encontrado para a data 20251025.
[2026-04-28 09:01:50] [INFO] Pesquisando e-mail com termo: 'Bordero_R0490_20251026'
[2026-04-28 09:01:50] [INFO] Busca enviada para termo: Bordero_R0490_20251026
[2026-04-28 09:01:54] [WARNING] Nenhum e-mail encontrado para a data 20251026.
[2026-04-28 09:01:54] [INFO] Pesquisando e-mail com termo: 'Bordero_R0490_20251101'
[2026-04-28 09:01:54] [INFO] Busca enviada para termo: Bordero_R0490_20251101
[2026-04-28 09:01:58] [WARNING] Nenhum e-mail encontrado para a data 20251101.
[2026-04-28 09:01:58] [INFO] Pesquisando e-mail com termo: 'Bordero_R0490_20251102'
[2026-04-28 09:01:58] [INFO] Busca enviada para termo: Bordero_R0490_20251102
[2026-04-28 09:02:02] [WARNING] Nenhum e-mail encontrado para a data 20251102.
[2026-04-28 09:02:02] [INFO] Pesquisando e-mail com termo: 'Bordero_R0490_20251106'
[2026-04-28 09:02:02] [INFO] Busca enviada para termo: Bordero_R0490_20251106
[2026-04-28 09:02:06] [WARNING] Nenhum e-mail encontrado para a data 20251106.
[2026-04-28 09:02:06] [INFO] Pesquisando e-mail com termo: 'Bordero_R0490_20251108'
[2026-04-28 09:02:07] [INFO] Busca enviada para termo: Bordero_R0490_20251108
[2026-04-28 09:02:11] [WARNING] Nenhum e-mail encontrado para a data 20251108.
[2026-04-28 09:02:11] [INFO] Pesquisando e-mail com termo: 'Bordero_R0490_20251109'
[2026-04-28 09:02:11] [INFO] Busca enviada para termo: Bordero_R0490_20251109
[2026-04-28 09:02:15] [WARNING] Nenhum e-mail encontrado para a data 20251109.
[2026-04-28 09:02:15] [INFO] Pesquisando e-mail com termo: 'Bordero_R0490_20251115'
[2026-04-28 09:02:15] [INFO] Busca enviada para termo: Bordero_R0490_20251115
[2026-04-28 09:02:19] [WARNING] Nenhum e-mail encontrado para a data 20251115.
[2026-04-28 09:02:19] [INFO] Pesquisando e-mail com termo: 'Bordero_R0490_20251116'
[2026-04-28 09:02:19] [INFO] Busca enviada para termo: Bordero_R0490_20251116
[2026-04-28 09:02:23] [WARNING] Nenhum e-mail encontrado para a data 20251116.
[2026-04-28 09:02:23] [INFO] Pesquisando e-mail com termo: 'Bordero_R0490_20251122'
[2026-04-28 09:02:23] [INFO] Busca enviada para termo: Bordero_R0490_20251122
[2026-04-28 09:02:28] [WARNING] Nenhum e-mail encontrado para a data 20251122.
[2026-04-28 09:02:28] [INFO] Pesquisando e-mail com termo: 'Bordero_R0490_20251123'
[2026-04-28 09:02:28] [INFO] Busca enviada para termo: Bordero_R0490_20251123
[2026-04-28 09:02:32] [WARNING] Nenhum e-mail encontrado para a data 20251123.
[2026-04-28 09:02:32] [INFO] Pesquisando e-mail com termo: 'Bordero_R0490_20251124'
[2026-04-28 09:02:32] [INFO] Busca enviada para termo: Bordero_R0490_20251124
[2026-04-28 09:02:36] [WARNING] Nenhum e-mail encontrado para a data 20251124.
[2026-04-28 09:02:36] [INFO] Pesquisando e-mail com termo: 'Bordero_R0490_20251129'
[2026-04-28 09:02:36] [INFO] Busca enviada para termo: Bordero_R0490_20251129
[2026-04-28 09:02:40] [WARNING] Nenhum e-mail encontrado para a data 20251129.
[2026-04-28 09:02:40] [INFO] Pesquisando e-mail com termo: 'Bordero_R0490_20251130'
[2026-04-28 09:02:40] [INFO] Busca enviada para termo: Bordero_R0490_20251130
[2026-04-28 09:02:44] [WARNING] Nenhum e-mail encontrado para a data 20251130.
[2026-04-28 09:02:44] [INFO] Pesquisando e-mail com termo: 'Bordero_R0490_20251206'
[2026-04-28 09:02:45] [INFO] Busca enviada para termo: Bordero_R0490_20251206
[2026-04-28 09:02:49] [WARNING] Nenhum e-mail encontrado para a data 20251206.
[2026-04-28 09:02:49] [INFO] Pesquisando e-mail com termo: 'Bordero_R0490_20251207'
[2026-04-28 09:02:49] [INFO] Busca enviada para termo: Bordero_R0490_20251207
[2026-04-28 09:02:53] [WARNING] Nenhum e-mail encontrado para a data 20251207.
[2026-04-28 09:02:53] [INFO] Pesquisando e-mail com termo: 'Bordero_R0490_20251211'
[2026-04-28 09:02:53] [INFO] Busca enviada para termo: Bordero_R0490_20251211
[2026-04-28 09:02:57] [WARNING] Nenhum e-mail encontrado para a data 20251211.
[2026-04-28 09:02:57] [INFO] Pesquisando e-mail com termo: 'Bordero_R0490_20251213'
[2026-04-28 09:02:57] [INFO] Busca enviada para termo: Bordero_R0490_20251213
[2026-04-28 09:03:01] [WARNING] Nenhum e-mail encontrado para a data 20251213.
[2026-04-28 09:03:01] [INFO] Pesquisando e-mail com termo: 'Bordero_R0490_20251214'
[2026-04-28 09:03:01] [INFO] Busca enviada para termo: Bordero_R0490_20251214
[2026-04-28 09:03:05] [WARNING] Nenhum e-mail encontrado para a data 20251214.
[2026-04-28 09:03:05] [INFO] Pesquisando e-mail com termo: 'Bordero_R0490_20251217'
[2026-04-28 09:03:06] [INFO] Busca enviada para termo: Bordero_R0490_20251217
[2026-04-28 09:03:10] [WARNING] Nenhum e-mail encontrado para a data 20251217.
[2026-04-28 09:03:10] [INFO] Pesquisando e-mail com termo: 'Bordero_R0490_20251218'
[2026-04-28 09:03:10] [INFO] Busca enviada para termo: Bordero_R0490_20251218
[2026-04-28 09:03:14] [WARNING] Nenhum e-mail encontrado para a data 20251218.
[2026-04-28 09:03:14] [INFO] Pesquisando e-mail com termo: 'Bordero_R0490_20251220'
[2026-04-28 09:03:14] [INFO] Busca enviada para termo: Bordero_R0490_20251220
[2026-04-28 09:03:18] [WARNING] Nenhum e-mail encontrado para a data 20251220.
[2026-04-28 09:03:18] [INFO] Pesquisando e-mail com termo: 'Bordero_R0490_20251221'
[2026-04-28 09:03:18] [INFO] Busca enviada para termo: Bordero_R0490_20251221
[2026-04-28 09:03:22] [WARNING] Nenhum e-mail encontrado para a data 20251221.
[2026-04-28 09:03:22] [INFO] Pesquisando e-mail com termo: 'Bordero_R0490_20251227'
[2026-04-28 09:03:23] [INFO] Busca enviada para termo: Bordero_R0490_20251227
[2026-04-28 09:03:27] [WARNING] Nenhum e-mail encontrado para a data 20251227.
[2026-04-28 09:03:27] [INFO] Pesquisando e-mail com termo: 'Bordero_R0490_20251228'
[2026-04-28 09:03:27] [INFO] Busca enviada para termo: Bordero_R0490_20251228
[2026-04-28 09:03:31] [WARNING] Nenhum e-mail encontrado para a data 20251228.
[2026-04-28 09:03:31] [INFO] Pesquisando e-mail com termo: 'Bordero_R0490_20260103'
[2026-04-28 09:03:31] [INFO] Busca enviada para termo: Bordero_R0490_20260103
[2026-04-28 09:03:35] [WARNING] Nenhum e-mail encontrado para a data 20260103.
[2026-04-28 09:03:35] [INFO] Pesquisando e-mail com termo: 'Bordero_R0490_20260104'
[2026-04-28 09:03:35] [INFO] Busca enviada para termo: Bordero_R0490_20260104
[2026-04-28 09:03:39] [WARNING] Nenhum e-mail encontrado para a data 20260104.
[2026-04-28 09:03:39] [INFO] Pesquisando e-mail com termo: 'Bordero_R0490_20260110'
[2026-04-28 09:03:39] [INFO] Busca enviada para termo: Bordero_R0490_20260110
[2026-04-28 09:03:43] [WARNING] Nenhum e-mail encontrado para a data 20260110.
[2026-04-28 09:03:43] [INFO] Pesquisando e-mail com termo: 'Bordero_R0490_20260111'
[2026-04-28 09:03:44] [INFO] Busca enviada para termo: Bordero_R0490_20260111
[2026-04-28 09:03:48] [WARNING] Nenhum e-mail encontrado para a data 20260111.
[2026-04-28 09:03:48] [INFO] Pesquisando e-mail com termo: 'Bordero_R0490_20260117'
[2026-04-28 09:03:48] [INFO] Busca enviada para termo: Bordero_R0490_20260117
[2026-04-28 09:03:52] [WARNING] Nenhum e-mail encontrado para a data 20260117.
[2026-04-28 09:03:52] [INFO] Pesquisando e-mail com termo: 'Bordero_R0490_20260118'
[2026-04-28 09:03:52] [INFO] Busca enviada para termo: Bordero_R0490_20260118
[2026-04-28 09:03:56] [WARNING] Nenhum e-mail encontrado para a data 20260118.
[2026-04-28 09:03:56] [INFO] Pesquisando e-mail com termo: 'Bordero_R0490_20260124'
[2026-04-28 09:03:56] [INFO] Busca enviada para termo: Bordero_R0490_20260124
[2026-04-28 09:04:00] [WARNING] Nenhum e-mail encontrado para a data 20260124.
[2026-04-28 09:04:00] [INFO] Pesquisando e-mail com termo: 'Bordero_R0490_20260125'
[2026-04-28 09:04:01] [INFO] Busca enviada para termo: Bordero_R0490_20260125
[2026-04-28 09:04:05] [WARNING] Nenhum e-mail encontrado para a data 20260125.
[2026-04-28 09:04:05] [INFO] Pesquisando e-mail com termo: 'Bordero_R0490_20260131'
[2026-04-28 09:04:05] [INFO] Busca enviada para termo: Bordero_R0490_20260131
[2026-04-28 09:04:09] [WARNING] Nenhum e-mail encontrado para a data 20260131.
[2026-04-28 09:04:09] [INFO] Pesquisando e-mail com termo: 'Bordero_R0490_20260201'
[2026-04-28 09:04:09] [INFO] Busca enviada para termo: Bordero_R0490_20260201
[2026-04-28 09:04:13] [WARNING] Nenhum e-mail encontrado para a data 20260201.
[2026-04-28 09:04:13] [INFO] Pesquisando e-mail com termo: 'Bordero_R0490_20260202'
[2026-04-28 09:04:13] [INFO] Busca enviada para termo: Bordero_R0490_20260202
[2026-04-28 09:04:17] [WARNING] Nenhum e-mail encontrado para a data 20260202.
[2026-04-28 09:04:17] [INFO] Pesquisando e-mail com termo: 'Bordero_R0490_20260203'
[2026-04-28 09:04:17] [INFO] Busca enviada para termo: Bordero_R0490_20260203
[2026-04-28 09:04:21] [WARNING] Nenhum e-mail encontrado para a data 20260203.
[2026-04-28 09:04:21] [INFO] Pesquisando e-mail com termo: 'Bordero_R0490_20260207'
[2026-04-28 09:04:22] [INFO] Busca enviada para termo: Bordero_R0490_20260207
[2026-04-28 09:04:26] [WARNING] Nenhum e-mail encontrado para a data 20260207.
[2026-04-28 09:04:26] [INFO] Pesquisando e-mail com termo: 'Bordero_R0490_20260208'
[2026-04-28 09:04:26] [INFO] Busca enviada para termo: Bordero_R0490_20260208
[2026-04-28 09:04:30] [WARNING] Nenhum e-mail encontrado para a data 20260208.
[2026-04-28 09:04:30] [INFO] Pesquisando e-mail com termo: 'Bordero_R0490_20260214'
[2026-04-28 09:04:30] [INFO] Busca enviada para termo: Bordero_R0490_20260214
[2026-04-28 09:04:34] [WARNING] Nenhum e-mail encontrado para a data 20260214.
[2026-04-28 09:04:34] [INFO] Pesquisando e-mail com termo: 'Bordero_R0490_20260215'
[2026-04-28 09:04:34] [INFO] Busca enviada para termo: Bordero_R0490_20260215
[2026-04-28 09:04:38] [WARNING] Nenhum e-mail encontrado para a data 20260215.
[2026-04-28 09:04:38] [INFO] Pesquisando e-mail com termo: 'Bordero_R0490_20260220'
[2026-04-28 09:04:38] [INFO] Busca enviada para termo: Bordero_R0490_20260220
[2026-04-28 09:04:43] [WARNING] Nenhum e-mail encontrado para a data 20260220.
[2026-04-28 09:04:43] [INFO] Pesquisando e-mail com termo: 'Bordero_R0490_20260221'
[2026-04-28 09:04:43] [INFO] Busca enviada para termo: Bordero_R0490_20260221
[2026-04-28 09:04:47] [WARNING] Nenhum e-mail encontrado para a data 20260221.
[2026-04-28 09:04:47] [INFO] Pesquisando e-mail com termo: 'Bordero_R0490_20260222'
[2026-04-28 09:04:47] [INFO] Busca enviada para termo: Bordero_R0490_20260222
[2026-04-28 09:04:51] [WARNING] Nenhum e-mail encontrado para a data 20260222.
[2026-04-28 09:04:51] [INFO] Pesquisando e-mail com termo: 'Bordero_R0490_20260228'
[2026-04-28 09:04:51] [INFO] Busca enviada para termo: Bordero_R0490_20260228
[2026-04-28 09:04:55] [WARNING] Nenhum e-mail encontrado para a data 20260228.
[2026-04-28 09:04:55] [INFO] Pesquisando e-mail com termo: 'Bordero_R0490_20260301'
[2026-04-28 09:04:55] [INFO] Busca enviada para termo: Bordero_R0490_20260301
[2026-04-28 09:04:59] [WARNING] Nenhum e-mail encontrado para a data 20260301.
[2026-04-28 09:04:59] [INFO] Pesquisando e-mail com termo: 'Bordero_R0490_20260307'
[2026-04-28 09:05:00] [INFO] Busca enviada para termo: Bordero_R0490_20260307
[2026-04-28 09:05:04] [WARNING] Nenhum e-mail encontrado para a data 20260307.
[2026-04-28 09:05:04] [INFO] Pesquisando e-mail com termo: 'Bordero_R0490_20260308'
[2026-04-28 09:05:04] [INFO] Busca enviada para termo: Bordero_R0490_20260308
[2026-04-28 09:05:08] [WARNING] Nenhum e-mail encontrado para a data 20260308.
[2026-04-28 09:05:08] [INFO] Pesquisando e-mail com termo: 'Bordero_R0490_20260314'
[2026-04-28 09:05:08] [INFO] Busca enviada para termo: Bordero_R0490_20260314
[2026-04-28 09:05:12] [WARNING] Nenhum e-mail encontrado para a data 20260314.
[2026-04-28 09:05:12] [INFO] Pesquisando e-mail com termo: 'Bordero_R0490_20260315'
[2026-04-28 09:05:12] [INFO] Busca enviada para termo: Bordero_R0490_20260315
[2026-04-28 09:05:16] [WARNING] Nenhum e-mail encontrado para a data 20260315.
[2026-04-28 09:05:16] [INFO] Pesquisando e-mail com termo: 'Bordero_R0490_20260320'
[2026-04-28 09:05:16] [INFO] Busca enviada para termo: Bordero_R0490_20260320
[2026-04-28 09:05:21] [WARNING] Nenhum e-mail encontrado para a data 20260320.
[2026-04-28 09:05:21] [INFO] Pesquisando e-mail com termo: 'Bordero_R0490_20260321'
[2026-04-28 09:05:21] [INFO] Busca enviada para termo: Bordero_R0490_20260321
[2026-04-28 09:05:25] [WARNING] Nenhum e-mail encontrado para a data 20260321.
[2026-04-28 09:05:25] [INFO] Pesquisando e-mail com termo: 'Bordero_R0490_20260322'
[2026-04-28 09:05:25] [INFO] Busca enviada para termo: Bordero_R0490_20260322
[2026-04-28 09:05:29] [WARNING] Nenhum e-mail encontrado para a data 20260322.
[2026-04-28 09:05:29] [INFO] Pesquisando e-mail com termo: 'Bordero_R0490_20260324'
[2026-04-28 09:05:29] [INFO] Busca enviada para termo: Bordero_R0490_20260324
[2026-04-28 09:05:33] [WARNING] Nenhum e-mail encontrado para a data 20260324.
[2026-04-28 09:05:33] [INFO] Pesquisando e-mail com termo: 'Bordero_R0490_20260328'
[2026-04-28 09:05:33] [INFO] Busca enviada para termo: Bordero_R0490_20260328
[2026-04-28 09:05:37] [WARNING] Nenhum e-mail encontrado para a data 20260328.
[2026-04-28 09:05:37] [INFO] Pesquisando e-mail com termo: 'Bordero_R0490_20260329'
[2026-04-28 09:05:38] [INFO] Busca enviada para termo: Bordero_R0490_20260329
[2026-04-28 09:05:42] [WARNING] Nenhum e-mail encontrado para a data 20260329.
[2026-04-28 09:05:42] [INFO] Pesquisando e-mail com termo: 'Bordero_R0490_20260401'
[2026-04-28 09:05:42] [INFO] Busca enviada para termo: Bordero_R0490_20260401
[2026-04-28 09:05:46] [WARNING] Nenhum e-mail encontrado para a data 20260401.
[2026-04-28 09:05:46] [INFO] Pesquisando e-mail com termo: 'Bordero_R0490_20260404'
[2026-04-28 09:05:46] [INFO] Busca enviada para termo: Bordero_R0490_20260404
[2026-04-28 09:05:50] [WARNING] Nenhum e-mail encontrado para a data 20260404.
[2026-04-28 09:05:50] [INFO] Pesquisando e-mail com termo: 'Bordero_R0490_20260405'
[2026-04-28 09:05:50] [INFO] Busca enviada para termo: Bordero_R0490_20260405
[2026-04-28 09:05:54] [WARNING] Nenhum e-mail encontrado para a data 20260405.
[2026-04-28 09:05:54] [INFO] Pesquisando e-mail com termo: 'Bordero_R0490_20260407'
[2026-04-28 09:05:54] [INFO] Busca enviada para termo: Bordero_R0490_20260407
[2026-04-28 09:05:58] [WARNING] Nenhum e-mail encontrado para a data 20260407.
[2026-04-28 09:05:58] [INFO] Pesquisando e-mail com termo: 'Bordero_R0490_20260411'
[2026-04-28 09:05:59] [INFO] Busca enviada para termo: Bordero_R0490_20260411
[2026-04-28 09:06:03] [WARNING] Nenhum e-mail encontrado para a data 20260411.
[2026-04-28 09:06:03] [INFO] Pesquisando e-mail com termo: 'Bordero_R0490_20260412'
[2026-04-28 09:06:03] [INFO] Busca enviada para termo: Bordero_R0490_20260412
[2026-04-28 09:06:07] [WARNING] Nenhum e-mail encontrado para a data 20260412.
[2026-04-28 09:06:07] [INFO] Pesquisando e-mail com termo: 'Bordero_R0490_20260417'
[2026-04-28 09:06:07] [INFO] Busca enviada para termo: Bordero_R0490_20260417
[2026-04-28 09:06:11] [WARNING] Nenhum e-mail encontrado para a data 20260417.
[2026-04-28 09:06:11] [INFO] Pesquisando e-mail com termo: 'Bordero_R0490_20260418'
[2026-04-28 09:06:11] [INFO] Busca enviada para termo: Bordero_R0490_20260418
[2026-04-28 09:06:15] [WARNING] Nenhum e-mail encontrado para a data 20260418.
[2026-04-28 09:06:15] [INFO] Pesquisando e-mail com termo: 'Bordero_R0490_20260419'
[2026-04-28 09:06:16] [INFO] Busca enviada para termo: Bordero_R0490_20260419
[2026-04-28 09:06:20] [WARNING] Nenhum e-mail encontrado para a data 20260419.
[2026-04-28 09:06:20] [INFO] Pesquisando e-mail com termo: 'Bordero_R0490_20260425'
[2026-04-28 09:06:20] [INFO] Busca enviada para termo: Bordero_R0490_20260425
[2026-04-28 09:06:24] [WARNING] Nenhum e-mail encontrado para a data 20260425.
[2026-04-28 09:06:24] [INFO] Pesquisando e-mail com termo: 'Bordero_R0490_20260426'
[2026-04-28 09:06:24] [INFO] Busca enviada para termo: Bordero_R0490_20260426
[2026-04-28 09:06:28] [WARNING] Nenhum e-mail encontrado para a data 20260426.
[2026-04-28 09:06:28] [INFO] Pesquisando e-mail com termo: 'Bordero_R0490_20260428'
[2026-04-28 09:06:28] [INFO] Busca enviada para termo: Bordero_R0490_20260428
[2026-04-28 09:06:32] [INFO] Clicado no primeiro e-mail da lista (visualização).
[2026-04-28 09:06:35] [INFO] Realizado duplo clique (abrir em nova janela se houver).
[2026-04-28 09:06:35] [INFO] Nova janela com o e-mail foi aberta.
[2026-04-28 09:06:35] [INFO] Link de anexo (a) encontrado.
[2026-04-28 09:06:35] [INFO] Nome real do anexo identificado: Bordero_R0490_20260428_578924.ZIP
[2026-04-28 09:06:35] [INFO] Clique direto no <a> do anexo realizado (estratégia 1).
[2026-04-28 09:06:36] [INFO] Arquivo detectado na pasta de downloads: C:\Users\administrador\Downloads\Bordero_R0490_20260428_578924.ZIP
[2026-04-28 09:06:36] [INFO] Nome normalizado para histórico: Bordero_R0490_20260428.zip
[2026-04-28 09:06:36] [INFO] Arquivo movido de C:\Users\administrador\Downloads\Bordero_R0490_20260428_578924.ZIP para C:\temp\arquivo.zip
[2026-04-28 09:06:36] [INFO] Arquivo extraído com sucesso para: C:\Bordero Credsystem\Extraido
[2026-04-28 09:06:36] [INFO] Arquivo removido (não CSV): C:\Bordero Credsystem\Extraido\Bordero_R0490_L026364_20260428_24157.TXT
[2026-04-28 09:06:36] [INFO] Arquivo removido (não CSV): C:\Bordero Credsystem\Extraido\Bordero_R0490_L026367_20260428_24159.TXT
[2026-04-28 09:06:36] [INFO] Arquivo removido (não CSV): C:\Bordero Credsystem\Extraido\Bordero_R0490_L026380_20260428_24161.TXT
[2026-04-28 09:06:36] [INFO] Arquivo removido (não CSV): C:\Bordero Credsystem\Extraido\Bordero_R0490_L026384_20260428_24163.TXT
[2026-04-28 09:06:36] [INFO] Arquivo removido (não CSV): C:\Bordero Credsystem\Extraido\Bordero_R0490_L026385_20260428_24165.TXT
[2026-04-28 09:06:36] [INFO] Arquivo removido (não CSV): C:\Bordero Credsystem\Extraido\Bordero_R0490_L026408_20260428_24167.TXT
[2026-04-28 09:06:36] [INFO] Arquivo removido (não CSV): C:\Bordero Credsystem\Extraido\Bordero_R0490_L026409_20260428_24169.TXT
[2026-04-28 09:06:36] [INFO] Arquivo removido (não CSV): C:\Bordero Credsystem\Extraido\Bordero_R0490_L026413_20260428_24171.TXT
[2026-04-28 09:06:36] [INFO] Arquivo removido (não CSV): C:\Bordero Credsystem\Extraido\Bordero_R0490_L026414_20260428_24173.TXT
[2026-04-28 09:06:36] [INFO] Arquivo removido (não CSV): C:\Bordero Credsystem\Extraido\Bordero_R0490_L026417_20260428_24175.TXT
[2026-04-28 09:06:36] [INFO] Arquivo removido (não CSV): C:\Bordero Credsystem\Extraido\Bordero_R0490_L026422_20260428_24177.TXT
[2026-04-28 09:06:36] [INFO] Arquivo removido (não CSV): C:\Bordero Credsystem\Extraido\Bordero_R0490_L027095_20260428_24213.TXT
[2026-04-28 09:06:36] [INFO] Arquivo removido (não CSV): C:\Bordero Credsystem\Extraido\Bordero_R0490_L028960_20260428_24254.TXT
[2026-04-28 09:06:36] [INFO] Arquivo removido (não CSV): C:\Bordero Credsystem\Extraido\Bordero_R0490_L029748_20260428_24282.TXT
[2026-04-28 09:06:36] [INFO] Arquivo removido (não CSV): C:\Bordero Credsystem\Extraido\Bordero_R0490_L030439_20260428_24365.TXT
[2026-04-28 09:06:36] [INFO] Arquivo removido (não CSV): C:\Bordero Credsystem\Extraido\Bordero_R0490_L031321_20260428_24602.TXT
[2026-04-28 09:06:36] [INFO] Arquivo removido (não CSV): C:\Bordero Credsystem\Extraido\Bordero_R0490_L031386_20260428_24606.TXT
[2026-04-28 09:06:36] [INFO] Arquivo removido (não CSV): C:\Bordero Credsystem\Extraido\Bordero_R0490_L033116_20260428_25554.TXT
[2026-04-28 09:06:36] [INFO] Arquivo ZIP removido após extração: C:\temp\arquivo.zip
[2026-04-28 09:06:36] [INFO] Arquivo da data 20260428 processado com sucesso e histórico atualizado.
[2026-04-28 09:06:39] [INFO] Navegador encerrado.
[2026-04-29 09:00:04] [INFO] ====================================================================================================
[2026-04-29 09:00:04] [INFO]                          INICIANDO RPA PARA DOWNLOAD DE BORDERO NO WEBMAIL
[2026-04-29 09:00:04] [INFO]                                 Autor: John Kennedy | Versão: 1.0.3                                 
[2026-04-29 09:00:04] [INFO] ====================================================================================================
[2026-04-29 09:00:04] [INFO] Datas pendentes para buscar: 20250821, 20250823, 20250824, 20250830, 20250831, 20250906, 20250907, 20250913, 20250914, 20250920, 20250921, 20250927, 20250928, 20251004, 20251005, 20251011, 20251012, 20251018, 20251019, 20251022, 20251025, 20251026, 20251101, 20251102, 20251106, 20251108, 20251109, 20251115, 20251116, 20251122, 20251123, 20251124, 20251129, 20251130, 20251206, 20251207, 20251211, 20251213, 20251214, 20251217, 20251218, 20251220, 20251221, 20251227, 20251228, 20260103, 20260104, 20260110, 20260111, 20260117, 20260118, 20260124, 20260125, 20260131, 20260201, 20260202, 20260203, 20260207, 20260208, 20260214, 20260215, 20260220, 20260221, 20260222, 20260228, 20260301, 20260307, 20260308, 20260314, 20260315, 20260320, 20260321, 20260322, 20260324, 20260328, 20260329, 20260401, 20260404, 20260405, 20260407, 20260411, 20260412, 20260417, 20260418, 20260419, 20260425, 20260426, 20260429
[2026-04-29 09:00:07] [INFO] Page.setDownloadBehavior configurado para: C:\Users\administrador\Downloads
[2026-04-29 09:00:07] [INFO] Chrome iniciado.
[2026-04-29 09:00:16] [INFO] Login realizado.
[2026-04-29 09:00:21] [INFO] Pesquisando e-mail com termo: 'Bordero_R0490_20250821'
[2026-04-29 09:00:21] [INFO] Busca enviada para termo: Bordero_R0490_20250821
[2026-04-29 09:00:26] [WARNING] Nenhum e-mail encontrado para a data 20250821.
[2026-04-29 09:00:26] [INFO] Pesquisando e-mail com termo: 'Bordero_R0490_20250823'
[2026-04-29 09:00:26] [INFO] Busca enviada para termo: Bordero_R0490_20250823
[2026-04-29 09:00:30] [WARNING] Nenhum e-mail encontrado para a data 20250823.
[2026-04-29 09:00:30] [INFO] Pesquisando e-mail com termo: 'Bordero_R0490_20250824'
[2026-04-29 09:00:30] [INFO] Busca enviada para termo: Bordero_R0490_20250824
[2026-04-29 09:00:34] [WARNING] Nenhum e-mail encontrado para a data 20250824.
[2026-04-29 09:00:34] [INFO] Pesquisando e-mail com termo: 'Bordero_R0490_20250830'
[2026-04-29 09:00:34] [INFO] Busca enviada para termo: Bordero_R0490_20250830
[2026-04-29 09:00:38] [WARNING] Nenhum e-mail encontrado para a data 20250830.
[2026-04-29 09:00:38] [INFO] Pesquisando e-mail com termo: 'Bordero_R0490_20250831'
[2026-04-29 09:00:38] [INFO] Busca enviada para termo: Bordero_R0490_20250831
[2026-04-29 09:00:42] [WARNING] Nenhum e-mail encontrado para a data 20250831.
[2026-04-29 09:00:42] [INFO] Pesquisando e-mail com termo: 'Bordero_R0490_20250906'
[2026-04-29 09:00:42] [INFO] Busca enviada para termo: Bordero_R0490_20250906
[2026-04-29 09:00:47] [WARNING] Nenhum e-mail encontrado para a data 20250906.
[2026-04-29 09:00:47] [INFO] Pesquisando e-mail com termo: 'Bordero_R0490_20250907'
[2026-04-29 09:00:47] [INFO] Busca enviada para termo: Bordero_R0490_20250907
[2026-04-29 09:00:51] [WARNING] Nenhum e-mail encontrado para a data 20250907.
[2026-04-29 09:00:51] [INFO] Pesquisando e-mail com termo: 'Bordero_R0490_20250913'
[2026-04-29 09:00:51] [INFO] Busca enviada para termo: Bordero_R0490_20250913
[2026-04-29 09:00:55] [WARNING] Nenhum e-mail encontrado para a data 20250913.
[2026-04-29 09:00:55] [INFO] Pesquisando e-mail com termo: 'Bordero_R0490_20250914'
[2026-04-29 09:00:55] [INFO] Busca enviada para termo: Bordero_R0490_20250914
[2026-04-29 09:00:59] [WARNING] Nenhum e-mail encontrado para a data 20250914.
[2026-04-29 09:00:59] [INFO] Pesquisando e-mail com termo: 'Bordero_R0490_20250920'
[2026-04-29 09:00:59] [INFO] Busca enviada para termo: Bordero_R0490_20250920
[2026-04-29 09:01:03] [WARNING] Nenhum e-mail encontrado para a data 20250920.
[2026-04-29 09:01:03] [INFO] Pesquisando e-mail com termo: 'Bordero_R0490_20250921'
[2026-04-29 09:01:03] [INFO] Busca enviada para termo: Bordero_R0490_20250921
[2026-04-29 09:01:07] [WARNING] Nenhum e-mail encontrado para a data 20250921.
[2026-04-29 09:01:07] [INFO] Pesquisando e-mail com termo: 'Bordero_R0490_20250927'
[2026-04-29 09:01:08] [INFO] Busca enviada para termo: Bordero_R0490_20250927
[2026-04-29 09:01:12] [WARNING] Nenhum e-mail encontrado para a data 20250927.
[2026-04-29 09:01:12] [INFO] Pesquisando e-mail com termo: 'Bordero_R0490_20250928'
[2026-04-29 09:01:12] [INFO] Busca enviada para termo: Bordero_R0490_20250928
[2026-04-29 09:01:16] [WARNING] Nenhum e-mail encontrado para a data 20250928.
[2026-04-29 09:01:16] [INFO] Pesquisando e-mail com termo: 'Bordero_R0490_20251004'
[2026-04-29 09:01:16] [INFO] Busca enviada para termo: Bordero_R0490_20251004
[2026-04-29 09:01:20] [WARNING] Nenhum e-mail encontrado para a data 20251004.
[2026-04-29 09:01:20] [INFO] Pesquisando e-mail com termo: 'Bordero_R0490_20251005'
[2026-04-29 09:01:20] [INFO] Busca enviada para termo: Bordero_R0490_20251005
[2026-04-29 09:01:24] [WARNING] Nenhum e-mail encontrado para a data 20251005.
[2026-04-29 09:01:24] [INFO] Pesquisando e-mail com termo: 'Bordero_R0490_20251011'
[2026-04-29 09:01:25] [INFO] Busca enviada para termo: Bordero_R0490_20251011
[2026-04-29 09:01:29] [WARNING] Nenhum e-mail encontrado para a data 20251011.
[2026-04-29 09:01:29] [INFO] Pesquisando e-mail com termo: 'Bordero_R0490_20251012'
[2026-04-29 09:01:29] [INFO] Busca enviada para termo: Bordero_R0490_20251012
[2026-04-29 09:01:33] [WARNING] Nenhum e-mail encontrado para a data 20251012.
[2026-04-29 09:01:33] [INFO] Pesquisando e-mail com termo: 'Bordero_R0490_20251018'
[2026-04-29 09:01:33] [INFO] Busca enviada para termo: Bordero_R0490_20251018
[2026-04-29 09:01:37] [WARNING] Nenhum e-mail encontrado para a data 20251018.
[2026-04-29 09:01:37] [INFO] Pesquisando e-mail com termo: 'Bordero_R0490_20251019'
[2026-04-29 09:01:37] [INFO] Busca enviada para termo: Bordero_R0490_20251019
[2026-04-29 09:01:41] [WARNING] Nenhum e-mail encontrado para a data 20251019.
[2026-04-29 09:01:41] [INFO] Pesquisando e-mail com termo: 'Bordero_R0490_20251022'
[2026-04-29 09:01:41] [INFO] Busca enviada para termo: Bordero_R0490_20251022
[2026-04-29 09:01:45] [WARNING] Nenhum e-mail encontrado para a data 20251022.
[2026-04-29 09:01:45] [INFO] Pesquisando e-mail com termo: 'Bordero_R0490_20251025'
[2026-04-29 09:01:45] [INFO] Busca enviada para termo: Bordero_R0490_20251025
[2026-04-29 09:01:50] [WARNING] Nenhum e-mail encontrado para a data 20251025.
[2026-04-29 09:01:50] [INFO] Pesquisando e-mail com termo: 'Bordero_R0490_20251026'
[2026-04-29 09:01:50] [INFO] Busca enviada para termo: Bordero_R0490_20251026
[2026-04-29 09:01:54] [WARNING] Nenhum e-mail encontrado para a data 20251026.
[2026-04-29 09:01:54] [INFO] Pesquisando e-mail com termo: 'Bordero_R0490_20251101'
[2026-04-29 09:01:54] [INFO] Busca enviada para termo: Bordero_R0490_20251101
[2026-04-29 09:01:58] [WARNING] Nenhum e-mail encontrado para a data 20251101.
[2026-04-29 09:01:58] [INFO] Pesquisando e-mail com termo: 'Bordero_R0490_20251102'
[2026-04-29 09:01:58] [INFO] Busca enviada para termo: Bordero_R0490_20251102
[2026-04-29 09:02:02] [WARNING] Nenhum e-mail encontrado para a data 20251102.
[2026-04-29 09:02:02] [INFO] Pesquisando e-mail com termo: 'Bordero_R0490_20251106'
[2026-04-29 09:02:02] [INFO] Busca enviada para termo: Bordero_R0490_20251106
[2026-04-29 09:02:06] [WARNING] Nenhum e-mail encontrado para a data 20251106.
[2026-04-29 09:02:06] [INFO] Pesquisando e-mail com termo: 'Bordero_R0490_20251108'
[2026-04-29 09:02:07] [INFO] Busca enviada para termo: Bordero_R0490_20251108
[2026-04-29 09:02:11] [WARNING] Nenhum e-mail encontrado para a data 20251108.
[2026-04-29 09:02:11] [INFO] Pesquisando e-mail com termo: 'Bordero_R0490_20251109'
[2026-04-29 09:02:11] [INFO] Busca enviada para termo: Bordero_R0490_20251109
[2026-04-29 09:02:15] [WARNING] Nenhum e-mail encontrado para a data 20251109.
[2026-04-29 09:02:15] [INFO] Pesquisando e-mail com termo: 'Bordero_R0490_20251115'
[2026-04-29 09:02:15] [INFO] Busca enviada para termo: Bordero_R0490_20251115
[2026-04-29 09:02:19] [WARNING] Nenhum e-mail encontrado para a data 20251115.
[2026-04-29 09:02:19] [INFO] Pesquisando e-mail com termo: 'Bordero_R0490_20251116'
[2026-04-29 09:02:19] [INFO] Busca enviada para termo: Bordero_R0490_20251116
[2026-04-29 09:02:23] [WARNING] Nenhum e-mail encontrado para a data 20251116.
[2026-04-29 09:02:23] [INFO] Pesquisando e-mail com termo: 'Bordero_R0490_20251122'
[2026-04-29 09:02:23] [INFO] Busca enviada para termo: Bordero_R0490_20251122
[2026-04-29 09:02:27] [WARNING] Nenhum e-mail encontrado para a data 20251122.
[2026-04-29 09:02:27] [INFO] Pesquisando e-mail com termo: 'Bordero_R0490_20251123'
[2026-04-29 09:02:28] [INFO] Busca enviada para termo: Bordero_R0490_20251123
[2026-04-29 09:02:32] [WARNING] Nenhum e-mail encontrado para a data 20251123.
[2026-04-29 09:02:32] [INFO] Pesquisando e-mail com termo: 'Bordero_R0490_20251124'
[2026-04-29 09:02:32] [INFO] Busca enviada para termo: Bordero_R0490_20251124
[2026-04-29 09:02:36] [WARNING] Nenhum e-mail encontrado para a data 20251124.
[2026-04-29 09:02:36] [INFO] Pesquisando e-mail com termo: 'Bordero_R0490_20251129'
[2026-04-29 09:02:36] [INFO] Busca enviada para termo: Bordero_R0490_20251129
[2026-04-29 09:02:40] [WARNING] Nenhum e-mail encontrado para a data 20251129.
[2026-04-29 09:02:40] [INFO] Pesquisando e-mail com termo: 'Bordero_R0490_20251130'
[2026-04-29 09:02:40] [INFO] Busca enviada para termo: Bordero_R0490_20251130
[2026-04-29 09:02:44] [WARNING] Nenhum e-mail encontrado para a data 20251130.
[2026-04-29 09:02:44] [INFO] Pesquisando e-mail com termo: 'Bordero_R0490_20251206'
[2026-04-29 09:02:45] [INFO] Busca enviada para termo: Bordero_R0490_20251206
[2026-04-29 09:02:49] [WARNING] Nenhum e-mail encontrado para a data 20251206.
[2026-04-29 09:02:49] [INFO] Pesquisando e-mail com termo: 'Bordero_R0490_20251207'
[2026-04-29 09:02:49] [INFO] Busca enviada para termo: Bordero_R0490_20251207
[2026-04-29 09:02:53] [WARNING] Nenhum e-mail encontrado para a data 20251207.
[2026-04-29 09:02:53] [INFO] Pesquisando e-mail com termo: 'Bordero_R0490_20251211'
[2026-04-29 09:02:53] [INFO] Busca enviada para termo: Bordero_R0490_20251211
[2026-04-29 09:02:57] [WARNING] Nenhum e-mail encontrado para a data 20251211.
[2026-04-29 09:02:57] [INFO] Pesquisando e-mail com termo: 'Bordero_R0490_20251213'
[2026-04-29 09:02:57] [INFO] Busca enviada para termo: Bordero_R0490_20251213
[2026-04-29 09:03:01] [WARNING] Nenhum e-mail encontrado para a data 20251213.
[2026-04-29 09:03:01] [INFO] Pesquisando e-mail com termo: 'Bordero_R0490_20251214'
[2026-04-29 09:03:01] [INFO] Busca enviada para termo: Bordero_R0490_20251214
[2026-04-29 09:03:05] [WARNING] Nenhum e-mail encontrado para a data 20251214.
[2026-04-29 09:03:05] [INFO] Pesquisando e-mail com termo: 'Bordero_R0490_20251217'
[2026-04-29 09:03:06] [INFO] Busca enviada para termo: Bordero_R0490_20251217
[2026-04-29 09:03:10] [WARNING] Nenhum e-mail encontrado para a data 20251217.
[2026-04-29 09:03:10] [INFO] Pesquisando e-mail com termo: 'Bordero_R0490_20251218'
[2026-04-29 09:03:10] [INFO] Busca enviada para termo: Bordero_R0490_20251218
[2026-04-29 09:03:14] [WARNING] Nenhum e-mail encontrado para a data 20251218.
[2026-04-29 09:03:14] [INFO] Pesquisando e-mail com termo: 'Bordero_R0490_20251220'
[2026-04-29 09:03:14] [INFO] Busca enviada para termo: Bordero_R0490_20251220
[2026-04-29 09:03:18] [WARNING] Nenhum e-mail encontrado para a data 20251220.
[2026-04-29 09:03:18] [INFO] Pesquisando e-mail com termo: 'Bordero_R0490_20251221'
[2026-04-29 09:03:18] [INFO] Busca enviada para termo: Bordero_R0490_20251221
[2026-04-29 09:03:22] [WARNING] Nenhum e-mail encontrado para a data 20251221.
[2026-04-29 09:03:22] [INFO] Pesquisando e-mail com termo: 'Bordero_R0490_20251227'
[2026-04-29 09:03:22] [INFO] Busca enviada para termo: Bordero_R0490_20251227
[2026-04-29 09:03:26] [WARNING] Nenhum e-mail encontrado para a data 20251227.
[2026-04-29 09:03:26] [INFO] Pesquisando e-mail com termo: 'Bordero_R0490_20251228'
[2026-04-29 09:03:27] [INFO] Busca enviada para termo: Bordero_R0490_20251228
[2026-04-29 09:03:31] [WARNING] Nenhum e-mail encontrado para a data 20251228.
[2026-04-29 09:03:31] [INFO] Pesquisando e-mail com termo: 'Bordero_R0490_20260103'
[2026-04-29 09:03:31] [INFO] Busca enviada para termo: Bordero_R0490_20260103
[2026-04-29 09:03:35] [WARNING] Nenhum e-mail encontrado para a data 20260103.
[2026-04-29 09:03:35] [INFO] Pesquisando e-mail com termo: 'Bordero_R0490_20260104'
[2026-04-29 09:03:35] [INFO] Busca enviada para termo: Bordero_R0490_20260104
[2026-04-29 09:03:39] [WARNING] Nenhum e-mail encontrado para a data 20260104.
[2026-04-29 09:03:39] [INFO] Pesquisando e-mail com termo: 'Bordero_R0490_20260110'
[2026-04-29 09:03:39] [INFO] Busca enviada para termo: Bordero_R0490_20260110
[2026-04-29 09:03:43] [WARNING] Nenhum e-mail encontrado para a data 20260110.
[2026-04-29 09:03:43] [INFO] Pesquisando e-mail com termo: 'Bordero_R0490_20260111'
[2026-04-29 09:03:43] [INFO] Busca enviada para termo: Bordero_R0490_20260111
[2026-04-29 09:03:47] [WARNING] Nenhum e-mail encontrado para a data 20260111.
[2026-04-29 09:03:47] [INFO] Pesquisando e-mail com termo: 'Bordero_R0490_20260117'
[2026-04-29 09:03:48] [INFO] Busca enviada para termo: Bordero_R0490_20260117
[2026-04-29 09:03:52] [WARNING] Nenhum e-mail encontrado para a data 20260117.
[2026-04-29 09:03:52] [INFO] Pesquisando e-mail com termo: 'Bordero_R0490_20260118'
[2026-04-29 09:03:52] [INFO] Busca enviada para termo: Bordero_R0490_20260118
[2026-04-29 09:03:56] [WARNING] Nenhum e-mail encontrado para a data 20260118.
[2026-04-29 09:03:56] [INFO] Pesquisando e-mail com termo: 'Bordero_R0490_20260124'
[2026-04-29 09:03:56] [INFO] Busca enviada para termo: Bordero_R0490_20260124
[2026-04-29 09:04:00] [WARNING] Nenhum e-mail encontrado para a data 20260124.
[2026-04-29 09:04:00] [INFO] Pesquisando e-mail com termo: 'Bordero_R0490_20260125'
[2026-04-29 09:04:00] [INFO] Busca enviada para termo: Bordero_R0490_20260125
[2026-04-29 09:04:04] [WARNING] Nenhum e-mail encontrado para a data 20260125.
[2026-04-29 09:04:04] [INFO] Pesquisando e-mail com termo: 'Bordero_R0490_20260131'
[2026-04-29 09:04:04] [INFO] Busca enviada para termo: Bordero_R0490_20260131
[2026-04-29 09:04:08] [WARNING] Nenhum e-mail encontrado para a data 20260131.
[2026-04-29 09:04:08] [INFO] Pesquisando e-mail com termo: 'Bordero_R0490_20260201'
[2026-04-29 09:04:09] [INFO] Busca enviada para termo: Bordero_R0490_20260201
[2026-04-29 09:04:13] [WARNING] Nenhum e-mail encontrado para a data 20260201.
[2026-04-29 09:04:13] [INFO] Pesquisando e-mail com termo: 'Bordero_R0490_20260202'
[2026-04-29 09:04:13] [INFO] Busca enviada para termo: Bordero_R0490_20260202
[2026-04-29 09:04:17] [WARNING] Nenhum e-mail encontrado para a data 20260202.
[2026-04-29 09:04:17] [INFO] Pesquisando e-mail com termo: 'Bordero_R0490_20260203'
[2026-04-29 09:04:17] [INFO] Busca enviada para termo: Bordero_R0490_20260203
[2026-04-29 09:04:21] [WARNING] Nenhum e-mail encontrado para a data 20260203.
[2026-04-29 09:04:21] [INFO] Pesquisando e-mail com termo: 'Bordero_R0490_20260207'
[2026-04-29 09:04:21] [INFO] Busca enviada para termo: Bordero_R0490_20260207
[2026-04-29 09:04:25] [WARNING] Nenhum e-mail encontrado para a data 20260207.
[2026-04-29 09:04:25] [INFO] Pesquisando e-mail com termo: 'Bordero_R0490_20260208'
[2026-04-29 09:04:25] [INFO] Busca enviada para termo: Bordero_R0490_20260208
[2026-04-29 09:04:29] [WARNING] Nenhum e-mail encontrado para a data 20260208.
[2026-04-29 09:04:29] [INFO] Pesquisando e-mail com termo: 'Bordero_R0490_20260214'
[2026-04-29 09:04:30] [INFO] Busca enviada para termo: Bordero_R0490_20260214
[2026-04-29 09:04:34] [WARNING] Nenhum e-mail encontrado para a data 20260214.
[2026-04-29 09:04:34] [INFO] Pesquisando e-mail com termo: 'Bordero_R0490_20260215'
[2026-04-29 09:04:34] [INFO] Busca enviada para termo: Bordero_R0490_20260215
[2026-04-29 09:04:38] [WARNING] Nenhum e-mail encontrado para a data 20260215.
[2026-04-29 09:04:38] [INFO] Pesquisando e-mail com termo: 'Bordero_R0490_20260220'
[2026-04-29 09:04:38] [INFO] Busca enviada para termo: Bordero_R0490_20260220
[2026-04-29 09:04:42] [WARNING] Nenhum e-mail encontrado para a data 20260220.
[2026-04-29 09:04:42] [INFO] Pesquisando e-mail com termo: 'Bordero_R0490_20260221'
[2026-04-29 09:04:42] [INFO] Busca enviada para termo: Bordero_R0490_20260221
[2026-04-29 09:04:46] [WARNING] Nenhum e-mail encontrado para a data 20260221.
[2026-04-29 09:04:46] [INFO] Pesquisando e-mail com termo: 'Bordero_R0490_20260222'
[2026-04-29 09:04:46] [INFO] Busca enviada para termo: Bordero_R0490_20260222
[2026-04-29 09:04:50] [WARNING] Nenhum e-mail encontrado para a data 20260222.
[2026-04-29 09:04:50] [INFO] Pesquisando e-mail com termo: 'Bordero_R0490_20260228'
[2026-04-29 09:04:51] [INFO] Busca enviada para termo: Bordero_R0490_20260228
[2026-04-29 09:04:55] [WARNING] Nenhum e-mail encontrado para a data 20260228.
[2026-04-29 09:04:55] [INFO] Pesquisando e-mail com termo: 'Bordero_R0490_20260301'
[2026-04-29 09:04:55] [INFO] Busca enviada para termo: Bordero_R0490_20260301
[2026-04-29 09:04:59] [WARNING] Nenhum e-mail encontrado para a data 20260301.
[2026-04-29 09:04:59] [INFO] Pesquisando e-mail com termo: 'Bordero_R0490_20260307'
[2026-04-29 09:04:59] [INFO] Busca enviada para termo: Bordero_R0490_20260307
[2026-04-29 09:05:03] [WARNING] Nenhum e-mail encontrado para a data 20260307.
[2026-04-29 09:05:03] [INFO] Pesquisando e-mail com termo: 'Bordero_R0490_20260308'
[2026-04-29 09:05:03] [INFO] Busca enviada para termo: Bordero_R0490_20260308
[2026-04-29 09:05:07] [WARNING] Nenhum e-mail encontrado para a data 20260308.
[2026-04-29 09:05:07] [INFO] Pesquisando e-mail com termo: 'Bordero_R0490_20260314'
[2026-04-29 09:05:07] [INFO] Busca enviada para termo: Bordero_R0490_20260314
[2026-04-29 09:05:11] [WARNING] Nenhum e-mail encontrado para a data 20260314.
[2026-04-29 09:05:11] [INFO] Pesquisando e-mail com termo: 'Bordero_R0490_20260315'
[2026-04-29 09:05:12] [INFO] Busca enviada para termo: Bordero_R0490_20260315
[2026-04-29 09:05:16] [WARNING] Nenhum e-mail encontrado para a data 20260315.
[2026-04-29 09:05:16] [INFO] Pesquisando e-mail com termo: 'Bordero_R0490_20260320'
[2026-04-29 09:05:16] [INFO] Busca enviada para termo: Bordero_R0490_20260320
[2026-04-29 09:05:20] [WARNING] Nenhum e-mail encontrado para a data 20260320.
[2026-04-29 09:05:20] [INFO] Pesquisando e-mail com termo: 'Bordero_R0490_20260321'
[2026-04-29 09:05:20] [INFO] Busca enviada para termo: Bordero_R0490_20260321
[2026-04-29 09:05:24] [WARNING] Nenhum e-mail encontrado para a data 20260321.
[2026-04-29 09:05:24] [INFO] Pesquisando e-mail com termo: 'Bordero_R0490_20260322'
[2026-04-29 09:05:24] [INFO] Busca enviada para termo: Bordero_R0490_20260322
[2026-04-29 09:05:28] [WARNING] Nenhum e-mail encontrado para a data 20260322.
[2026-04-29 09:05:28] [INFO] Pesquisando e-mail com termo: 'Bordero_R0490_20260324'
[2026-04-29 09:05:29] [INFO] Busca enviada para termo: Bordero_R0490_20260324
[2026-04-29 09:05:33] [WARNING] Nenhum e-mail encontrado para a data 20260324.
[2026-04-29 09:05:33] [INFO] Pesquisando e-mail com termo: 'Bordero_R0490_20260328'
[2026-04-29 09:05:33] [INFO] Busca enviada para termo: Bordero_R0490_20260328
[2026-04-29 09:05:37] [WARNING] Nenhum e-mail encontrado para a data 20260328.
[2026-04-29 09:05:37] [INFO] Pesquisando e-mail com termo: 'Bordero_R0490_20260329'
[2026-04-29 09:05:37] [INFO] Busca enviada para termo: Bordero_R0490_20260329
[2026-04-29 09:05:41] [WARNING] Nenhum e-mail encontrado para a data 20260329.
[2026-04-29 09:05:41] [INFO] Pesquisando e-mail com termo: 'Bordero_R0490_20260401'
[2026-04-29 09:05:41] [INFO] Busca enviada para termo: Bordero_R0490_20260401
[2026-04-29 09:05:45] [WARNING] Nenhum e-mail encontrado para a data 20260401.
[2026-04-29 09:05:45] [INFO] Pesquisando e-mail com termo: 'Bordero_R0490_20260404'
[2026-04-29 09:05:45] [INFO] Busca enviada para termo: Bordero_R0490_20260404
[2026-04-29 09:05:49] [WARNING] Nenhum e-mail encontrado para a data 20260404.
[2026-04-29 09:05:49] [INFO] Pesquisando e-mail com termo: 'Bordero_R0490_20260405'
[2026-04-29 09:05:50] [INFO] Busca enviada para termo: Bordero_R0490_20260405
[2026-04-29 09:05:54] [WARNING] Nenhum e-mail encontrado para a data 20260405.
[2026-04-29 09:05:54] [INFO] Pesquisando e-mail com termo: 'Bordero_R0490_20260407'
[2026-04-29 09:05:54] [INFO] Busca enviada para termo: Bordero_R0490_20260407
[2026-04-29 09:05:58] [WARNING] Nenhum e-mail encontrado para a data 20260407.
[2026-04-29 09:05:58] [INFO] Pesquisando e-mail com termo: 'Bordero_R0490_20260411'
[2026-04-29 09:05:58] [INFO] Busca enviada para termo: Bordero_R0490_20260411
[2026-04-29 09:06:02] [WARNING] Nenhum e-mail encontrado para a data 20260411.
[2026-04-29 09:06:02] [INFO] Pesquisando e-mail com termo: 'Bordero_R0490_20260412'
[2026-04-29 09:06:02] [INFO] Busca enviada para termo: Bordero_R0490_20260412
[2026-04-29 09:06:06] [WARNING] Nenhum e-mail encontrado para a data 20260412.
[2026-04-29 09:06:06] [INFO] Pesquisando e-mail com termo: 'Bordero_R0490_20260417'
[2026-04-29 09:06:06] [INFO] Busca enviada para termo: Bordero_R0490_20260417
[2026-04-29 09:06:11] [WARNING] Nenhum e-mail encontrado para a data 20260417.
[2026-04-29 09:06:11] [INFO] Pesquisando e-mail com termo: 'Bordero_R0490_20260418'
[2026-04-29 09:06:11] [INFO] Busca enviada para termo: Bordero_R0490_20260418
[2026-04-29 09:06:15] [WARNING] Nenhum e-mail encontrado para a data 20260418.
[2026-04-29 09:06:15] [INFO] Pesquisando e-mail com termo: 'Bordero_R0490_20260419'
[2026-04-29 09:06:15] [INFO] Busca enviada para termo: Bordero_R0490_20260419
[2026-04-29 09:06:19] [WARNING] Nenhum e-mail encontrado para a data 20260419.
[2026-04-29 09:06:19] [INFO] Pesquisando e-mail com termo: 'Bordero_R0490_20260425'
[2026-04-29 09:06:19] [INFO] Busca enviada para termo: Bordero_R0490_20260425
[2026-04-29 09:06:23] [WARNING] Nenhum e-mail encontrado para a data 20260425.
[2026-04-29 09:06:23] [INFO] Pesquisando e-mail com termo: 'Bordero_R0490_20260426'
[2026-04-29 09:06:23] [INFO] Busca enviada para termo: Bordero_R0490_20260426
[2026-04-29 09:06:27] [WARNING] Nenhum e-mail encontrado para a data 20260426.
[2026-04-29 09:06:27] [INFO] Pesquisando e-mail com termo: 'Bordero_R0490_20260429'
[2026-04-29 09:06:28] [INFO] Busca enviada para termo: Bordero_R0490_20260429
[2026-04-29 09:06:32] [INFO] Clicado no primeiro e-mail da lista (visualização).
[2026-04-29 09:06:34] [INFO] Realizado duplo clique (abrir em nova janela se houver).
[2026-04-29 09:06:34] [INFO] Nova janela com o e-mail foi aberta.
[2026-04-29 09:06:35] [INFO] Link de anexo (a) encontrado.
[2026-04-29 09:06:35] [INFO] Nome real do anexo identificado: Bordero_R0490_20260429_585856.ZIP
[2026-04-29 09:06:35] [INFO] Clique direto no <a> do anexo realizado (estratégia 1).
[2026-04-29 09:06:36] [INFO] Arquivo detectado na pasta de downloads: C:\Users\administrador\Downloads\Bordero_R0490_20260429_585856.ZIP
[2026-04-29 09:06:36] [INFO] Nome normalizado para histórico: Bordero_R0490_20260429.zip
[2026-04-29 09:06:36] [INFO] Arquivo movido de C:\Users\administrador\Downloads\Bordero_R0490_20260429_585856.ZIP para C:\temp\arquivo.zip
[2026-04-29 09:06:36] [INFO] Arquivo extraído com sucesso para: C:\Bordero Credsystem\Extraido
[2026-04-29 09:06:36] [INFO] Arquivo removido (não CSV): C:\Bordero Credsystem\Extraido\Bordero_R0490_L026364_20260429_31101.TXT
[2026-04-29 09:06:36] [INFO] Arquivo removido (não CSV): C:\Bordero Credsystem\Extraido\Bordero_R0490_L026367_20260429_31103.TXT
[2026-04-29 09:06:36] [INFO] Arquivo removido (não CSV): C:\Bordero Credsystem\Extraido\Bordero_R0490_L026380_20260429_31105.TXT
[2026-04-29 09:06:36] [INFO] Arquivo removido (não CSV): C:\Bordero Credsystem\Extraido\Bordero_R0490_L026384_20260429_31107.TXT
[2026-04-29 09:06:36] [INFO] Arquivo removido (não CSV): C:\Bordero Credsystem\Extraido\Bordero_R0490_L026385_20260429_31110.TXT
[2026-04-29 09:06:36] [INFO] Arquivo removido (não CSV): C:\Bordero Credsystem\Extraido\Bordero_R0490_L026408_20260429_31112.TXT
[2026-04-29 09:06:36] [INFO] Arquivo removido (não CSV): C:\Bordero Credsystem\Extraido\Bordero_R0490_L026409_20260429_31114.TXT
[2026-04-29 09:06:36] [INFO] Arquivo removido (não CSV): C:\Bordero Credsystem\Extraido\Bordero_R0490_L026413_20260429_31116.TXT
[2026-04-29 09:06:36] [INFO] Arquivo removido (não CSV): C:\Bordero Credsystem\Extraido\Bordero_R0490_L026414_20260429_31118.TXT
[2026-04-29 09:06:36] [INFO] Arquivo removido (não CSV): C:\Bordero Credsystem\Extraido\Bordero_R0490_L026417_20260429_31120.TXT
[2026-04-29 09:06:36] [INFO] Arquivo removido (não CSV): C:\Bordero Credsystem\Extraido\Bordero_R0490_L026422_20260429_31122.TXT
[2026-04-29 09:06:36] [INFO] Arquivo removido (não CSV): C:\Bordero Credsystem\Extraido\Bordero_R0490_L027095_20260429_31159.TXT
[2026-04-29 09:06:36] [INFO] Arquivo removido (não CSV): C:\Bordero Credsystem\Extraido\Bordero_R0490_L028960_20260429_31202.TXT
[2026-04-29 09:06:36] [INFO] Arquivo removido (não CSV): C:\Bordero Credsystem\Extraido\Bordero_R0490_L029748_20260429_31230.TXT
[2026-04-29 09:06:36] [INFO] Arquivo removido (não CSV): C:\Bordero Credsystem\Extraido\Bordero_R0490_L030439_20260429_31315.TXT
[2026-04-29 09:06:36] [INFO] Arquivo removido (não CSV): C:\Bordero Credsystem\Extraido\Bordero_R0490_L031321_20260429_31548.TXT
[2026-04-29 09:06:36] [INFO] Arquivo removido (não CSV): C:\Bordero Credsystem\Extraido\Bordero_R0490_L031386_20260429_31552.TXT
[2026-04-29 09:06:36] [INFO] Arquivo removido (não CSV): C:\Bordero Credsystem\Extraido\Bordero_R0490_L033116_20260429_32486.TXT
[2026-04-29 09:06:36] [INFO] Arquivo ZIP removido após extração: C:\temp\arquivo.zip
[2026-04-29 09:06:36] [INFO] Arquivo da data 20260429 processado com sucesso e histórico atualizado.
[2026-04-29 09:06:38] [INFO] Navegador encerrado.
[2026-04-30 09:00:03] [INFO] ====================================================================================================
[2026-04-30 09:00:03] [INFO]                          INICIANDO RPA PARA DOWNLOAD DE BORDERO NO WEBMAIL
[2026-04-30 09:00:03] [INFO]                                 Autor: John Kennedy | Versão: 1.0.3                                 
[2026-04-30 09:00:03] [INFO] ====================================================================================================
[2026-04-30 09:00:03] [INFO] Datas pendentes para buscar: 20250821, 20250823, 20250824, 20250830, 20250831, 20250906, 20250907, 20250913, 20250914, 20250920, 20250921, 20250927, 20250928, 20251004, 20251005, 20251011, 20251012, 20251018, 20251019, 20251022, 20251025, 20251026, 20251101, 20251102, 20251106, 20251108, 20251109, 20251115, 20251116, 20251122, 20251123, 20251124, 20251129, 20251130, 20251206, 20251207, 20251211, 20251213, 20251214, 20251217, 20251218, 20251220, 20251221, 20251227, 20251228, 20260103, 20260104, 20260110, 20260111, 20260117, 20260118, 20260124, 20260125, 20260131, 20260201, 20260202, 20260203, 20260207, 20260208, 20260214, 20260215, 20260220, 20260221, 20260222, 20260228, 20260301, 20260307, 20260308, 20260314, 20260315, 20260320, 20260321, 20260322, 20260324, 20260328, 20260329, 20260401, 20260404, 20260405, 20260407, 20260411, 20260412, 20260417, 20260418, 20260419, 20260425, 20260426, 20260430
[2026-04-30 09:00:07] [INFO] Page.setDownloadBehavior configurado para: C:\Users\administrador\Downloads
[2026-04-30 09:00:07] [INFO] Chrome iniciado.
[2026-04-30 09:00:17] [INFO] Login realizado.
[2026-04-30 09:00:22] [INFO] Pesquisando e-mail com termo: 'Bordero_R0490_20250821'
[2026-04-30 09:00:23] [INFO] Busca enviada para termo: Bordero_R0490_20250821
[2026-04-30 09:00:27] [WARNING] Nenhum e-mail encontrado para a data 20250821.
[2026-04-30 09:00:27] [INFO] Pesquisando e-mail com termo: 'Bordero_R0490_20250823'
[2026-04-30 09:00:27] [INFO] Busca enviada para termo: Bordero_R0490_20250823
[2026-04-30 09:00:31] [WARNING] Nenhum e-mail encontrado para a data 20250823.
[2026-04-30 09:00:31] [INFO] Pesquisando e-mail com termo: 'Bordero_R0490_20250824'
[2026-04-30 09:00:31] [INFO] Busca enviada para termo: Bordero_R0490_20250824
[2026-04-30 09:00:35] [WARNING] Nenhum e-mail encontrado para a data 20250824.
[2026-04-30 09:00:35] [INFO] Pesquisando e-mail com termo: 'Bordero_R0490_20250830'
[2026-04-30 09:00:35] [INFO] Busca enviada para termo: Bordero_R0490_20250830
[2026-04-30 09:00:39] [WARNING] Nenhum e-mail encontrado para a data 20250830.
[2026-04-30 09:00:39] [INFO] Pesquisando e-mail com termo: 'Bordero_R0490_20250831'
[2026-04-30 09:00:39] [INFO] Busca enviada para termo: Bordero_R0490_20250831
[2026-04-30 09:00:43] [WARNING] Nenhum e-mail encontrado para a data 20250831.
[2026-04-30 09:00:43] [INFO] Pesquisando e-mail com termo: 'Bordero_R0490_20250906'
[2026-04-30 09:00:44] [INFO] Busca enviada para termo: Bordero_R0490_20250906
[2026-04-30 09:00:48] [WARNING] Nenhum e-mail encontrado para a data 20250906.
[2026-04-30 09:00:48] [INFO] Pesquisando e-mail com termo: 'Bordero_R0490_20250907'
[2026-04-30 09:00:48] [INFO] Busca enviada para termo: Bordero_R0490_20250907
[2026-04-30 09:00:52] [WARNING] Nenhum e-mail encontrado para a data 20250907.
[2026-04-30 09:00:52] [INFO] Pesquisando e-mail com termo: 'Bordero_R0490_20250913'
[2026-04-30 09:00:52] [INFO] Busca enviada para termo: Bordero_R0490_20250913
[2026-04-30 09:00:56] [WARNING] Nenhum e-mail encontrado para a data 20250913.
[2026-04-30 09:00:56] [INFO] Pesquisando e-mail com termo: 'Bordero_R0490_20250914'
[2026-04-30 09:00:56] [INFO] Busca enviada para termo: Bordero_R0490_20250914
[2026-04-30 09:01:00] [WARNING] Nenhum e-mail encontrado para a data 20250914.
[2026-04-30 09:01:00] [INFO] Pesquisando e-mail com termo: 'Bordero_R0490_20250920'
[2026-04-30 09:01:00] [INFO] Busca enviada para termo: Bordero_R0490_20250920
[2026-04-30 09:01:04] [WARNING] Nenhum e-mail encontrado para a data 20250920.
[2026-04-30 09:01:04] [INFO] Pesquisando e-mail com termo: 'Bordero_R0490_20250921'
[2026-04-30 09:01:05] [INFO] Busca enviada para termo: Bordero_R0490_20250921
[2026-04-30 09:01:09] [WARNING] Nenhum e-mail encontrado para a data 20250921.
[2026-04-30 09:01:09] [INFO] Pesquisando e-mail com termo: 'Bordero_R0490_20250927'
[2026-04-30 09:01:09] [INFO] Busca enviada para termo: Bordero_R0490_20250927
[2026-04-30 09:01:13] [WARNING] Nenhum e-mail encontrado para a data 20250927.
[2026-04-30 09:01:13] [INFO] Pesquisando e-mail com termo: 'Bordero_R0490_20250928'
[2026-04-30 09:01:13] [INFO] Busca enviada para termo: Bordero_R0490_20250928
[2026-04-30 09:01:17] [WARNING] Nenhum e-mail encontrado para a data 20250928.
[2026-04-30 09:01:17] [INFO] Pesquisando e-mail com termo: 'Bordero_R0490_20251004'
[2026-04-30 09:01:17] [INFO] Busca enviada para termo: Bordero_R0490_20251004
[2026-04-30 09:01:21] [WARNING] Nenhum e-mail encontrado para a data 20251004.
[2026-04-30 09:01:21] [INFO] Pesquisando e-mail com termo: 'Bordero_R0490_20251005'
[2026-04-30 09:01:21] [INFO] Busca enviada para termo: Bordero_R0490_20251005
[2026-04-30 09:01:25] [WARNING] Nenhum e-mail encontrado para a data 20251005.
[2026-04-30 09:01:25] [INFO] Pesquisando e-mail com termo: 'Bordero_R0490_20251011'
[2026-04-30 09:01:26] [INFO] Busca enviada para termo: Bordero_R0490_20251011
[2026-04-30 09:01:30] [WARNING] Nenhum e-mail encontrado para a data 20251011.
[2026-04-30 09:01:30] [INFO] Pesquisando e-mail com termo: 'Bordero_R0490_20251012'
[2026-04-30 09:01:30] [INFO] Busca enviada para termo: Bordero_R0490_20251012
[2026-04-30 09:01:34] [WARNING] Nenhum e-mail encontrado para a data 20251012.
[2026-04-30 09:01:34] [INFO] Pesquisando e-mail com termo: 'Bordero_R0490_20251018'
[2026-04-30 09:01:34] [INFO] Busca enviada para termo: Bordero_R0490_20251018
[2026-04-30 09:01:38] [WARNING] Nenhum e-mail encontrado para a data 20251018.
[2026-04-30 09:01:38] [INFO] Pesquisando e-mail com termo: 'Bordero_R0490_20251019'
[2026-04-30 09:01:38] [INFO] Busca enviada para termo: Bordero_R0490_20251019
[2026-04-30 09:01:42] [WARNING] Nenhum e-mail encontrado para a data 20251019.
[2026-04-30 09:01:42] [INFO] Pesquisando e-mail com termo: 'Bordero_R0490_20251022'
[2026-04-30 09:01:42] [INFO] Busca enviada para termo: Bordero_R0490_20251022
[2026-04-30 09:01:46] [WARNING] Nenhum e-mail encontrado para a data 20251022.
[2026-04-30 09:01:46] [INFO] Pesquisando e-mail com termo: 'Bordero_R0490_20251025'
[2026-04-30 09:01:46] [INFO] Busca enviada para termo: Bordero_R0490_20251025
[2026-04-30 09:01:51] [WARNING] Nenhum e-mail encontrado para a data 20251025.
[2026-04-30 09:01:51] [INFO] Pesquisando e-mail com termo: 'Bordero_R0490_20251026'
[2026-04-30 09:01:51] [INFO] Busca enviada para termo: Bordero_R0490_20251026
[2026-04-30 09:01:55] [WARNING] Nenhum e-mail encontrado para a data 20251026.
[2026-04-30 09:01:55] [INFO] Pesquisando e-mail com termo: 'Bordero_R0490_20251101'
[2026-04-30 09:01:55] [INFO] Busca enviada para termo: Bordero_R0490_20251101
[2026-04-30 09:01:59] [WARNING] Nenhum e-mail encontrado para a data 20251101.
[2026-04-30 09:01:59] [INFO] Pesquisando e-mail com termo: 'Bordero_R0490_20251102'
[2026-04-30 09:01:59] [INFO] Busca enviada para termo: Bordero_R0490_20251102
[2026-04-30 09:02:03] [WARNING] Nenhum e-mail encontrado para a data 20251102.
[2026-04-30 09:02:03] [INFO] Pesquisando e-mail com termo: 'Bordero_R0490_20251106'
[2026-04-30 09:02:03] [INFO] Busca enviada para termo: Bordero_R0490_20251106
[2026-04-30 09:02:07] [WARNING] Nenhum e-mail encontrado para a data 20251106.
[2026-04-30 09:02:07] [INFO] Pesquisando e-mail com termo: 'Bordero_R0490_20251108'
[2026-04-30 09:02:08] [INFO] Busca enviada para termo: Bordero_R0490_20251108
[2026-04-30 09:02:12] [WARNING] Nenhum e-mail encontrado para a data 20251108.
[2026-04-30 09:02:12] [INFO] Pesquisando e-mail com termo: 'Bordero_R0490_20251109'
[2026-04-30 09:02:12] [INFO] Busca enviada para termo: Bordero_R0490_20251109
[2026-04-30 09:02:16] [WARNING] Nenhum e-mail encontrado para a data 20251109.
[2026-04-30 09:02:16] [INFO] Pesquisando e-mail com termo: 'Bordero_R0490_20251115'
[2026-04-30 09:02:16] [INFO] Busca enviada para termo: Bordero_R0490_20251115
[2026-04-30 09:02:20] [WARNING] Nenhum e-mail encontrado para a data 20251115.
[2026-04-30 09:02:20] [INFO] Pesquisando e-mail com termo: 'Bordero_R0490_20251116'
[2026-04-30 09:02:20] [INFO] Busca enviada para termo: Bordero_R0490_20251116
[2026-04-30 09:02:24] [WARNING] Nenhum e-mail encontrado para a data 20251116.
[2026-04-30 09:02:24] [INFO] Pesquisando e-mail com termo: 'Bordero_R0490_20251122'
[2026-04-30 09:02:24] [INFO] Busca enviada para termo: Bordero_R0490_20251122
[2026-04-30 09:02:28] [WARNING] Nenhum e-mail encontrado para a data 20251122.
[2026-04-30 09:02:28] [INFO] Pesquisando e-mail com termo: 'Bordero_R0490_20251123'
[2026-04-30 09:02:29] [INFO] Busca enviada para termo: Bordero_R0490_20251123
[2026-04-30 09:02:33] [WARNING] Nenhum e-mail encontrado para a data 20251123.
[2026-04-30 09:02:33] [INFO] Pesquisando e-mail com termo: 'Bordero_R0490_20251124'
[2026-04-30 09:02:33] [INFO] Busca enviada para termo: Bordero_R0490_20251124
[2026-04-30 09:02:37] [WARNING] Nenhum e-mail encontrado para a data 20251124.
[2026-04-30 09:02:37] [INFO] Pesquisando e-mail com termo: 'Bordero_R0490_20251129'
[2026-04-30 09:02:37] [INFO] Busca enviada para termo: Bordero_R0490_20251129
[2026-04-30 09:02:41] [WARNING] Nenhum e-mail encontrado para a data 20251129.
[2026-04-30 09:02:41] [INFO] Pesquisando e-mail com termo: 'Bordero_R0490_20251130'
[2026-04-30 09:02:41] [INFO] Busca enviada para termo: Bordero_R0490_20251130
[2026-04-30 09:02:45] [WARNING] Nenhum e-mail encontrado para a data 20251130.
[2026-04-30 09:02:45] [INFO] Pesquisando e-mail com termo: 'Bordero_R0490_20251206'
[2026-04-30 09:02:45] [INFO] Busca enviada para termo: Bordero_R0490_20251206
[2026-04-30 09:02:49] [WARNING] Nenhum e-mail encontrado para a data 20251206.
[2026-04-30 09:02:49] [INFO] Pesquisando e-mail com termo: 'Bordero_R0490_20251207'
[2026-04-30 09:02:50] [INFO] Busca enviada para termo: Bordero_R0490_20251207
[2026-04-30 09:02:54] [WARNING] Nenhum e-mail encontrado para a data 20251207.
[2026-04-30 09:02:54] [INFO] Pesquisando e-mail com termo: 'Bordero_R0490_20251211'
[2026-04-30 09:02:54] [INFO] Busca enviada para termo: Bordero_R0490_20251211
[2026-04-30 09:02:58] [WARNING] Nenhum e-mail encontrado para a data 20251211.
[2026-04-30 09:02:58] [INFO] Pesquisando e-mail com termo: 'Bordero_R0490_20251213'
[2026-04-30 09:02:58] [INFO] Busca enviada para termo: Bordero_R0490_20251213
[2026-04-30 09:03:02] [WARNING] Nenhum e-mail encontrado para a data 20251213.
[2026-04-30 09:03:02] [INFO] Pesquisando e-mail com termo: 'Bordero_R0490_20251214'
[2026-04-30 09:03:02] [INFO] Busca enviada para termo: Bordero_R0490_20251214
[2026-04-30 09:03:06] [WARNING] Nenhum e-mail encontrado para a data 20251214.
[2026-04-30 09:03:06] [INFO] Pesquisando e-mail com termo: 'Bordero_R0490_20251217'
[2026-04-30 09:03:06] [INFO] Busca enviada para termo: Bordero_R0490_20251217
[2026-04-30 09:03:10] [WARNING] Nenhum e-mail encontrado para a data 20251217.
[2026-04-30 09:03:10] [INFO] Pesquisando e-mail com termo: 'Bordero_R0490_20251218'
[2026-04-30 09:03:11] [INFO] Busca enviada para termo: Bordero_R0490_20251218
[2026-04-30 09:03:15] [WARNING] Nenhum e-mail encontrado para a data 20251218.
[2026-04-30 09:03:15] [INFO] Pesquisando e-mail com termo: 'Bordero_R0490_20251220'
[2026-04-30 09:03:15] [INFO] Busca enviada para termo: Bordero_R0490_20251220
[2026-04-30 09:03:19] [WARNING] Nenhum e-mail encontrado para a data 20251220.
[2026-04-30 09:03:19] [INFO] Pesquisando e-mail com termo: 'Bordero_R0490_20251221'
[2026-04-30 09:03:19] [INFO] Busca enviada para termo: Bordero_R0490_20251221
[2026-04-30 09:03:23] [WARNING] Nenhum e-mail encontrado para a data 20251221.
[2026-04-30 09:03:23] [INFO] Pesquisando e-mail com termo: 'Bordero_R0490_20251227'
[2026-04-30 09:03:23] [INFO] Busca enviada para termo: Bordero_R0490_20251227
[2026-04-30 09:03:27] [WARNING] Nenhum e-mail encontrado para a data 20251227.
[2026-04-30 09:03:27] [INFO] Pesquisando e-mail com termo: 'Bordero_R0490_20251228'
[2026-04-30 09:03:27] [INFO] Busca enviada para termo: Bordero_R0490_20251228
[2026-04-30 09:03:31] [WARNING] Nenhum e-mail encontrado para a data 20251228.
[2026-04-30 09:03:31] [INFO] Pesquisando e-mail com termo: 'Bordero_R0490_20260103'
[2026-04-30 09:03:32] [INFO] Busca enviada para termo: Bordero_R0490_20260103
[2026-04-30 09:03:36] [WARNING] Nenhum e-mail encontrado para a data 20260103.
[2026-04-30 09:03:36] [INFO] Pesquisando e-mail com termo: 'Bordero_R0490_20260104'
[2026-04-30 09:03:36] [INFO] Busca enviada para termo: Bordero_R0490_20260104
[2026-04-30 09:03:40] [WARNING] Nenhum e-mail encontrado para a data 20260104.
[2026-04-30 09:03:40] [INFO] Pesquisando e-mail com termo: 'Bordero_R0490_20260110'
[2026-04-30 09:03:40] [INFO] Busca enviada para termo: Bordero_R0490_20260110
[2026-04-30 09:03:44] [WARNING] Nenhum e-mail encontrado para a data 20260110.
[2026-04-30 09:03:44] [INFO] Pesquisando e-mail com termo: 'Bordero_R0490_20260111'
[2026-04-30 09:03:44] [INFO] Busca enviada para termo: Bordero_R0490_20260111
[2026-04-30 09:03:48] [WARNING] Nenhum e-mail encontrado para a data 20260111.
[2026-04-30 09:03:48] [INFO] Pesquisando e-mail com termo: 'Bordero_R0490_20260117'
[2026-04-30 09:03:48] [INFO] Busca enviada para termo: Bordero_R0490_20260117
[2026-04-30 09:03:52] [WARNING] Nenhum e-mail encontrado para a data 20260117.
[2026-04-30 09:03:52] [INFO] Pesquisando e-mail com termo: 'Bordero_R0490_20260118'
[2026-04-30 09:03:53] [INFO] Busca enviada para termo: Bordero_R0490_20260118
[2026-04-30 09:03:57] [WARNING] Nenhum e-mail encontrado para a data 20260118.
[2026-04-30 09:03:57] [INFO] Pesquisando e-mail com termo: 'Bordero_R0490_20260124'
[2026-04-30 09:03:57] [INFO] Busca enviada para termo: Bordero_R0490_20260124
[2026-04-30 09:04:01] [WARNING] Nenhum e-mail encontrado para a data 20260124.
[2026-04-30 09:04:01] [INFO] Pesquisando e-mail com termo: 'Bordero_R0490_20260125'
[2026-04-30 09:04:01] [INFO] Busca enviada para termo: Bordero_R0490_20260125
[2026-04-30 09:04:05] [WARNING] Nenhum e-mail encontrado para a data 20260125.
[2026-04-30 09:04:05] [INFO] Pesquisando e-mail com termo: 'Bordero_R0490_20260131'
[2026-04-30 09:04:05] [INFO] Busca enviada para termo: Bordero_R0490_20260131
[2026-04-30 09:04:09] [WARNING] Nenhum e-mail encontrado para a data 20260131.
[2026-04-30 09:04:09] [INFO] Pesquisando e-mail com termo: 'Bordero_R0490_20260201'
[2026-04-30 09:04:09] [INFO] Busca enviada para termo: Bordero_R0490_20260201
[2026-04-30 09:04:13] [WARNING] Nenhum e-mail encontrado para a data 20260201.
[2026-04-30 09:04:13] [INFO] Pesquisando e-mail com termo: 'Bordero_R0490_20260202'
[2026-04-30 09:04:14] [INFO] Busca enviada para termo: Bordero_R0490_20260202
[2026-04-30 09:04:18] [WARNING] Nenhum e-mail encontrado para a data 20260202.
[2026-04-30 09:04:18] [INFO] Pesquisando e-mail com termo: 'Bordero_R0490_20260203'
[2026-04-30 09:04:18] [INFO] Busca enviada para termo: Bordero_R0490_20260203
[2026-04-30 09:04:22] [WARNING] Nenhum e-mail encontrado para a data 20260203.
[2026-04-30 09:04:22] [INFO] Pesquisando e-mail com termo: 'Bordero_R0490_20260207'
[2026-04-30 09:04:22] [INFO] Busca enviada para termo: Bordero_R0490_20260207
[2026-04-30 09:04:26] [WARNING] Nenhum e-mail encontrado para a data 20260207.
[2026-04-30 09:04:26] [INFO] Pesquisando e-mail com termo: 'Bordero_R0490_20260208'
[2026-04-30 09:04:26] [INFO] Busca enviada para termo: Bordero_R0490_20260208
[2026-04-30 09:04:30] [WARNING] Nenhum e-mail encontrado para a data 20260208.
[2026-04-30 09:04:30] [INFO] Pesquisando e-mail com termo: 'Bordero_R0490_20260214'
[2026-04-30 09:04:30] [INFO] Busca enviada para termo: Bordero_R0490_20260214
[2026-04-30 09:04:34] [WARNING] Nenhum e-mail encontrado para a data 20260214.
[2026-04-30 09:04:34] [INFO] Pesquisando e-mail com termo: 'Bordero_R0490_20260215'
[2026-04-30 09:04:35] [INFO] Busca enviada para termo: Bordero_R0490_20260215
[2026-04-30 09:04:39] [WARNING] Nenhum e-mail encontrado para a data 20260215.
[2026-04-30 09:04:39] [INFO] Pesquisando e-mail com termo: 'Bordero_R0490_20260220'
[2026-04-30 09:04:39] [INFO] Busca enviada para termo: Bordero_R0490_20260220
[2026-04-30 09:04:43] [WARNING] Nenhum e-mail encontrado para a data 20260220.
[2026-04-30 09:04:43] [INFO] Pesquisando e-mail com termo: 'Bordero_R0490_20260221'
[2026-04-30 09:04:43] [INFO] Busca enviada para termo: Bordero_R0490_20260221
[2026-04-30 09:04:47] [WARNING] Nenhum e-mail encontrado para a data 20260221.
[2026-04-30 09:04:47] [INFO] Pesquisando e-mail com termo: 'Bordero_R0490_20260222'
[2026-04-30 09:04:47] [INFO] Busca enviada para termo: Bordero_R0490_20260222
[2026-04-30 09:04:51] [WARNING] Nenhum e-mail encontrado para a data 20260222.
[2026-04-30 09:04:51] [INFO] Pesquisando e-mail com termo: 'Bordero_R0490_20260228'
[2026-04-30 09:04:51] [INFO] Busca enviada para termo: Bordero_R0490_20260228
[2026-04-30 09:04:55] [WARNING] Nenhum e-mail encontrado para a data 20260228.
[2026-04-30 09:04:55] [INFO] Pesquisando e-mail com termo: 'Bordero_R0490_20260301'
[2026-04-30 09:04:56] [INFO] Busca enviada para termo: Bordero_R0490_20260301
[2026-04-30 09:05:00] [WARNING] Nenhum e-mail encontrado para a data 20260301.
[2026-04-30 09:05:00] [INFO] Pesquisando e-mail com termo: 'Bordero_R0490_20260307'
[2026-04-30 09:05:00] [INFO] Busca enviada para termo: Bordero_R0490_20260307
[2026-04-30 09:05:04] [WARNING] Nenhum e-mail encontrado para a data 20260307.
[2026-04-30 09:05:04] [INFO] Pesquisando e-mail com termo: 'Bordero_R0490_20260308'
[2026-04-30 09:05:04] [INFO] Busca enviada para termo: Bordero_R0490_20260308
[2026-04-30 09:05:08] [WARNING] Nenhum e-mail encontrado para a data 20260308.
[2026-04-30 09:05:08] [INFO] Pesquisando e-mail com termo: 'Bordero_R0490_20260314'
[2026-04-30 09:05:08] [INFO] Busca enviada para termo: Bordero_R0490_20260314
[2026-04-30 09:05:12] [WARNING] Nenhum e-mail encontrado para a data 20260314.
[2026-04-30 09:05:12] [INFO] Pesquisando e-mail com termo: 'Bordero_R0490_20260315'
[2026-04-30 09:05:13] [INFO] Busca enviada para termo: Bordero_R0490_20260315
[2026-04-30 09:05:17] [WARNING] Nenhum e-mail encontrado para a data 20260315.
[2026-04-30 09:05:17] [INFO] Pesquisando e-mail com termo: 'Bordero_R0490_20260320'
[2026-04-30 09:05:17] [INFO] Busca enviada para termo: Bordero_R0490_20260320
[2026-04-30 09:05:21] [WARNING] Nenhum e-mail encontrado para a data 20260320.
[2026-04-30 09:05:21] [INFO] Pesquisando e-mail com termo: 'Bordero_R0490_20260321'
[2026-04-30 09:05:21] [INFO] Busca enviada para termo: Bordero_R0490_20260321
[2026-04-30 09:05:25] [WARNING] Nenhum e-mail encontrado para a data 20260321.
[2026-04-30 09:05:25] [INFO] Pesquisando e-mail com termo: 'Bordero_R0490_20260322'
[2026-04-30 09:05:25] [INFO] Busca enviada para termo: Bordero_R0490_20260322
[2026-04-30 09:05:29] [WARNING] Nenhum e-mail encontrado para a data 20260322.
[2026-04-30 09:05:29] [INFO] Pesquisando e-mail com termo: 'Bordero_R0490_20260324'
[2026-04-30 09:05:29] [INFO] Busca enviada para termo: Bordero_R0490_20260324
[2026-04-30 09:05:33] [WARNING] Nenhum e-mail encontrado para a data 20260324.
[2026-04-30 09:05:33] [INFO] Pesquisando e-mail com termo: 'Bordero_R0490_20260328'
[2026-04-30 09:05:34] [INFO] Busca enviada para termo: Bordero_R0490_20260328
[2026-04-30 09:05:38] [WARNING] Nenhum e-mail encontrado para a data 20260328.
[2026-04-30 09:05:38] [INFO] Pesquisando e-mail com termo: 'Bordero_R0490_20260329'
[2026-04-30 09:05:38] [INFO] Busca enviada para termo: Bordero_R0490_20260329
[2026-04-30 09:05:42] [WARNING] Nenhum e-mail encontrado para a data 20260329.
[2026-04-30 09:05:42] [INFO] Pesquisando e-mail com termo: 'Bordero_R0490_20260401'
[2026-04-30 09:05:42] [INFO] Busca enviada para termo: Bordero_R0490_20260401
[2026-04-30 09:05:46] [WARNING] Nenhum e-mail encontrado para a data 20260401.
[2026-04-30 09:05:46] [INFO] Pesquisando e-mail com termo: 'Bordero_R0490_20260404'
[2026-04-30 09:05:46] [INFO] Busca enviada para termo: Bordero_R0490_20260404
[2026-04-30 09:05:50] [WARNING] Nenhum e-mail encontrado para a data 20260404.
[2026-04-30 09:05:50] [INFO] Pesquisando e-mail com termo: 'Bordero_R0490_20260405'
[2026-04-30 09:05:50] [INFO] Busca enviada para termo: Bordero_R0490_20260405
[2026-04-30 09:05:54] [WARNING] Nenhum e-mail encontrado para a data 20260405.
[2026-04-30 09:05:54] [INFO] Pesquisando e-mail com termo: 'Bordero_R0490_20260407'
[2026-04-30 09:05:55] [INFO] Busca enviada para termo: Bordero_R0490_20260407
[2026-04-30 09:05:59] [WARNING] Nenhum e-mail encontrado para a data 20260407.
[2026-04-30 09:05:59] [INFO] Pesquisando e-mail com termo: 'Bordero_R0490_20260411'
[2026-04-30 09:05:59] [INFO] Busca enviada para termo: Bordero_R0490_20260411
[2026-04-30 09:06:03] [WARNING] Nenhum e-mail encontrado para a data 20260411.
[2026-04-30 09:06:03] [INFO] Pesquisando e-mail com termo: 'Bordero_R0490_20260412'
[2026-04-30 09:06:03] [INFO] Busca enviada para termo: Bordero_R0490_20260412
[2026-04-30 09:06:07] [WARNING] Nenhum e-mail encontrado para a data 20260412.
[2026-04-30 09:06:07] [INFO] Pesquisando e-mail com termo: 'Bordero_R0490_20260417'
[2026-04-30 09:06:07] [INFO] Busca enviada para termo: Bordero_R0490_20260417
[2026-04-30 09:06:11] [WARNING] Nenhum e-mail encontrado para a data 20260417.
[2026-04-30 09:06:11] [INFO] Pesquisando e-mail com termo: 'Bordero_R0490_20260418'
[2026-04-30 09:06:11] [INFO] Busca enviada para termo: Bordero_R0490_20260418
[2026-04-30 09:06:15] [WARNING] Nenhum e-mail encontrado para a data 20260418.
[2026-04-30 09:06:15] [INFO] Pesquisando e-mail com termo: 'Bordero_R0490_20260419'
[2026-04-30 09:06:16] [INFO] Busca enviada para termo: Bordero_R0490_20260419
[2026-04-30 09:06:20] [WARNING] Nenhum e-mail encontrado para a data 20260419.
[2026-04-30 09:06:20] [INFO] Pesquisando e-mail com termo: 'Bordero_R0490_20260425'
[2026-04-30 09:06:20] [INFO] Busca enviada para termo: Bordero_R0490_20260425
[2026-04-30 09:06:24] [WARNING] Nenhum e-mail encontrado para a data 20260425.
[2026-04-30 09:06:24] [INFO] Pesquisando e-mail com termo: 'Bordero_R0490_20260426'
[2026-04-30 09:06:24] [INFO] Busca enviada para termo: Bordero_R0490_20260426
[2026-04-30 09:06:28] [WARNING] Nenhum e-mail encontrado para a data 20260426.
[2026-04-30 09:06:28] [INFO] Pesquisando e-mail com termo: 'Bordero_R0490_20260430'
[2026-04-30 09:06:28] [INFO] Busca enviada para termo: Bordero_R0490_20260430
[2026-04-30 09:06:32] [INFO] Clicado no primeiro e-mail da lista (visualização).
[2026-04-30 09:06:35] [INFO] Realizado duplo clique (abrir em nova janela se houver).
[2026-04-30 09:06:35] [INFO] Nova janela com o e-mail foi aberta.
[2026-04-30 09:06:35] [INFO] Link de anexo (a) encontrado.
[2026-04-30 09:06:35] [INFO] Nome real do anexo identificado: Bordero_R0490_20260430_592949.ZIP
[2026-04-30 09:06:35] [INFO] Clique direto no <a> do anexo realizado (estratégia 1).
[2026-04-30 09:06:36] [INFO] Arquivo detectado na pasta de downloads: C:\Users\administrador\Downloads\Bordero_R0490_20260430_592949.ZIP
[2026-04-30 09:06:36] [INFO] Nome normalizado para histórico: Bordero_R0490_20260430.zip
[2026-04-30 09:06:36] [INFO] Arquivo movido de C:\Users\administrador\Downloads\Bordero_R0490_20260430_592949.ZIP para C:\temp\arquivo.zip
[2026-04-30 09:06:37] [INFO] Arquivo extraído com sucesso para: C:\Bordero Credsystem\Extraido
[2026-04-30 09:06:37] [INFO] Arquivo removido (não CSV): C:\Bordero Credsystem\Extraido\Bordero_R0490_L026364_20260430_38208.TXT
[2026-04-30 09:06:37] [INFO] Arquivo removido (não CSV): C:\Bordero Credsystem\Extraido\Bordero_R0490_L026367_20260430_38210.TXT
[2026-04-30 09:06:37] [INFO] Arquivo removido (não CSV): C:\Bordero Credsystem\Extraido\Bordero_R0490_L026380_20260430_38213.TXT
[2026-04-30 09:06:37] [INFO] Arquivo removido (não CSV): C:\Bordero Credsystem\Extraido\Bordero_R0490_L026384_20260430_38215.TXT
[2026-04-30 09:06:37] [INFO] Arquivo removido (não CSV): C:\Bordero Credsystem\Extraido\Bordero_R0490_L026385_20260430_38217.TXT
[2026-04-30 09:06:37] [INFO] Arquivo removido (não CSV): C:\Bordero Credsystem\Extraido\Bordero_R0490_L026408_20260430_38219.TXT
[2026-04-30 09:06:37] [INFO] Arquivo removido (não CSV): C:\Bordero Credsystem\Extraido\Bordero_R0490_L026409_20260430_38222.TXT
[2026-04-30 09:06:37] [INFO] Arquivo removido (não CSV): C:\Bordero Credsystem\Extraido\Bordero_R0490_L026413_20260430_38224.TXT
[2026-04-30 09:06:37] [INFO] Arquivo removido (não CSV): C:\Bordero Credsystem\Extraido\Bordero_R0490_L026414_20260430_38227.TXT
[2026-04-30 09:06:37] [INFO] Arquivo removido (não CSV): C:\Bordero Credsystem\Extraido\Bordero_R0490_L026417_20260430_38229.TXT
[2026-04-30 09:06:37] [INFO] Arquivo removido (não CSV): C:\Bordero Credsystem\Extraido\Bordero_R0490_L026422_20260430_38232.TXT
[2026-04-30 09:06:37] [INFO] Arquivo removido (não CSV): C:\Bordero Credsystem\Extraido\Bordero_R0490_L027095_20260430_38269.TXT
[2026-04-30 09:06:37] [INFO] Arquivo removido (não CSV): C:\Bordero Credsystem\Extraido\Bordero_R0490_L028960_20260430_38316.TXT
[2026-04-30 09:06:37] [INFO] Arquivo removido (não CSV): C:\Bordero Credsystem\Extraido\Bordero_R0490_L029748_20260430_38345.TXT
[2026-04-30 09:06:37] [INFO] Arquivo removido (não CSV): C:\Bordero Credsystem\Extraido\Bordero_R0490_L030439_20260430_38428.TXT
[2026-04-30 09:06:37] [INFO] Arquivo removido (não CSV): C:\Bordero Credsystem\Extraido\Bordero_R0490_L031321_20260430_38645.TXT
[2026-04-30 09:06:37] [INFO] Arquivo removido (não CSV): C:\Bordero Credsystem\Extraido\Bordero_R0490_L031386_20260430_38649.TXT
[2026-04-30 09:06:37] [INFO] Arquivo removido (não CSV): C:\Bordero Credsystem\Extraido\Bordero_R0490_L033116_20260430_39579.TXT
[2026-04-30 09:06:37] [INFO] Arquivo ZIP removido após extração: C:\temp\arquivo.zip
[2026-04-30 09:06:37] [INFO] Arquivo da data 20260430 processado com sucesso e histórico atualizado.
[2026-04-30 09:06:39] [INFO] Navegador encerrado.
[2026-05-01 09:00:03] [INFO] ====================================================================================================
[2026-05-01 09:00:03] [INFO]                          INICIANDO RPA PARA DOWNLOAD DE BORDERO NO WEBMAIL
[2026-05-01 09:00:03] [INFO]                                 Autor: John Kennedy | Versão: 1.0.3                                 
[2026-05-01 09:00:03] [INFO] ====================================================================================================
[2026-05-01 09:00:03] [INFO] Datas pendentes para buscar: 20250821, 20250823, 20250824, 20250830, 20250831, 20250906, 20250907, 20250913, 20250914, 20250920, 20250921, 20250927, 20250928, 20251004, 20251005, 20251011, 20251012, 20251018, 20251019, 20251022, 20251025, 20251026, 20251101, 20251102, 20251106, 20251108, 20251109, 20251115, 20251116, 20251122, 20251123, 20251124, 20251129, 20251130, 20251206, 20251207, 20251211, 20251213, 20251214, 20251217, 20251218, 20251220, 20251221, 20251227, 20251228, 20260103, 20260104, 20260110, 20260111, 20260117, 20260118, 20260124, 20260125, 20260131, 20260201, 20260202, 20260203, 20260207, 20260208, 20260214, 20260215, 20260220, 20260221, 20260222, 20260228, 20260301, 20260307, 20260308, 20260314, 20260315, 20260320, 20260321, 20260322, 20260324, 20260328, 20260329, 20260401, 20260404, 20260405, 20260407, 20260411, 20260412, 20260417, 20260418, 20260419, 20260425, 20260426, 20260501
[2026-05-01 09:00:07] [INFO] Page.setDownloadBehavior configurado para: C:\Users\administrador\Downloads
[2026-05-01 09:00:07] [INFO] Chrome iniciado.
[2026-05-01 09:00:16] [INFO] Login realizado.
[2026-05-01 09:00:21] [INFO] Pesquisando e-mail com termo: 'Bordero_R0490_20250821'
[2026-05-01 09:00:22] [INFO] Busca enviada para termo: Bordero_R0490_20250821
[2026-05-01 09:00:26] [WARNING] Nenhum e-mail encontrado para a data 20250821.
[2026-05-01 09:00:26] [INFO] Pesquisando e-mail com termo: 'Bordero_R0490_20250823'
[2026-05-01 09:00:26] [INFO] Busca enviada para termo: Bordero_R0490_20250823
[2026-05-01 09:00:30] [WARNING] Nenhum e-mail encontrado para a data 20250823.
[2026-05-01 09:00:30] [INFO] Pesquisando e-mail com termo: 'Bordero_R0490_20250824'
[2026-05-01 09:00:30] [INFO] Busca enviada para termo: Bordero_R0490_20250824
[2026-05-01 09:00:34] [WARNING] Nenhum e-mail encontrado para a data 20250824.
[2026-05-01 09:00:34] [INFO] Pesquisando e-mail com termo: 'Bordero_R0490_20250830'
[2026-05-01 09:00:34] [INFO] Busca enviada para termo: Bordero_R0490_20250830
[2026-05-01 09:00:38] [WARNING] Nenhum e-mail encontrado para a data 20250830.
[2026-05-01 09:00:38] [INFO] Pesquisando e-mail com termo: 'Bordero_R0490_20250831'
[2026-05-01 09:00:38] [INFO] Busca enviada para termo: Bordero_R0490_20250831
[2026-05-01 09:00:42] [WARNING] Nenhum e-mail encontrado para a data 20250831.
[2026-05-01 09:00:42] [INFO] Pesquisando e-mail com termo: 'Bordero_R0490_20250906'
[2026-05-01 09:00:43] [INFO] Busca enviada para termo: Bordero_R0490_20250906
[2026-05-01 09:00:47] [WARNING] Nenhum e-mail encontrado para a data 20250906.
[2026-05-01 09:00:47] [INFO] Pesquisando e-mail com termo: 'Bordero_R0490_20250907'
[2026-05-01 09:00:47] [INFO] Busca enviada para termo: Bordero_R0490_20250907
[2026-05-01 09:00:51] [WARNING] Nenhum e-mail encontrado para a data 20250907.
[2026-05-01 09:00:51] [INFO] Pesquisando e-mail com termo: 'Bordero_R0490_20250913'
[2026-05-01 09:00:51] [INFO] Busca enviada para termo: Bordero_R0490_20250913
[2026-05-01 09:00:55] [WARNING] Nenhum e-mail encontrado para a data 20250913.
[2026-05-01 09:00:55] [INFO] Pesquisando e-mail com termo: 'Bordero_R0490_20250914'
[2026-05-01 09:00:55] [INFO] Busca enviada para termo: Bordero_R0490_20250914
[2026-05-01 09:00:59] [WARNING] Nenhum e-mail encontrado para a data 20250914.
[2026-05-01 09:00:59] [INFO] Pesquisando e-mail com termo: 'Bordero_R0490_20250920'
[2026-05-01 09:00:59] [INFO] Busca enviada para termo: Bordero_R0490_20250920
[2026-05-01 09:01:03] [WARNING] Nenhum e-mail encontrado para a data 20250920.
[2026-05-01 09:01:03] [INFO] Pesquisando e-mail com termo: 'Bordero_R0490_20250921'
[2026-05-01 09:01:04] [INFO] Busca enviada para termo: Bordero_R0490_20250921
[2026-05-01 09:01:08] [WARNING] Nenhum e-mail encontrado para a data 20250921.
[2026-05-01 09:01:08] [INFO] Pesquisando e-mail com termo: 'Bordero_R0490_20250927'
[2026-05-01 09:01:08] [INFO] Busca enviada para termo: Bordero_R0490_20250927
[2026-05-01 09:01:12] [WARNING] Nenhum e-mail encontrado para a data 20250927.
[2026-05-01 09:01:12] [INFO] Pesquisando e-mail com termo: 'Bordero_R0490_20250928'
[2026-05-01 09:01:12] [INFO] Busca enviada para termo: Bordero_R0490_20250928
[2026-05-01 09:01:16] [WARNING] Nenhum e-mail encontrado para a data 20250928.
[2026-05-01 09:01:16] [INFO] Pesquisando e-mail com termo: 'Bordero_R0490_20251004'
[2026-05-01 09:01:16] [INFO] Busca enviada para termo: Bordero_R0490_20251004
[2026-05-01 09:01:20] [WARNING] Nenhum e-mail encontrado para a data 20251004.
[2026-05-01 09:01:20] [INFO] Pesquisando e-mail com termo: 'Bordero_R0490_20251005'
[2026-05-01 09:01:20] [INFO] Busca enviada para termo: Bordero_R0490_20251005
[2026-05-01 09:01:25] [WARNING] Nenhum e-mail encontrado para a data 20251005.
[2026-05-01 09:01:25] [INFO] Pesquisando e-mail com termo: 'Bordero_R0490_20251011'
[2026-05-01 09:01:25] [INFO] Busca enviada para termo: Bordero_R0490_20251011
[2026-05-01 09:01:29] [WARNING] Nenhum e-mail encontrado para a data 20251011.
[2026-05-01 09:01:29] [INFO] Pesquisando e-mail com termo: 'Bordero_R0490_20251012'
[2026-05-01 09:01:29] [INFO] Busca enviada para termo: Bordero_R0490_20251012
[2026-05-01 09:01:33] [WARNING] Nenhum e-mail encontrado para a data 20251012.
[2026-05-01 09:01:33] [INFO] Pesquisando e-mail com termo: 'Bordero_R0490_20251018'
[2026-05-01 09:01:33] [INFO] Busca enviada para termo: Bordero_R0490_20251018
[2026-05-01 09:01:37] [WARNING] Nenhum e-mail encontrado para a data 20251018.
[2026-05-01 09:01:37] [INFO] Pesquisando e-mail com termo: 'Bordero_R0490_20251019'
[2026-05-01 09:01:37] [INFO] Busca enviada para termo: Bordero_R0490_20251019
[2026-05-01 09:01:41] [WARNING] Nenhum e-mail encontrado para a data 20251019.
[2026-05-01 09:01:41] [INFO] Pesquisando e-mail com termo: 'Bordero_R0490_20251022'
[2026-05-01 09:01:42] [INFO] Busca enviada para termo: Bordero_R0490_20251022
[2026-05-01 09:01:46] [WARNING] Nenhum e-mail encontrado para a data 20251022.
[2026-05-01 09:01:46] [INFO] Pesquisando e-mail com termo: 'Bordero_R0490_20251025'
[2026-05-01 09:01:46] [INFO] Busca enviada para termo: Bordero_R0490_20251025
[2026-05-01 09:01:50] [WARNING] Nenhum e-mail encontrado para a data 20251025.
[2026-05-01 09:01:50] [INFO] Pesquisando e-mail com termo: 'Bordero_R0490_20251026'
[2026-05-01 09:01:50] [INFO] Busca enviada para termo: Bordero_R0490_20251026
[2026-05-01 09:01:54] [WARNING] Nenhum e-mail encontrado para a data 20251026.
[2026-05-01 09:01:54] [INFO] Pesquisando e-mail com termo: 'Bordero_R0490_20251101'
[2026-05-01 09:01:54] [INFO] Busca enviada para termo: Bordero_R0490_20251101
[2026-05-01 09:01:58] [WARNING] Nenhum e-mail encontrado para a data 20251101.
[2026-05-01 09:01:58] [INFO] Pesquisando e-mail com termo: 'Bordero_R0490_20251102'
[2026-05-01 09:01:58] [INFO] Busca enviada para termo: Bordero_R0490_20251102
[2026-05-01 09:02:02] [WARNING] Nenhum e-mail encontrado para a data 20251102.
[2026-05-01 09:02:02] [INFO] Pesquisando e-mail com termo: 'Bordero_R0490_20251106'
[2026-05-01 09:02:03] [INFO] Busca enviada para termo: Bordero_R0490_20251106
[2026-05-01 09:02:07] [WARNING] Nenhum e-mail encontrado para a data 20251106.
[2026-05-01 09:02:07] [INFO] Pesquisando e-mail com termo: 'Bordero_R0490_20251108'
[2026-05-01 09:02:07] [INFO] Busca enviada para termo: Bordero_R0490_20251108
[2026-05-01 09:02:11] [WARNING] Nenhum e-mail encontrado para a data 20251108.
[2026-05-01 09:02:11] [INFO] Pesquisando e-mail com termo: 'Bordero_R0490_20251109'
[2026-05-01 09:02:11] [INFO] Busca enviada para termo: Bordero_R0490_20251109
[2026-05-01 09:02:15] [WARNING] Nenhum e-mail encontrado para a data 20251109.
[2026-05-01 09:02:15] [INFO] Pesquisando e-mail com termo: 'Bordero_R0490_20251115'
[2026-05-01 09:02:15] [INFO] Busca enviada para termo: Bordero_R0490_20251115
[2026-05-01 09:02:19] [WARNING] Nenhum e-mail encontrado para a data 20251115.
[2026-05-01 09:02:19] [INFO] Pesquisando e-mail com termo: 'Bordero_R0490_20251116'
[2026-05-01 09:02:19] [INFO] Busca enviada para termo: Bordero_R0490_20251116
[2026-05-01 09:02:23] [WARNING] Nenhum e-mail encontrado para a data 20251116.
[2026-05-01 09:02:23] [INFO] Pesquisando e-mail com termo: 'Bordero_R0490_20251122'
[2026-05-01 09:02:23] [INFO] Busca enviada para termo: Bordero_R0490_20251122
[2026-05-01 09:02:27] [WARNING] Nenhum e-mail encontrado para a data 20251122.
[2026-05-01 09:02:27] [INFO] Pesquisando e-mail com termo: 'Bordero_R0490_20251123'
[2026-05-01 09:02:28] [INFO] Busca enviada para termo: Bordero_R0490_20251123
[2026-05-01 09:02:32] [WARNING] Nenhum e-mail encontrado para a data 20251123.
[2026-05-01 09:02:32] [INFO] Pesquisando e-mail com termo: 'Bordero_R0490_20251124'
[2026-05-01 09:02:32] [INFO] Busca enviada para termo: Bordero_R0490_20251124
[2026-05-01 09:02:36] [WARNING] Nenhum e-mail encontrado para a data 20251124.
[2026-05-01 09:02:36] [INFO] Pesquisando e-mail com termo: 'Bordero_R0490_20251129'
[2026-05-01 09:02:36] [INFO] Busca enviada para termo: Bordero_R0490_20251129
[2026-05-01 09:02:40] [WARNING] Nenhum e-mail encontrado para a data 20251129.
[2026-05-01 09:02:40] [INFO] Pesquisando e-mail com termo: 'Bordero_R0490_20251130'
[2026-05-01 09:02:40] [INFO] Busca enviada para termo: Bordero_R0490_20251130
[2026-05-01 09:02:44] [WARNING] Nenhum e-mail encontrado para a data 20251130.
[2026-05-01 09:02:44] [INFO] Pesquisando e-mail com termo: 'Bordero_R0490_20251206'
[2026-05-01 09:02:44] [INFO] Busca enviada para termo: Bordero_R0490_20251206
[2026-05-01 09:02:48] [WARNING] Nenhum e-mail encontrado para a data 20251206.
[2026-05-01 09:02:48] [INFO] Pesquisando e-mail com termo: 'Bordero_R0490_20251207'
[2026-05-01 09:02:49] [INFO] Busca enviada para termo: Bordero_R0490_20251207
[2026-05-01 09:02:53] [WARNING] Nenhum e-mail encontrado para a data 20251207.
[2026-05-01 09:02:53] [INFO] Pesquisando e-mail com termo: 'Bordero_R0490_20251211'
[2026-05-01 09:02:53] [INFO] Busca enviada para termo: Bordero_R0490_20251211
[2026-05-01 09:02:57] [WARNING] Nenhum e-mail encontrado para a data 20251211.
[2026-05-01 09:02:57] [INFO] Pesquisando e-mail com termo: 'Bordero_R0490_20251213'
[2026-05-01 09:02:57] [INFO] Busca enviada para termo: Bordero_R0490_20251213
[2026-05-01 09:03:01] [WARNING] Nenhum e-mail encontrado para a data 20251213.
[2026-05-01 09:03:01] [INFO] Pesquisando e-mail com termo: 'Bordero_R0490_20251214'
[2026-05-01 09:03:01] [INFO] Busca enviada para termo: Bordero_R0490_20251214
[2026-05-01 09:03:05] [WARNING] Nenhum e-mail encontrado para a data 20251214.
[2026-05-01 09:03:05] [INFO] Pesquisando e-mail com termo: 'Bordero_R0490_20251217'
[2026-05-01 09:03:05] [INFO] Busca enviada para termo: Bordero_R0490_20251217
[2026-05-01 09:03:09] [WARNING] Nenhum e-mail encontrado para a data 20251217.
[2026-05-01 09:03:09] [INFO] Pesquisando e-mail com termo: 'Bordero_R0490_20251218'
[2026-05-01 09:03:10] [INFO] Busca enviada para termo: Bordero_R0490_20251218
[2026-05-01 09:03:14] [WARNING] Nenhum e-mail encontrado para a data 20251218.
[2026-05-01 09:03:14] [INFO] Pesquisando e-mail com termo: 'Bordero_R0490_20251220'
[2026-05-01 09:03:14] [INFO] Busca enviada para termo: Bordero_R0490_20251220
[2026-05-01 09:03:18] [WARNING] Nenhum e-mail encontrado para a data 20251220.
[2026-05-01 09:03:18] [INFO] Pesquisando e-mail com termo: 'Bordero_R0490_20251221'
[2026-05-01 09:03:18] [INFO] Busca enviada para termo: Bordero_R0490_20251221
[2026-05-01 09:03:22] [WARNING] Nenhum e-mail encontrado para a data 20251221.
[2026-05-01 09:03:22] [INFO] Pesquisando e-mail com termo: 'Bordero_R0490_20251227'
[2026-05-01 09:03:22] [INFO] Busca enviada para termo: Bordero_R0490_20251227
[2026-05-01 09:03:26] [WARNING] Nenhum e-mail encontrado para a data 20251227.
[2026-05-01 09:03:26] [INFO] Pesquisando e-mail com termo: 'Bordero_R0490_20251228'
[2026-05-01 09:03:26] [INFO] Busca enviada para termo: Bordero_R0490_20251228
[2026-05-01 09:03:31] [WARNING] Nenhum e-mail encontrado para a data 20251228.
[2026-05-01 09:03:31] [INFO] Pesquisando e-mail com termo: 'Bordero_R0490_20260103'
[2026-05-01 09:03:31] [INFO] Busca enviada para termo: Bordero_R0490_20260103
[2026-05-01 09:03:35] [WARNING] Nenhum e-mail encontrado para a data 20260103.
[2026-05-01 09:03:35] [INFO] Pesquisando e-mail com termo: 'Bordero_R0490_20260104'
[2026-05-01 09:03:35] [INFO] Busca enviada para termo: Bordero_R0490_20260104
[2026-05-01 09:03:39] [WARNING] Nenhum e-mail encontrado para a data 20260104.
[2026-05-01 09:03:39] [INFO] Pesquisando e-mail com termo: 'Bordero_R0490_20260110'
[2026-05-01 09:03:39] [INFO] Busca enviada para termo: Bordero_R0490_20260110
[2026-05-01 09:03:43] [WARNING] Nenhum e-mail encontrado para a data 20260110.
[2026-05-01 09:03:43] [INFO] Pesquisando e-mail com termo: 'Bordero_R0490_20260111'
[2026-05-01 09:03:43] [INFO] Busca enviada para termo: Bordero_R0490_20260111
[2026-05-01 09:03:47] [WARNING] Nenhum e-mail encontrado para a data 20260111.
[2026-05-01 09:03:47] [INFO] Pesquisando e-mail com termo: 'Bordero_R0490_20260117'
[2026-05-01 09:03:47] [INFO] Busca enviada para termo: Bordero_R0490_20260117
[2026-05-01 09:03:51] [WARNING] Nenhum e-mail encontrado para a data 20260117.
[2026-05-01 09:03:51] [INFO] Pesquisando e-mail com termo: 'Bordero_R0490_20260118'
[2026-05-01 09:03:52] [INFO] Busca enviada para termo: Bordero_R0490_20260118
[2026-05-01 09:03:56] [WARNING] Nenhum e-mail encontrado para a data 20260118.
[2026-05-01 09:03:56] [INFO] Pesquisando e-mail com termo: 'Bordero_R0490_20260124'
[2026-05-01 09:03:56] [INFO] Busca enviada para termo: Bordero_R0490_20260124
[2026-05-01 09:04:00] [WARNING] Nenhum e-mail encontrado para a data 20260124.
[2026-05-01 09:04:00] [INFO] Pesquisando e-mail com termo: 'Bordero_R0490_20260125'
[2026-05-01 09:04:00] [INFO] Busca enviada para termo: Bordero_R0490_20260125
[2026-05-01 09:04:04] [WARNING] Nenhum e-mail encontrado para a data 20260125.
[2026-05-01 09:04:04] [INFO] Pesquisando e-mail com termo: 'Bordero_R0490_20260131'
[2026-05-01 09:04:04] [INFO] Busca enviada para termo: Bordero_R0490_20260131
[2026-05-01 09:04:08] [WARNING] Nenhum e-mail encontrado para a data 20260131.
[2026-05-01 09:04:08] [INFO] Pesquisando e-mail com termo: 'Bordero_R0490_20260201'
[2026-05-01 09:04:08] [INFO] Busca enviada para termo: Bordero_R0490_20260201
[2026-05-01 09:04:12] [WARNING] Nenhum e-mail encontrado para a data 20260201.
[2026-05-01 09:04:12] [INFO] Pesquisando e-mail com termo: 'Bordero_R0490_20260202'
[2026-05-01 09:04:13] [INFO] Busca enviada para termo: Bordero_R0490_20260202
[2026-05-01 09:04:17] [WARNING] Nenhum e-mail encontrado para a data 20260202.
[2026-05-01 09:04:17] [INFO] Pesquisando e-mail com termo: 'Bordero_R0490_20260203'
[2026-05-01 09:04:17] [INFO] Busca enviada para termo: Bordero_R0490_20260203
[2026-05-01 09:04:21] [WARNING] Nenhum e-mail encontrado para a data 20260203.
[2026-05-01 09:04:21] [INFO] Pesquisando e-mail com termo: 'Bordero_R0490_20260207'
[2026-05-01 09:04:21] [INFO] Busca enviada para termo: Bordero_R0490_20260207
[2026-05-01 09:04:25] [WARNING] Nenhum e-mail encontrado para a data 20260207.
[2026-05-01 09:04:25] [INFO] Pesquisando e-mail com termo: 'Bordero_R0490_20260208'
[2026-05-01 09:04:25] [INFO] Busca enviada para termo: Bordero_R0490_20260208
[2026-05-01 09:04:29] [WARNING] Nenhum e-mail encontrado para a data 20260208.
[2026-05-01 09:04:29] [INFO] Pesquisando e-mail com termo: 'Bordero_R0490_20260214'
[2026-05-01 09:04:29] [INFO] Busca enviada para termo: Bordero_R0490_20260214
[2026-05-01 09:04:34] [WARNING] Nenhum e-mail encontrado para a data 20260214.
[2026-05-01 09:04:34] [INFO] Pesquisando e-mail com termo: 'Bordero_R0490_20260215'
[2026-05-01 09:04:34] [INFO] Busca enviada para termo: Bordero_R0490_20260215
[2026-05-01 09:04:38] [WARNING] Nenhum e-mail encontrado para a data 20260215.
[2026-05-01 09:04:38] [INFO] Pesquisando e-mail com termo: 'Bordero_R0490_20260220'
[2026-05-01 09:04:38] [INFO] Busca enviada para termo: Bordero_R0490_20260220
[2026-05-01 09:04:42] [WARNING] Nenhum e-mail encontrado para a data 20260220.
[2026-05-01 09:04:42] [INFO] Pesquisando e-mail com termo: 'Bordero_R0490_20260221'
[2026-05-01 09:04:42] [INFO] Busca enviada para termo: Bordero_R0490_20260221
[2026-05-01 09:04:46] [WARNING] Nenhum e-mail encontrado para a data 20260221.
[2026-05-01 09:04:46] [INFO] Pesquisando e-mail com termo: 'Bordero_R0490_20260222'
[2026-05-01 09:04:46] [INFO] Busca enviada para termo: Bordero_R0490_20260222
[2026-05-01 09:04:50] [WARNING] Nenhum e-mail encontrado para a data 20260222.
[2026-05-01 09:04:50] [INFO] Pesquisando e-mail com termo: 'Bordero_R0490_20260228'
[2026-05-01 09:04:51] [INFO] Busca enviada para termo: Bordero_R0490_20260228
[2026-05-01 09:04:55] [WARNING] Nenhum e-mail encontrado para a data 20260228.
[2026-05-01 09:04:55] [INFO] Pesquisando e-mail com termo: 'Bordero_R0490_20260301'
[2026-05-01 09:04:55] [INFO] Busca enviada para termo: Bordero_R0490_20260301
[2026-05-01 09:04:59] [WARNING] Nenhum e-mail encontrado para a data 20260301.
[2026-05-01 09:04:59] [INFO] Pesquisando e-mail com termo: 'Bordero_R0490_20260307'
[2026-05-01 09:04:59] [INFO] Busca enviada para termo: Bordero_R0490_20260307
[2026-05-01 09:05:03] [WARNING] Nenhum e-mail encontrado para a data 20260307.
[2026-05-01 09:05:03] [INFO] Pesquisando e-mail com termo: 'Bordero_R0490_20260308'
[2026-05-01 09:05:03] [INFO] Busca enviada para termo: Bordero_R0490_20260308
[2026-05-01 09:05:07] [WARNING] Nenhum e-mail encontrado para a data 20260308.
[2026-05-01 09:05:07] [INFO] Pesquisando e-mail com termo: 'Bordero_R0490_20260314'
[2026-05-01 09:05:08] [INFO] Busca enviada para termo: Bordero_R0490_20260314
[2026-05-01 09:05:12] [WARNING] Nenhum e-mail encontrado para a data 20260314.
[2026-05-01 09:05:12] [INFO] Pesquisando e-mail com termo: 'Bordero_R0490_20260315'
[2026-05-01 09:05:12] [INFO] Busca enviada para termo: Bordero_R0490_20260315
[2026-05-01 09:05:16] [WARNING] Nenhum e-mail encontrado para a data 20260315.
[2026-05-01 09:05:16] [INFO] Pesquisando e-mail com termo: 'Bordero_R0490_20260320'
[2026-05-01 09:05:16] [INFO] Busca enviada para termo: Bordero_R0490_20260320
[2026-05-01 09:05:20] [WARNING] Nenhum e-mail encontrado para a data 20260320.
[2026-05-01 09:05:20] [INFO] Pesquisando e-mail com termo: 'Bordero_R0490_20260321'
[2026-05-01 09:05:20] [INFO] Busca enviada para termo: Bordero_R0490_20260321
[2026-05-01 09:05:24] [WARNING] Nenhum e-mail encontrado para a data 20260321.
[2026-05-01 09:05:24] [INFO] Pesquisando e-mail com termo: 'Bordero_R0490_20260322'
[2026-05-01 09:05:24] [INFO] Busca enviada para termo: Bordero_R0490_20260322
[2026-05-01 09:05:28] [WARNING] Nenhum e-mail encontrado para a data 20260322.
[2026-05-01 09:05:28] [INFO] Pesquisando e-mail com termo: 'Bordero_R0490_20260324'
[2026-05-01 09:05:29] [INFO] Busca enviada para termo: Bordero_R0490_20260324
[2026-05-01 09:05:33] [WARNING] Nenhum e-mail encontrado para a data 20260324.
[2026-05-01 09:05:33] [INFO] Pesquisando e-mail com termo: 'Bordero_R0490_20260328'
[2026-05-01 09:05:33] [INFO] Busca enviada para termo: Bordero_R0490_20260328
[2026-05-01 09:05:37] [WARNING] Nenhum e-mail encontrado para a data 20260328.
[2026-05-01 09:05:37] [INFO] Pesquisando e-mail com termo: 'Bordero_R0490_20260329'
[2026-05-01 09:05:37] [INFO] Busca enviada para termo: Bordero_R0490_20260329
[2026-05-01 09:05:41] [WARNING] Nenhum e-mail encontrado para a data 20260329.
[2026-05-01 09:05:41] [INFO] Pesquisando e-mail com termo: 'Bordero_R0490_20260401'
[2026-05-01 09:05:41] [INFO] Busca enviada para termo: Bordero_R0490_20260401
[2026-05-01 09:05:45] [WARNING] Nenhum e-mail encontrado para a data 20260401.
[2026-05-01 09:05:45] [INFO] Pesquisando e-mail com termo: 'Bordero_R0490_20260404'
[2026-05-01 09:05:45] [INFO] Busca enviada para termo: Bordero_R0490_20260404
[2026-05-01 09:05:49] [WARNING] Nenhum e-mail encontrado para a data 20260404.
[2026-05-01 09:05:49] [INFO] Pesquisando e-mail com termo: 'Bordero_R0490_20260405'
[2026-05-01 09:05:50] [INFO] Busca enviada para termo: Bordero_R0490_20260405
[2026-05-01 09:05:54] [WARNING] Nenhum e-mail encontrado para a data 20260405.
[2026-05-01 09:05:54] [INFO] Pesquisando e-mail com termo: 'Bordero_R0490_20260407'
[2026-05-01 09:05:54] [INFO] Busca enviada para termo: Bordero_R0490_20260407
[2026-05-01 09:05:58] [WARNING] Nenhum e-mail encontrado para a data 20260407.
[2026-05-01 09:05:58] [INFO] Pesquisando e-mail com termo: 'Bordero_R0490_20260411'
[2026-05-01 09:05:58] [INFO] Busca enviada para termo: Bordero_R0490_20260411
[2026-05-01 09:06:02] [WARNING] Nenhum e-mail encontrado para a data 20260411.
[2026-05-01 09:06:02] [INFO] Pesquisando e-mail com termo: 'Bordero_R0490_20260412'
[2026-05-01 09:06:02] [INFO] Busca enviada para termo: Bordero_R0490_20260412
[2026-05-01 09:06:06] [WARNING] Nenhum e-mail encontrado para a data 20260412.
[2026-05-01 09:06:06] [INFO] Pesquisando e-mail com termo: 'Bordero_R0490_20260417'
[2026-05-01 09:06:07] [INFO] Busca enviada para termo: Bordero_R0490_20260417
[2026-05-01 09:06:11] [WARNING] Nenhum e-mail encontrado para a data 20260417.
[2026-05-01 09:06:11] [INFO] Pesquisando e-mail com termo: 'Bordero_R0490_20260418'
[2026-05-01 09:06:11] [INFO] Busca enviada para termo: Bordero_R0490_20260418
[2026-05-01 09:06:15] [WARNING] Nenhum e-mail encontrado para a data 20260418.
[2026-05-01 09:06:15] [INFO] Pesquisando e-mail com termo: 'Bordero_R0490_20260419'
[2026-05-01 09:06:15] [INFO] Busca enviada para termo: Bordero_R0490_20260419
[2026-05-01 09:06:19] [WARNING] Nenhum e-mail encontrado para a data 20260419.
[2026-05-01 09:06:19] [INFO] Pesquisando e-mail com termo: 'Bordero_R0490_20260425'
[2026-05-01 09:06:19] [INFO] Busca enviada para termo: Bordero_R0490_20260425
[2026-05-01 09:06:23] [WARNING] Nenhum e-mail encontrado para a data 20260425.
[2026-05-01 09:06:23] [INFO] Pesquisando e-mail com termo: 'Bordero_R0490_20260426'
[2026-05-01 09:06:23] [INFO] Busca enviada para termo: Bordero_R0490_20260426
[2026-05-01 09:06:27] [WARNING] Nenhum e-mail encontrado para a data 20260426.
[2026-05-01 09:06:27] [INFO] Pesquisando e-mail com termo: 'Bordero_R0490_20260501'
[2026-05-01 09:06:28] [INFO] Busca enviada para termo: Bordero_R0490_20260501
[2026-05-01 09:06:32] [INFO] Clicado no primeiro e-mail da lista (visualização).
[2026-05-01 09:06:34] [INFO] Realizado duplo clique (abrir em nova janela se houver).
[2026-05-01 09:06:34] [INFO] Nova janela com o e-mail foi aberta.
[2026-05-01 09:06:35] [INFO] Link de anexo (a) encontrado.
[2026-05-01 09:06:35] [INFO] Nome real do anexo identificado: Bordero_R0490_20260501_600278.ZIP
[2026-05-01 09:06:35] [INFO] Clique direto no <a> do anexo realizado (estratégia 1).
[2026-05-01 09:06:36] [INFO] Arquivo detectado na pasta de downloads: C:\Users\administrador\Downloads\Bordero_R0490_20260501_600278.ZIP
[2026-05-01 09:06:36] [INFO] Nome normalizado para histórico: Bordero_R0490_20260501.zip
[2026-05-01 09:06:36] [INFO] Arquivo movido de C:\Users\administrador\Downloads\Bordero_R0490_20260501_600278.ZIP para C:\temp\arquivo.zip
[2026-05-01 09:06:36] [INFO] Arquivo extraído com sucesso para: C:\Bordero Credsystem\Extraido
[2026-05-01 09:06:36] [INFO] Arquivo removido (não CSV): C:\Bordero Credsystem\Extraido\Bordero_R0490_L026364_20260501_45385.TXT
[2026-05-01 09:06:36] [INFO] Arquivo removido (não CSV): C:\Bordero Credsystem\Extraido\Bordero_R0490_L026367_20260501_45387.TXT
[2026-05-01 09:06:36] [INFO] Arquivo removido (não CSV): C:\Bordero Credsystem\Extraido\Bordero_R0490_L026380_20260501_45389.TXT
[2026-05-01 09:06:36] [INFO] Arquivo removido (não CSV): C:\Bordero Credsystem\Extraido\Bordero_R0490_L026384_20260501_45391.TXT
[2026-05-01 09:06:36] [INFO] Arquivo removido (não CSV): C:\Bordero Credsystem\Extraido\Bordero_R0490_L026385_20260501_45393.TXT
[2026-05-01 09:06:36] [INFO] Arquivo removido (não CSV): C:\Bordero Credsystem\Extraido\Bordero_R0490_L026408_20260501_45395.TXT
[2026-05-01 09:06:36] [INFO] Arquivo removido (não CSV): C:\Bordero Credsystem\Extraido\Bordero_R0490_L026409_20260501_45397.TXT
[2026-05-01 09:06:36] [INFO] Arquivo removido (não CSV): C:\Bordero Credsystem\Extraido\Bordero_R0490_L026413_20260501_45399.TXT
[2026-05-01 09:06:36] [INFO] Arquivo removido (não CSV): C:\Bordero Credsystem\Extraido\Bordero_R0490_L026414_20260501_45401.TXT
[2026-05-01 09:06:36] [INFO] Arquivo removido (não CSV): C:\Bordero Credsystem\Extraido\Bordero_R0490_L026417_20260501_45403.TXT
[2026-05-01 09:06:36] [INFO] Arquivo removido (não CSV): C:\Bordero Credsystem\Extraido\Bordero_R0490_L026422_20260501_45405.TXT
[2026-05-01 09:06:36] [INFO] Arquivo removido (não CSV): C:\Bordero Credsystem\Extraido\Bordero_R0490_L027095_20260501_45443.TXT
[2026-05-01 09:06:36] [INFO] Arquivo removido (não CSV): C:\Bordero Credsystem\Extraido\Bordero_R0490_L028960_20260501_45485.TXT
[2026-05-01 09:06:36] [INFO] Arquivo removido (não CSV): C:\Bordero Credsystem\Extraido\Bordero_R0490_L029748_20260501_45523.TXT
[2026-05-01 09:06:36] [INFO] Arquivo removido (não CSV): C:\Bordero Credsystem\Extraido\Bordero_R0490_L030439_20260501_45617.TXT
[2026-05-01 09:06:36] [INFO] Arquivo removido (não CSV): C:\Bordero Credsystem\Extraido\Bordero_R0490_L031321_20260501_45887.TXT
[2026-05-01 09:06:36] [INFO] Arquivo removido (não CSV): C:\Bordero Credsystem\Extraido\Bordero_R0490_L031386_20260501_45891.TXT
[2026-05-01 09:06:36] [INFO] Arquivo removido (não CSV): C:\Bordero Credsystem\Extraido\Bordero_R0490_L033116_20260501_46908.TXT
[2026-05-01 09:06:36] [INFO] Arquivo ZIP removido após extração: C:\temp\arquivo.zip
[2026-05-01 09:06:36] [INFO] Arquivo da data 20260501 processado com sucesso e histórico atualizado.
[2026-05-01 09:06:39] [INFO] Navegador encerrado.
[2026-05-02 09:00:03] [INFO] ====================================================================================================
[2026-05-02 09:00:03] [INFO]                          INICIANDO RPA PARA DOWNLOAD DE BORDERO NO WEBMAIL
[2026-05-02 09:00:03] [INFO]                                 Autor: John Kennedy | Versão: 1.0.3                                 
[2026-05-02 09:00:03] [INFO] ====================================================================================================
[2026-05-02 09:00:03] [INFO] Datas pendentes para buscar: 20250821, 20250823, 20250824, 20250830, 20250831, 20250906, 20250907, 20250913, 20250914, 20250920, 20250921, 20250927, 20250928, 20251004, 20251005, 20251011, 20251012, 20251018, 20251019, 20251022, 20251025, 20251026, 20251101, 20251102, 20251106, 20251108, 20251109, 20251115, 20251116, 20251122, 20251123, 20251124, 20251129, 20251130, 20251206, 20251207, 20251211, 20251213, 20251214, 20251217, 20251218, 20251220, 20251221, 20251227, 20251228, 20260103, 20260104, 20260110, 20260111, 20260117, 20260118, 20260124, 20260125, 20260131, 20260201, 20260202, 20260203, 20260207, 20260208, 20260214, 20260215, 20260220, 20260221, 20260222, 20260228, 20260301, 20260307, 20260308, 20260314, 20260315, 20260320, 20260321, 20260322, 20260324, 20260328, 20260329, 20260401, 20260404, 20260405, 20260407, 20260411, 20260412, 20260417, 20260418, 20260419, 20260425, 20260426, 20260502
[2026-05-02 09:00:06] [INFO] Page.setDownloadBehavior configurado para: C:\Users\administrador\Downloads
[2026-05-02 09:00:06] [INFO] Chrome iniciado.
[2026-05-02 09:00:15] [INFO] Login realizado.
[2026-05-02 09:00:20] [INFO] Pesquisando e-mail com termo: 'Bordero_R0490_20250821'
[2026-05-02 09:00:20] [INFO] Busca enviada para termo: Bordero_R0490_20250821
[2026-05-02 09:00:24] [WARNING] Nenhum e-mail encontrado para a data 20250821.
[2026-05-02 09:00:24] [INFO] Pesquisando e-mail com termo: 'Bordero_R0490_20250823'
[2026-05-02 09:00:24] [INFO] Busca enviada para termo: Bordero_R0490_20250823
[2026-05-02 09:00:28] [WARNING] Nenhum e-mail encontrado para a data 20250823.
[2026-05-02 09:00:28] [INFO] Pesquisando e-mail com termo: 'Bordero_R0490_20250824'
[2026-05-02 09:00:28] [INFO] Busca enviada para termo: Bordero_R0490_20250824
[2026-05-02 09:00:32] [WARNING] Nenhum e-mail encontrado para a data 20250824.
[2026-05-02 09:00:32] [INFO] Pesquisando e-mail com termo: 'Bordero_R0490_20250830'
[2026-05-02 09:00:32] [INFO] Busca enviada para termo: Bordero_R0490_20250830
[2026-05-02 09:00:36] [WARNING] Nenhum e-mail encontrado para a data 20250830.
[2026-05-02 09:00:36] [INFO] Pesquisando e-mail com termo: 'Bordero_R0490_20250831'
[2026-05-02 09:00:37] [INFO] Busca enviada para termo: Bordero_R0490_20250831
[2026-05-02 09:00:41] [WARNING] Nenhum e-mail encontrado para a data 20250831.
[2026-05-02 09:00:41] [INFO] Pesquisando e-mail com termo: 'Bordero_R0490_20250906'
[2026-05-02 09:00:41] [INFO] Busca enviada para termo: Bordero_R0490_20250906
[2026-05-02 09:00:45] [WARNING] Nenhum e-mail encontrado para a data 20250906.
[2026-05-02 09:00:45] [INFO] Pesquisando e-mail com termo: 'Bordero_R0490_20250907'
[2026-05-02 09:00:45] [INFO] Busca enviada para termo: Bordero_R0490_20250907
[2026-05-02 09:00:49] [WARNING] Nenhum e-mail encontrado para a data 20250907.
[2026-05-02 09:00:49] [INFO] Pesquisando e-mail com termo: 'Bordero_R0490_20250913'
[2026-05-02 09:00:50] [INFO] Busca enviada para termo: Bordero_R0490_20250913
[2026-05-02 09:00:54] [WARNING] Nenhum e-mail encontrado para a data 20250913.
[2026-05-02 09:00:54] [INFO] Pesquisando e-mail com termo: 'Bordero_R0490_20250914'
[2026-05-02 09:00:54] [INFO] Busca enviada para termo: Bordero_R0490_20250914
[2026-05-02 09:00:58] [WARNING] Nenhum e-mail encontrado para a data 20250914.
[2026-05-02 09:00:58] [INFO] Pesquisando e-mail com termo: 'Bordero_R0490_20250920'
[2026-05-02 09:00:58] [INFO] Busca enviada para termo: Bordero_R0490_20250920
[2026-05-02 09:01:02] [WARNING] Nenhum e-mail encontrado para a data 20250920.
[2026-05-02 09:01:02] [INFO] Pesquisando e-mail com termo: 'Bordero_R0490_20250921'
[2026-05-02 09:01:02] [INFO] Busca enviada para termo: Bordero_R0490_20250921
[2026-05-02 09:01:06] [WARNING] Nenhum e-mail encontrado para a data 20250921.
[2026-05-02 09:01:06] [INFO] Pesquisando e-mail com termo: 'Bordero_R0490_20250927'
[2026-05-02 09:01:06] [INFO] Busca enviada para termo: Bordero_R0490_20250927
[2026-05-02 09:01:10] [WARNING] Nenhum e-mail encontrado para a data 20250927.
[2026-05-02 09:01:10] [INFO] Pesquisando e-mail com termo: 'Bordero_R0490_20250928'
[2026-05-02 09:01:11] [INFO] Busca enviada para termo: Bordero_R0490_20250928
[2026-05-02 09:01:15] [WARNING] Nenhum e-mail encontrado para a data 20250928.
[2026-05-02 09:01:15] [INFO] Pesquisando e-mail com termo: 'Bordero_R0490_20251004'
[2026-05-02 09:01:15] [INFO] Busca enviada para termo: Bordero_R0490_20251004
[2026-05-02 09:01:19] [WARNING] Nenhum e-mail encontrado para a data 20251004.
[2026-05-02 09:01:19] [INFO] Pesquisando e-mail com termo: 'Bordero_R0490_20251005'
[2026-05-02 09:01:19] [INFO] Busca enviada para termo: Bordero_R0490_20251005
[2026-05-02 09:01:23] [WARNING] Nenhum e-mail encontrado para a data 20251005.
[2026-05-02 09:01:23] [INFO] Pesquisando e-mail com termo: 'Bordero_R0490_20251011'
[2026-05-02 09:01:23] [INFO] Busca enviada para termo: Bordero_R0490_20251011
[2026-05-02 09:01:27] [WARNING] Nenhum e-mail encontrado para a data 20251011.
[2026-05-02 09:01:27] [INFO] Pesquisando e-mail com termo: 'Bordero_R0490_20251012'
[2026-05-02 09:01:28] [INFO] Busca enviada para termo: Bordero_R0490_20251012
[2026-05-02 09:01:32] [WARNING] Nenhum e-mail encontrado para a data 20251012.
[2026-05-02 09:01:32] [INFO] Pesquisando e-mail com termo: 'Bordero_R0490_20251018'
[2026-05-02 09:01:32] [INFO] Busca enviada para termo: Bordero_R0490_20251018
[2026-05-02 09:01:36] [WARNING] Nenhum e-mail encontrado para a data 20251018.
[2026-05-02 09:01:36] [INFO] Pesquisando e-mail com termo: 'Bordero_R0490_20251019'
[2026-05-02 09:01:36] [INFO] Busca enviada para termo: Bordero_R0490_20251019
[2026-05-02 09:01:40] [WARNING] Nenhum e-mail encontrado para a data 20251019.
[2026-05-02 09:01:40] [INFO] Pesquisando e-mail com termo: 'Bordero_R0490_20251022'
[2026-05-02 09:01:40] [INFO] Busca enviada para termo: Bordero_R0490_20251022
[2026-05-02 09:01:44] [WARNING] Nenhum e-mail encontrado para a data 20251022.
[2026-05-02 09:01:44] [INFO] Pesquisando e-mail com termo: 'Bordero_R0490_20251025'
[2026-05-02 09:01:44] [INFO] Busca enviada para termo: Bordero_R0490_20251025
[2026-05-02 09:01:48] [WARNING] Nenhum e-mail encontrado para a data 20251025.
[2026-05-02 09:01:48] [INFO] Pesquisando e-mail com termo: 'Bordero_R0490_20251026'
[2026-05-02 09:01:49] [INFO] Busca enviada para termo: Bordero_R0490_20251026
[2026-05-02 09:01:53] [WARNING] Nenhum e-mail encontrado para a data 20251026.
[2026-05-02 09:01:53] [INFO] Pesquisando e-mail com termo: 'Bordero_R0490_20251101'
[2026-05-02 09:01:53] [INFO] Busca enviada para termo: Bordero_R0490_20251101
[2026-05-02 09:01:57] [WARNING] Nenhum e-mail encontrado para a data 20251101.
[2026-05-02 09:01:57] [INFO] Pesquisando e-mail com termo: 'Bordero_R0490_20251102'
[2026-05-02 09:01:57] [INFO] Busca enviada para termo: Bordero_R0490_20251102
[2026-05-02 09:02:01] [WARNING] Nenhum e-mail encontrado para a data 20251102.
[2026-05-02 09:02:01] [INFO] Pesquisando e-mail com termo: 'Bordero_R0490_20251106'
[2026-05-02 09:02:01] [INFO] Busca enviada para termo: Bordero_R0490_20251106
[2026-05-02 09:02:05] [WARNING] Nenhum e-mail encontrado para a data 20251106.
[2026-05-02 09:02:05] [INFO] Pesquisando e-mail com termo: 'Bordero_R0490_20251108'
[2026-05-02 09:02:05] [INFO] Busca enviada para termo: Bordero_R0490_20251108
[2026-05-02 09:02:09] [WARNING] Nenhum e-mail encontrado para a data 20251108.
[2026-05-02 09:02:09] [INFO] Pesquisando e-mail com termo: 'Bordero_R0490_20251109'
[2026-05-02 09:02:10] [INFO] Busca enviada para termo: Bordero_R0490_20251109
[2026-05-02 09:02:14] [WARNING] Nenhum e-mail encontrado para a data 20251109.
[2026-05-02 09:02:14] [INFO] Pesquisando e-mail com termo: 'Bordero_R0490_20251115'
[2026-05-02 09:02:14] [INFO] Busca enviada para termo: Bordero_R0490_20251115
[2026-05-02 09:02:18] [WARNING] Nenhum e-mail encontrado para a data 20251115.
[2026-05-02 09:02:18] [INFO] Pesquisando e-mail com termo: 'Bordero_R0490_20251116'
[2026-05-02 09:02:18] [INFO] Busca enviada para termo: Bordero_R0490_20251116
[2026-05-02 09:02:22] [WARNING] Nenhum e-mail encontrado para a data 20251116.
[2026-05-02 09:02:22] [INFO] Pesquisando e-mail com termo: 'Bordero_R0490_20251122'
[2026-05-02 09:02:22] [INFO] Busca enviada para termo: Bordero_R0490_20251122
[2026-05-02 09:02:26] [WARNING] Nenhum e-mail encontrado para a data 20251122.
[2026-05-02 09:02:26] [INFO] Pesquisando e-mail com termo: 'Bordero_R0490_20251123'
[2026-05-02 09:02:26] [INFO] Busca enviada para termo: Bordero_R0490_20251123
[2026-05-02 09:02:30] [WARNING] Nenhum e-mail encontrado para a data 20251123.
[2026-05-02 09:02:30] [INFO] Pesquisando e-mail com termo: 'Bordero_R0490_20251124'
[2026-05-02 09:02:31] [INFO] Busca enviada para termo: Bordero_R0490_20251124
[2026-05-02 09:02:35] [WARNING] Nenhum e-mail encontrado para a data 20251124.
[2026-05-02 09:02:35] [INFO] Pesquisando e-mail com termo: 'Bordero_R0490_20251129'
[2026-05-02 09:02:35] [INFO] Busca enviada para termo: Bordero_R0490_20251129
[2026-05-02 09:02:39] [WARNING] Nenhum e-mail encontrado para a data 20251129.
[2026-05-02 09:02:39] [INFO] Pesquisando e-mail com termo: 'Bordero_R0490_20251130'
[2026-05-02 09:02:39] [INFO] Busca enviada para termo: Bordero_R0490_20251130
[2026-05-02 09:02:43] [WARNING] Nenhum e-mail encontrado para a data 20251130.
[2026-05-02 09:02:43] [INFO] Pesquisando e-mail com termo: 'Bordero_R0490_20251206'
[2026-05-02 09:02:43] [INFO] Busca enviada para termo: Bordero_R0490_20251206
[2026-05-02 09:02:47] [WARNING] Nenhum e-mail encontrado para a data 20251206.
[2026-05-02 09:02:47] [INFO] Pesquisando e-mail com termo: 'Bordero_R0490_20251207'
[2026-05-02 09:02:47] [INFO] Busca enviada para termo: Bordero_R0490_20251207
[2026-05-02 09:02:51] [WARNING] Nenhum e-mail encontrado para a data 20251207.
[2026-05-02 09:02:51] [INFO] Pesquisando e-mail com termo: 'Bordero_R0490_20251211'
[2026-05-02 09:02:52] [INFO] Busca enviada para termo: Bordero_R0490_20251211
[2026-05-02 09:02:56] [WARNING] Nenhum e-mail encontrado para a data 20251211.
[2026-05-02 09:02:56] [INFO] Pesquisando e-mail com termo: 'Bordero_R0490_20251213'
[2026-05-02 09:02:56] [INFO] Busca enviada para termo: Bordero_R0490_20251213
[2026-05-02 09:03:00] [WARNING] Nenhum e-mail encontrado para a data 20251213.
[2026-05-02 09:03:00] [INFO] Pesquisando e-mail com termo: 'Bordero_R0490_20251214'
[2026-05-02 09:03:00] [INFO] Busca enviada para termo: Bordero_R0490_20251214
[2026-05-02 09:03:04] [WARNING] Nenhum e-mail encontrado para a data 20251214.
[2026-05-02 09:03:04] [INFO] Pesquisando e-mail com termo: 'Bordero_R0490_20251217'
[2026-05-02 09:03:04] [INFO] Busca enviada para termo: Bordero_R0490_20251217
[2026-05-02 09:03:08] [WARNING] Nenhum e-mail encontrado para a data 20251217.
[2026-05-02 09:03:08] [INFO] Pesquisando e-mail com termo: 'Bordero_R0490_20251218'
[2026-05-02 09:03:08] [INFO] Busca enviada para termo: Bordero_R0490_20251218
[2026-05-02 09:03:12] [WARNING] Nenhum e-mail encontrado para a data 20251218.
[2026-05-02 09:03:12] [INFO] Pesquisando e-mail com termo: 'Bordero_R0490_20251220'
[2026-05-02 09:03:13] [INFO] Busca enviada para termo: Bordero_R0490_20251220
[2026-05-02 09:03:17] [WARNING] Nenhum e-mail encontrado para a data 20251220.
[2026-05-02 09:03:17] [INFO] Pesquisando e-mail com termo: 'Bordero_R0490_20251221'
[2026-05-02 09:03:17] [INFO] Busca enviada para termo: Bordero_R0490_20251221
[2026-05-02 09:03:21] [WARNING] Nenhum e-mail encontrado para a data 20251221.
[2026-05-02 09:03:21] [INFO] Pesquisando e-mail com termo: 'Bordero_R0490_20251227'
[2026-05-02 09:03:21] [INFO] Busca enviada para termo: Bordero_R0490_20251227
[2026-05-02 09:03:25] [WARNING] Nenhum e-mail encontrado para a data 20251227.
[2026-05-02 09:03:25] [INFO] Pesquisando e-mail com termo: 'Bordero_R0490_20251228'
[2026-05-02 09:03:25] [INFO] Busca enviada para termo: Bordero_R0490_20251228
[2026-05-02 09:03:29] [WARNING] Nenhum e-mail encontrado para a data 20251228.
[2026-05-02 09:03:29] [INFO] Pesquisando e-mail com termo: 'Bordero_R0490_20260103'
[2026-05-02 09:03:30] [INFO] Busca enviada para termo: Bordero_R0490_20260103
[2026-05-02 09:03:34] [WARNING] Nenhum e-mail encontrado para a data 20260103.
[2026-05-02 09:03:34] [INFO] Pesquisando e-mail com termo: 'Bordero_R0490_20260104'
[2026-05-02 09:03:34] [INFO] Busca enviada para termo: Bordero_R0490_20260104
[2026-05-02 09:03:38] [WARNING] Nenhum e-mail encontrado para a data 20260104.
[2026-05-02 09:03:38] [INFO] Pesquisando e-mail com termo: 'Bordero_R0490_20260110'
[2026-05-02 09:03:38] [INFO] Busca enviada para termo: Bordero_R0490_20260110
[2026-05-02 09:03:42] [WARNING] Nenhum e-mail encontrado para a data 20260110.
[2026-05-02 09:03:42] [INFO] Pesquisando e-mail com termo: 'Bordero_R0490_20260111'
[2026-05-02 09:03:42] [INFO] Busca enviada para termo: Bordero_R0490_20260111
[2026-05-02 09:03:46] [WARNING] Nenhum e-mail encontrado para a data 20260111.
[2026-05-02 09:03:46] [INFO] Pesquisando e-mail com termo: 'Bordero_R0490_20260117'
[2026-05-02 09:03:46] [INFO] Busca enviada para termo: Bordero_R0490_20260117
[2026-05-02 09:03:50] [WARNING] Nenhum e-mail encontrado para a data 20260117.
[2026-05-02 09:03:50] [INFO] Pesquisando e-mail com termo: 'Bordero_R0490_20260118'
[2026-05-02 09:03:51] [INFO] Busca enviada para termo: Bordero_R0490_20260118
[2026-05-02 09:03:55] [WARNING] Nenhum e-mail encontrado para a data 20260118.
[2026-05-02 09:03:55] [INFO] Pesquisando e-mail com termo: 'Bordero_R0490_20260124'
[2026-05-02 09:03:55] [INFO] Busca enviada para termo: Bordero_R0490_20260124
[2026-05-02 09:03:59] [WARNING] Nenhum e-mail encontrado para a data 20260124.
[2026-05-02 09:03:59] [INFO] Pesquisando e-mail com termo: 'Bordero_R0490_20260125'
[2026-05-02 09:03:59] [INFO] Busca enviada para termo: Bordero_R0490_20260125
[2026-05-02 09:04:03] [WARNING] Nenhum e-mail encontrado para a data 20260125.
[2026-05-02 09:04:03] [INFO] Pesquisando e-mail com termo: 'Bordero_R0490_20260131'
[2026-05-02 09:04:03] [INFO] Busca enviada para termo: Bordero_R0490_20260131
[2026-05-02 09:04:07] [WARNING] Nenhum e-mail encontrado para a data 20260131.
[2026-05-02 09:04:07] [INFO] Pesquisando e-mail com termo: 'Bordero_R0490_20260201'
[2026-05-02 09:04:07] [INFO] Busca enviada para termo: Bordero_R0490_20260201
[2026-05-02 09:04:11] [WARNING] Nenhum e-mail encontrado para a data 20260201.
[2026-05-02 09:04:11] [INFO] Pesquisando e-mail com termo: 'Bordero_R0490_20260202'
[2026-05-02 09:04:12] [INFO] Busca enviada para termo: Bordero_R0490_20260202
[2026-05-02 09:04:16] [WARNING] Nenhum e-mail encontrado para a data 20260202.
[2026-05-02 09:04:16] [INFO] Pesquisando e-mail com termo: 'Bordero_R0490_20260203'
[2026-05-02 09:04:16] [INFO] Busca enviada para termo: Bordero_R0490_20260203
[2026-05-02 09:04:20] [WARNING] Nenhum e-mail encontrado para a data 20260203.
[2026-05-02 09:04:20] [INFO] Pesquisando e-mail com termo: 'Bordero_R0490_20260207'
[2026-05-02 09:04:20] [INFO] Busca enviada para termo: Bordero_R0490_20260207
[2026-05-02 09:04:24] [WARNING] Nenhum e-mail encontrado para a data 20260207.
[2026-05-02 09:04:24] [INFO] Pesquisando e-mail com termo: 'Bordero_R0490_20260208'
[2026-05-02 09:04:24] [INFO] Busca enviada para termo: Bordero_R0490_20260208
[2026-05-02 09:04:28] [WARNING] Nenhum e-mail encontrado para a data 20260208.
[2026-05-02 09:04:28] [INFO] Pesquisando e-mail com termo: 'Bordero_R0490_20260214'
[2026-05-02 09:04:29] [INFO] Busca enviada para termo: Bordero_R0490_20260214
[2026-05-02 09:04:33] [WARNING] Nenhum e-mail encontrado para a data 20260214.
[2026-05-02 09:04:33] [INFO] Pesquisando e-mail com termo: 'Bordero_R0490_20260215'
[2026-05-02 09:04:33] [INFO] Busca enviada para termo: Bordero_R0490_20260215
[2026-05-02 09:04:37] [WARNING] Nenhum e-mail encontrado para a data 20260215.
[2026-05-02 09:04:37] [INFO] Pesquisando e-mail com termo: 'Bordero_R0490_20260220'
[2026-05-02 09:04:37] [INFO] Busca enviada para termo: Bordero_R0490_20260220
[2026-05-02 09:04:41] [WARNING] Nenhum e-mail encontrado para a data 20260220.
[2026-05-02 09:04:41] [INFO] Pesquisando e-mail com termo: 'Bordero_R0490_20260221'
[2026-05-02 09:04:41] [INFO] Busca enviada para termo: Bordero_R0490_20260221
[2026-05-02 09:04:45] [WARNING] Nenhum e-mail encontrado para a data 20260221.
[2026-05-02 09:04:45] [INFO] Pesquisando e-mail com termo: 'Bordero_R0490_20260222'
[2026-05-02 09:04:45] [INFO] Busca enviada para termo: Bordero_R0490_20260222
[2026-05-02 09:04:49] [WARNING] Nenhum e-mail encontrado para a data 20260222.
[2026-05-02 09:04:49] [INFO] Pesquisando e-mail com termo: 'Bordero_R0490_20260228'
[2026-05-02 09:04:50] [INFO] Busca enviada para termo: Bordero_R0490_20260228
[2026-05-02 09:04:54] [WARNING] Nenhum e-mail encontrado para a data 20260228.
[2026-05-02 09:04:54] [INFO] Pesquisando e-mail com termo: 'Bordero_R0490_20260301'
[2026-05-02 09:04:54] [INFO] Busca enviada para termo: Bordero_R0490_20260301
[2026-05-02 09:04:58] [WARNING] Nenhum e-mail encontrado para a data 20260301.
[2026-05-02 09:04:58] [INFO] Pesquisando e-mail com termo: 'Bordero_R0490_20260307'
[2026-05-02 09:04:58] [INFO] Busca enviada para termo: Bordero_R0490_20260307
[2026-05-02 09:05:02] [WARNING] Nenhum e-mail encontrado para a data 20260307.
[2026-05-02 09:05:02] [INFO] Pesquisando e-mail com termo: 'Bordero_R0490_20260308'
[2026-05-02 09:05:02] [INFO] Busca enviada para termo: Bordero_R0490_20260308
[2026-05-02 09:05:06] [WARNING] Nenhum e-mail encontrado para a data 20260308.
[2026-05-02 09:05:06] [INFO] Pesquisando e-mail com termo: 'Bordero_R0490_20260314'
[2026-05-02 09:05:06] [INFO] Busca enviada para termo: Bordero_R0490_20260314
[2026-05-02 09:05:10] [WARNING] Nenhum e-mail encontrado para a data 20260314.
[2026-05-02 09:05:10] [INFO] Pesquisando e-mail com termo: 'Bordero_R0490_20260315'
[2026-05-02 09:05:11] [INFO] Busca enviada para termo: Bordero_R0490_20260315
[2026-05-02 09:05:15] [WARNING] Nenhum e-mail encontrado para a data 20260315.
[2026-05-02 09:05:15] [INFO] Pesquisando e-mail com termo: 'Bordero_R0490_20260320'
[2026-05-02 09:05:15] [INFO] Busca enviada para termo: Bordero_R0490_20260320
[2026-05-02 09:05:19] [WARNING] Nenhum e-mail encontrado para a data 20260320.
[2026-05-02 09:05:19] [INFO] Pesquisando e-mail com termo: 'Bordero_R0490_20260321'
[2026-05-02 09:05:19] [INFO] Busca enviada para termo: Bordero_R0490_20260321
[2026-05-02 09:05:23] [WARNING] Nenhum e-mail encontrado para a data 20260321.
[2026-05-02 09:05:23] [INFO] Pesquisando e-mail com termo: 'Bordero_R0490_20260322'
[2026-05-02 09:05:23] [INFO] Busca enviada para termo: Bordero_R0490_20260322
[2026-05-02 09:05:27] [WARNING] Nenhum e-mail encontrado para a data 20260322.
[2026-05-02 09:05:27] [INFO] Pesquisando e-mail com termo: 'Bordero_R0490_20260324'
[2026-05-02 09:05:27] [INFO] Busca enviada para termo: Bordero_R0490_20260324
[2026-05-02 09:05:31] [WARNING] Nenhum e-mail encontrado para a data 20260324.
[2026-05-02 09:05:31] [INFO] Pesquisando e-mail com termo: 'Bordero_R0490_20260328'
[2026-05-02 09:05:32] [INFO] Busca enviada para termo: Bordero_R0490_20260328
[2026-05-02 09:05:36] [WARNING] Nenhum e-mail encontrado para a data 20260328.
[2026-05-02 09:05:36] [INFO] Pesquisando e-mail com termo: 'Bordero_R0490_20260329'
[2026-05-02 09:05:36] [INFO] Busca enviada para termo: Bordero_R0490_20260329
[2026-05-02 09:05:40] [WARNING] Nenhum e-mail encontrado para a data 20260329.
[2026-05-02 09:05:40] [INFO] Pesquisando e-mail com termo: 'Bordero_R0490_20260401'
[2026-05-02 09:05:40] [INFO] Busca enviada para termo: Bordero_R0490_20260401
[2026-05-02 09:05:44] [WARNING] Nenhum e-mail encontrado para a data 20260401.
[2026-05-02 09:05:44] [INFO] Pesquisando e-mail com termo: 'Bordero_R0490_20260404'
[2026-05-02 09:05:44] [INFO] Busca enviada para termo: Bordero_R0490_20260404
[2026-05-02 09:05:48] [WARNING] Nenhum e-mail encontrado para a data 20260404.
[2026-05-02 09:05:48] [INFO] Pesquisando e-mail com termo: 'Bordero_R0490_20260405'
[2026-05-02 09:05:48] [INFO] Busca enviada para termo: Bordero_R0490_20260405
[2026-05-02 09:05:52] [WARNING] Nenhum e-mail encontrado para a data 20260405.
[2026-05-02 09:05:52] [INFO] Pesquisando e-mail com termo: 'Bordero_R0490_20260407'
[2026-05-02 09:05:53] [INFO] Busca enviada para termo: Bordero_R0490_20260407
[2026-05-02 09:05:57] [WARNING] Nenhum e-mail encontrado para a data 20260407.
[2026-05-02 09:05:57] [INFO] Pesquisando e-mail com termo: 'Bordero_R0490_20260411'
[2026-05-02 09:05:57] [INFO] Busca enviada para termo: Bordero_R0490_20260411
[2026-05-02 09:06:01] [WARNING] Nenhum e-mail encontrado para a data 20260411.
[2026-05-02 09:06:01] [INFO] Pesquisando e-mail com termo: 'Bordero_R0490_20260412'
[2026-05-02 09:06:01] [INFO] Busca enviada para termo: Bordero_R0490_20260412
[2026-05-02 09:06:05] [WARNING] Nenhum e-mail encontrado para a data 20260412.
[2026-05-02 09:06:05] [INFO] Pesquisando e-mail com termo: 'Bordero_R0490_20260417'
[2026-05-02 09:06:05] [INFO] Busca enviada para termo: Bordero_R0490_20260417
[2026-05-02 09:06:09] [WARNING] Nenhum e-mail encontrado para a data 20260417.
[2026-05-02 09:06:09] [INFO] Pesquisando e-mail com termo: 'Bordero_R0490_20260418'
[2026-05-02 09:06:09] [INFO] Busca enviada para termo: Bordero_R0490_20260418
[2026-05-02 09:06:13] [WARNING] Nenhum e-mail encontrado para a data 20260418.
[2026-05-02 09:06:13] [INFO] Pesquisando e-mail com termo: 'Bordero_R0490_20260419'
[2026-05-02 09:06:14] [INFO] Busca enviada para termo: Bordero_R0490_20260419
[2026-05-02 09:06:18] [WARNING] Nenhum e-mail encontrado para a data 20260419.
[2026-05-02 09:06:18] [INFO] Pesquisando e-mail com termo: 'Bordero_R0490_20260425'
[2026-05-02 09:06:18] [INFO] Busca enviada para termo: Bordero_R0490_20260425
[2026-05-02 09:06:22] [WARNING] Nenhum e-mail encontrado para a data 20260425.
[2026-05-02 09:06:22] [INFO] Pesquisando e-mail com termo: 'Bordero_R0490_20260426'
[2026-05-02 09:06:22] [INFO] Busca enviada para termo: Bordero_R0490_20260426
[2026-05-02 09:06:26] [WARNING] Nenhum e-mail encontrado para a data 20260426.
[2026-05-02 09:06:26] [INFO] Pesquisando e-mail com termo: 'Bordero_R0490_20260502'
[2026-05-02 09:06:26] [INFO] Busca enviada para termo: Bordero_R0490_20260502
[2026-05-02 09:06:30] [WARNING] Nenhum e-mail encontrado para a data 20260502.
[2026-05-02 09:06:33] [INFO] Navegador encerrado.
[2026-05-03 09:00:04] [INFO] ====================================================================================================
[2026-05-03 09:00:04] [INFO]                          INICIANDO RPA PARA DOWNLOAD DE BORDERO NO WEBMAIL
[2026-05-03 09:00:04] [INFO]                                 Autor: John Kennedy | Versão: 1.0.3                                 
[2026-05-03 09:00:04] [INFO] ====================================================================================================
[2026-05-03 09:00:04] [INFO] Datas pendentes para buscar: 20250821, 20250823, 20250824, 20250830, 20250831, 20250906, 20250907, 20250913, 20250914, 20250920, 20250921, 20250927, 20250928, 20251004, 20251005, 20251011, 20251012, 20251018, 20251019, 20251022, 20251025, 20251026, 20251101, 20251102, 20251106, 20251108, 20251109, 20251115, 20251116, 20251122, 20251123, 20251124, 20251129, 20251130, 20251206, 20251207, 20251211, 20251213, 20251214, 20251217, 20251218, 20251220, 20251221, 20251227, 20251228, 20260103, 20260104, 20260110, 20260111, 20260117, 20260118, 20260124, 20260125, 20260131, 20260201, 20260202, 20260203, 20260207, 20260208, 20260214, 20260215, 20260220, 20260221, 20260222, 20260228, 20260301, 20260307, 20260308, 20260314, 20260315, 20260320, 20260321, 20260322, 20260324, 20260328, 20260329, 20260401, 20260404, 20260405, 20260407, 20260411, 20260412, 20260417, 20260418, 20260419, 20260425, 20260426, 20260502, 20260503
[2026-05-03 09:00:11] [INFO] Page.setDownloadBehavior configurado para: C:\Users\administrador\Downloads
[2026-05-03 09:00:11] [INFO] Chrome iniciado.
[2026-05-03 09:00:20] [INFO] Login realizado.
[2026-05-03 09:00:25] [INFO] Pesquisando e-mail com termo: 'Bordero_R0490_20250821'
[2026-05-03 09:00:25] [INFO] Busca enviada para termo: Bordero_R0490_20250821
[2026-05-03 09:00:29] [WARNING] Nenhum e-mail encontrado para a data 20250821.
[2026-05-03 09:00:29] [INFO] Pesquisando e-mail com termo: 'Bordero_R0490_20250823'
[2026-05-03 09:00:30] [INFO] Busca enviada para termo: Bordero_R0490_20250823
[2026-05-03 09:00:34] [WARNING] Nenhum e-mail encontrado para a data 20250823.
[2026-05-03 09:00:34] [INFO] Pesquisando e-mail com termo: 'Bordero_R0490_20250824'
[2026-05-03 09:00:34] [INFO] Busca enviada para termo: Bordero_R0490_20250824
[2026-05-03 09:00:38] [WARNING] Nenhum e-mail encontrado para a data 20250824.
[2026-05-03 09:00:38] [INFO] Pesquisando e-mail com termo: 'Bordero_R0490_20250830'
[2026-05-03 09:00:38] [INFO] Busca enviada para termo: Bordero_R0490_20250830
[2026-05-03 09:00:42] [WARNING] Nenhum e-mail encontrado para a data 20250830.
[2026-05-03 09:00:42] [INFO] Pesquisando e-mail com termo: 'Bordero_R0490_20250831'
[2026-05-03 09:00:42] [INFO] Busca enviada para termo: Bordero_R0490_20250831
[2026-05-03 09:00:46] [WARNING] Nenhum e-mail encontrado para a data 20250831.
[2026-05-03 09:00:46] [INFO] Pesquisando e-mail com termo: 'Bordero_R0490_20250906'
[2026-05-03 09:00:46] [INFO] Busca enviada para termo: Bordero_R0490_20250906
[2026-05-03 09:00:50] [WARNING] Nenhum e-mail encontrado para a data 20250906.
[2026-05-03 09:00:50] [INFO] Pesquisando e-mail com termo: 'Bordero_R0490_20250907'
[2026-05-03 09:00:51] [INFO] Busca enviada para termo: Bordero_R0490_20250907
[2026-05-03 09:00:55] [WARNING] Nenhum e-mail encontrado para a data 20250907.
[2026-05-03 09:00:55] [INFO] Pesquisando e-mail com termo: 'Bordero_R0490_20250913'
[2026-05-03 09:00:55] [INFO] Busca enviada para termo: Bordero_R0490_20250913
[2026-05-03 09:00:59] [WARNING] Nenhum e-mail encontrado para a data 20250913.
[2026-05-03 09:00:59] [INFO] Pesquisando e-mail com termo: 'Bordero_R0490_20250914'
[2026-05-03 09:00:59] [INFO] Busca enviada para termo: Bordero_R0490_20250914
[2026-05-03 09:01:03] [WARNING] Nenhum e-mail encontrado para a data 20250914.
[2026-05-03 09:01:03] [INFO] Pesquisando e-mail com termo: 'Bordero_R0490_20250920'
[2026-05-03 09:01:03] [INFO] Busca enviada para termo: Bordero_R0490_20250920
[2026-05-03 09:01:07] [WARNING] Nenhum e-mail encontrado para a data 20250920.
[2026-05-03 09:01:07] [INFO] Pesquisando e-mail com termo: 'Bordero_R0490_20250921'
[2026-05-03 09:01:07] [INFO] Busca enviada para termo: Bordero_R0490_20250921
[2026-05-03 09:01:11] [WARNING] Nenhum e-mail encontrado para a data 20250921.
[2026-05-03 09:01:11] [INFO] Pesquisando e-mail com termo: 'Bordero_R0490_20250927'
[2026-05-03 09:01:12] [INFO] Busca enviada para termo: Bordero_R0490_20250927
[2026-05-03 09:01:16] [WARNING] Nenhum e-mail encontrado para a data 20250927.
[2026-05-03 09:01:16] [INFO] Pesquisando e-mail com termo: 'Bordero_R0490_20250928'
[2026-05-03 09:01:16] [INFO] Busca enviada para termo: Bordero_R0490_20250928
[2026-05-03 09:01:20] [WARNING] Nenhum e-mail encontrado para a data 20250928.
[2026-05-03 09:01:20] [INFO] Pesquisando e-mail com termo: 'Bordero_R0490_20251004'
[2026-05-03 09:01:20] [INFO] Busca enviada para termo: Bordero_R0490_20251004
[2026-05-03 09:01:24] [WARNING] Nenhum e-mail encontrado para a data 20251004.
[2026-05-03 09:01:24] [INFO] Pesquisando e-mail com termo: 'Bordero_R0490_20251005'
[2026-05-03 09:01:24] [INFO] Busca enviada para termo: Bordero_R0490_20251005
[2026-05-03 09:01:28] [WARNING] Nenhum e-mail encontrado para a data 20251005.
[2026-05-03 09:01:28] [INFO] Pesquisando e-mail com termo: 'Bordero_R0490_20251011'
[2026-05-03 09:01:29] [INFO] Busca enviada para termo: Bordero_R0490_20251011
[2026-05-03 09:01:33] [WARNING] Nenhum e-mail encontrado para a data 20251011.
[2026-05-03 09:01:33] [INFO] Pesquisando e-mail com termo: 'Bordero_R0490_20251012'
[2026-05-03 09:01:33] [INFO] Busca enviada para termo: Bordero_R0490_20251012
[2026-05-03 09:01:37] [WARNING] Nenhum e-mail encontrado para a data 20251012.
[2026-05-03 09:01:37] [INFO] Pesquisando e-mail com termo: 'Bordero_R0490_20251018'
[2026-05-03 09:01:37] [INFO] Busca enviada para termo: Bordero_R0490_20251018
[2026-05-03 09:01:41] [WARNING] Nenhum e-mail encontrado para a data 20251018.
[2026-05-03 09:01:41] [INFO] Pesquisando e-mail com termo: 'Bordero_R0490_20251019'
[2026-05-03 09:01:41] [INFO] Busca enviada para termo: Bordero_R0490_20251019
[2026-05-03 09:01:45] [WARNING] Nenhum e-mail encontrado para a data 20251019.
[2026-05-03 09:01:45] [INFO] Pesquisando e-mail com termo: 'Bordero_R0490_20251022'
[2026-05-03 09:01:46] [INFO] Busca enviada para termo: Bordero_R0490_20251022
[2026-05-03 09:01:50] [WARNING] Nenhum e-mail encontrado para a data 20251022.
[2026-05-03 09:01:50] [INFO] Pesquisando e-mail com termo: 'Bordero_R0490_20251025'
[2026-05-03 09:01:50] [INFO] Busca enviada para termo: Bordero_R0490_20251025
[2026-05-03 09:01:54] [WARNING] Nenhum e-mail encontrado para a data 20251025.
[2026-05-03 09:01:54] [INFO] Pesquisando e-mail com termo: 'Bordero_R0490_20251026'
[2026-05-03 09:01:54] [INFO] Busca enviada para termo: Bordero_R0490_20251026
[2026-05-03 09:01:58] [WARNING] Nenhum e-mail encontrado para a data 20251026.
[2026-05-03 09:01:58] [INFO] Pesquisando e-mail com termo: 'Bordero_R0490_20251101'
[2026-05-03 09:01:58] [INFO] Busca enviada para termo: Bordero_R0490_20251101
[2026-05-03 09:02:02] [WARNING] Nenhum e-mail encontrado para a data 20251101.
[2026-05-03 09:02:02] [INFO] Pesquisando e-mail com termo: 'Bordero_R0490_20251102'
[2026-05-03 09:02:02] [INFO] Busca enviada para termo: Bordero_R0490_20251102
[2026-05-03 09:02:06] [WARNING] Nenhum e-mail encontrado para a data 20251102.
[2026-05-03 09:02:06] [INFO] Pesquisando e-mail com termo: 'Bordero_R0490_20251106'
[2026-05-03 09:02:07] [INFO] Busca enviada para termo: Bordero_R0490_20251106
[2026-05-03 09:02:11] [WARNING] Nenhum e-mail encontrado para a data 20251106.
[2026-05-03 09:02:11] [INFO] Pesquisando e-mail com termo: 'Bordero_R0490_20251108'
[2026-05-03 09:02:11] [INFO] Busca enviada para termo: Bordero_R0490_20251108
[2026-05-03 09:02:15] [WARNING] Nenhum e-mail encontrado para a data 20251108.
[2026-05-03 09:02:15] [INFO] Pesquisando e-mail com termo: 'Bordero_R0490_20251109'
[2026-05-03 09:02:15] [INFO] Busca enviada para termo: Bordero_R0490_20251109
[2026-05-03 09:02:19] [WARNING] Nenhum e-mail encontrado para a data 20251109.
[2026-05-03 09:02:19] [INFO] Pesquisando e-mail com termo: 'Bordero_R0490_20251115'
[2026-05-03 09:02:19] [INFO] Busca enviada para termo: Bordero_R0490_20251115
[2026-05-03 09:02:23] [WARNING] Nenhum e-mail encontrado para a data 20251115.
[2026-05-03 09:02:23] [INFO] Pesquisando e-mail com termo: 'Bordero_R0490_20251116'
[2026-05-03 09:02:23] [INFO] Busca enviada para termo: Bordero_R0490_20251116
[2026-05-03 09:02:27] [WARNING] Nenhum e-mail encontrado para a data 20251116.
[2026-05-03 09:02:27] [INFO] Pesquisando e-mail com termo: 'Bordero_R0490_20251122'
[2026-05-03 09:02:28] [INFO] Busca enviada para termo: Bordero_R0490_20251122
[2026-05-03 09:02:32] [WARNING] Nenhum e-mail encontrado para a data 20251122.
[2026-05-03 09:02:32] [INFO] Pesquisando e-mail com termo: 'Bordero_R0490_20251123'
[2026-05-03 09:02:32] [INFO] Busca enviada para termo: Bordero_R0490_20251123
[2026-05-03 09:02:36] [WARNING] Nenhum e-mail encontrado para a data 20251123.
[2026-05-03 09:02:36] [INFO] Pesquisando e-mail com termo: 'Bordero_R0490_20251124'
[2026-05-03 09:02:36] [INFO] Busca enviada para termo: Bordero_R0490_20251124
[2026-05-03 09:02:40] [WARNING] Nenhum e-mail encontrado para a data 20251124.
[2026-05-03 09:02:40] [INFO] Pesquisando e-mail com termo: 'Bordero_R0490_20251129'
[2026-05-03 09:02:40] [INFO] Busca enviada para termo: Bordero_R0490_20251129
[2026-05-03 09:02:44] [WARNING] Nenhum e-mail encontrado para a data 20251129.
[2026-05-03 09:02:44] [INFO] Pesquisando e-mail com termo: 'Bordero_R0490_20251130'
[2026-05-03 09:02:44] [INFO] Busca enviada para termo: Bordero_R0490_20251130
[2026-05-03 09:02:48] [WARNING] Nenhum e-mail encontrado para a data 20251130.
[2026-05-03 09:02:48] [INFO] Pesquisando e-mail com termo: 'Bordero_R0490_20251206'
[2026-05-03 09:02:49] [INFO] Busca enviada para termo: Bordero_R0490_20251206
[2026-05-03 09:02:53] [WARNING] Nenhum e-mail encontrado para a data 20251206.
[2026-05-03 09:02:53] [INFO] Pesquisando e-mail com termo: 'Bordero_R0490_20251207'
[2026-05-03 09:02:53] [INFO] Busca enviada para termo: Bordero_R0490_20251207
[2026-05-03 09:02:57] [WARNING] Nenhum e-mail encontrado para a data 20251207.
[2026-05-03 09:02:57] [INFO] Pesquisando e-mail com termo: 'Bordero_R0490_20251211'
[2026-05-03 09:02:57] [INFO] Busca enviada para termo: Bordero_R0490_20251211
[2026-05-03 09:03:01] [WARNING] Nenhum e-mail encontrado para a data 20251211.
[2026-05-03 09:03:01] [INFO] Pesquisando e-mail com termo: 'Bordero_R0490_20251213'
[2026-05-03 09:03:01] [INFO] Busca enviada para termo: Bordero_R0490_20251213
[2026-05-03 09:03:05] [WARNING] Nenhum e-mail encontrado para a data 20251213.
[2026-05-03 09:03:05] [INFO] Pesquisando e-mail com termo: 'Bordero_R0490_20251214'
[2026-05-03 09:03:05] [INFO] Busca enviada para termo: Bordero_R0490_20251214
[2026-05-03 09:03:09] [WARNING] Nenhum e-mail encontrado para a data 20251214.
[2026-05-03 09:03:09] [INFO] Pesquisando e-mail com termo: 'Bordero_R0490_20251217'
[2026-05-03 09:03:10] [INFO] Busca enviada para termo: Bordero_R0490_20251217
[2026-05-03 09:03:14] [WARNING] Nenhum e-mail encontrado para a data 20251217.
[2026-05-03 09:03:14] [INFO] Pesquisando e-mail com termo: 'Bordero_R0490_20251218'
[2026-05-03 09:03:14] [INFO] Busca enviada para termo: Bordero_R0490_20251218
[2026-05-03 09:03:18] [WARNING] Nenhum e-mail encontrado para a data 20251218.
[2026-05-03 09:03:18] [INFO] Pesquisando e-mail com termo: 'Bordero_R0490_20251220'
[2026-05-03 09:03:18] [INFO] Busca enviada para termo: Bordero_R0490_20251220
[2026-05-03 09:03:22] [WARNING] Nenhum e-mail encontrado para a data 20251220.
[2026-05-03 09:03:22] [INFO] Pesquisando e-mail com termo: 'Bordero_R0490_20251221'
[2026-05-03 09:03:22] [INFO] Busca enviada para termo: Bordero_R0490_20251221
[2026-05-03 09:03:26] [WARNING] Nenhum e-mail encontrado para a data 20251221.
[2026-05-03 09:03:26] [INFO] Pesquisando e-mail com termo: 'Bordero_R0490_20251227'
[2026-05-03 09:03:26] [INFO] Busca enviada para termo: Bordero_R0490_20251227
[2026-05-03 09:03:31] [WARNING] Nenhum e-mail encontrado para a data 20251227.
[2026-05-03 09:03:31] [INFO] Pesquisando e-mail com termo: 'Bordero_R0490_20251228'
[2026-05-03 09:03:31] [INFO] Busca enviada para termo: Bordero_R0490_20251228
[2026-05-03 09:03:35] [WARNING] Nenhum e-mail encontrado para a data 20251228.
[2026-05-03 09:03:35] [INFO] Pesquisando e-mail com termo: 'Bordero_R0490_20260103'
[2026-05-03 09:03:35] [INFO] Busca enviada para termo: Bordero_R0490_20260103
[2026-05-03 09:03:39] [WARNING] Nenhum e-mail encontrado para a data 20260103.
[2026-05-03 09:03:39] [INFO] Pesquisando e-mail com termo: 'Bordero_R0490_20260104'
[2026-05-03 09:03:39] [INFO] Busca enviada para termo: Bordero_R0490_20260104
[2026-05-03 09:03:43] [WARNING] Nenhum e-mail encontrado para a data 20260104.
[2026-05-03 09:03:43] [INFO] Pesquisando e-mail com termo: 'Bordero_R0490_20260110'
[2026-05-03 09:03:43] [INFO] Busca enviada para termo: Bordero_R0490_20260110
[2026-05-03 09:03:47] [WARNING] Nenhum e-mail encontrado para a data 20260110.
[2026-05-03 09:03:47] [INFO] Pesquisando e-mail com termo: 'Bordero_R0490_20260111'
[2026-05-03 09:03:47] [INFO] Busca enviada para termo: Bordero_R0490_20260111
[2026-05-03 09:03:52] [WARNING] Nenhum e-mail encontrado para a data 20260111.
[2026-05-03 09:03:52] [INFO] Pesquisando e-mail com termo: 'Bordero_R0490_20260117'
[2026-05-03 09:03:52] [INFO] Busca enviada para termo: Bordero_R0490_20260117
[2026-05-03 09:03:56] [WARNING] Nenhum e-mail encontrado para a data 20260117.
[2026-05-03 09:03:56] [INFO] Pesquisando e-mail com termo: 'Bordero_R0490_20260118'
[2026-05-03 09:03:56] [INFO] Busca enviada para termo: Bordero_R0490_20260118
[2026-05-03 09:04:00] [WARNING] Nenhum e-mail encontrado para a data 20260118.
[2026-05-03 09:04:00] [INFO] Pesquisando e-mail com termo: 'Bordero_R0490_20260124'
[2026-05-03 09:04:00] [INFO] Busca enviada para termo: Bordero_R0490_20260124
[2026-05-03 09:04:04] [WARNING] Nenhum e-mail encontrado para a data 20260124.
[2026-05-03 09:04:04] [INFO] Pesquisando e-mail com termo: 'Bordero_R0490_20260125'
[2026-05-03 09:04:04] [INFO] Busca enviada para termo: Bordero_R0490_20260125
[2026-05-03 09:04:08] [WARNING] Nenhum e-mail encontrado para a data 20260125.
[2026-05-03 09:04:08] [INFO] Pesquisando e-mail com termo: 'Bordero_R0490_20260131'
[2026-05-03 09:04:09] [INFO] Busca enviada para termo: Bordero_R0490_20260131
[2026-05-03 09:04:13] [WARNING] Nenhum e-mail encontrado para a data 20260131.
[2026-05-03 09:04:13] [INFO] Pesquisando e-mail com termo: 'Bordero_R0490_20260201'
[2026-05-03 09:04:13] [INFO] Busca enviada para termo: Bordero_R0490_20260201
[2026-05-03 09:04:17] [WARNING] Nenhum e-mail encontrado para a data 20260201.
[2026-05-03 09:04:17] [INFO] Pesquisando e-mail com termo: 'Bordero_R0490_20260202'
[2026-05-03 09:04:17] [INFO] Busca enviada para termo: Bordero_R0490_20260202
[2026-05-03 09:04:21] [WARNING] Nenhum e-mail encontrado para a data 20260202.
[2026-05-03 09:04:21] [INFO] Pesquisando e-mail com termo: 'Bordero_R0490_20260203'
[2026-05-03 09:04:21] [INFO] Busca enviada para termo: Bordero_R0490_20260203
[2026-05-03 09:04:25] [WARNING] Nenhum e-mail encontrado para a data 20260203.
[2026-05-03 09:04:25] [INFO] Pesquisando e-mail com termo: 'Bordero_R0490_20260207'
[2026-05-03 09:04:25] [INFO] Busca enviada para termo: Bordero_R0490_20260207
[2026-05-03 09:04:29] [WARNING] Nenhum e-mail encontrado para a data 20260207.
[2026-05-03 09:04:29] [INFO] Pesquisando e-mail com termo: 'Bordero_R0490_20260208'
[2026-05-03 09:04:30] [INFO] Busca enviada para termo: Bordero_R0490_20260208
[2026-05-03 09:04:34] [WARNING] Nenhum e-mail encontrado para a data 20260208.
[2026-05-03 09:04:34] [INFO] Pesquisando e-mail com termo: 'Bordero_R0490_20260214'
[2026-05-03 09:04:34] [INFO] Busca enviada para termo: Bordero_R0490_20260214
[2026-05-03 09:04:38] [WARNING] Nenhum e-mail encontrado para a data 20260214.
[2026-05-03 09:04:38] [INFO] Pesquisando e-mail com termo: 'Bordero_R0490_20260215'
[2026-05-03 09:04:38] [INFO] Busca enviada para termo: Bordero_R0490_20260215
[2026-05-03 09:04:42] [WARNING] Nenhum e-mail encontrado para a data 20260215.
[2026-05-03 09:04:42] [INFO] Pesquisando e-mail com termo: 'Bordero_R0490_20260220'
[2026-05-03 09:04:42] [INFO] Busca enviada para termo: Bordero_R0490_20260220
[2026-05-03 09:04:46] [WARNING] Nenhum e-mail encontrado para a data 20260220.
[2026-05-03 09:04:46] [INFO] Pesquisando e-mail com termo: 'Bordero_R0490_20260221'
[2026-05-03 09:04:47] [INFO] Busca enviada para termo: Bordero_R0490_20260221
[2026-05-03 09:04:51] [WARNING] Nenhum e-mail encontrado para a data 20260221.
[2026-05-03 09:04:51] [INFO] Pesquisando e-mail com termo: 'Bordero_R0490_20260222'
[2026-05-03 09:04:51] [INFO] Busca enviada para termo: Bordero_R0490_20260222
[2026-05-03 09:04:55] [WARNING] Nenhum e-mail encontrado para a data 20260222.
[2026-05-03 09:04:55] [INFO] Pesquisando e-mail com termo: 'Bordero_R0490_20260228'
[2026-05-03 09:04:55] [INFO] Busca enviada para termo: Bordero_R0490_20260228
[2026-05-03 09:04:59] [WARNING] Nenhum e-mail encontrado para a data 20260228.
[2026-05-03 09:04:59] [INFO] Pesquisando e-mail com termo: 'Bordero_R0490_20260301'
[2026-05-03 09:04:59] [INFO] Busca enviada para termo: Bordero_R0490_20260301
[2026-05-03 09:05:03] [WARNING] Nenhum e-mail encontrado para a data 20260301.
[2026-05-03 09:05:03] [INFO] Pesquisando e-mail com termo: 'Bordero_R0490_20260307'
[2026-05-03 09:05:03] [INFO] Busca enviada para termo: Bordero_R0490_20260307
[2026-05-03 09:05:07] [WARNING] Nenhum e-mail encontrado para a data 20260307.
[2026-05-03 09:05:07] [INFO] Pesquisando e-mail com termo: 'Bordero_R0490_20260308'
[2026-05-03 09:05:08] [INFO] Busca enviada para termo: Bordero_R0490_20260308
[2026-05-03 09:05:12] [WARNING] Nenhum e-mail encontrado para a data 20260308.
[2026-05-03 09:05:12] [INFO] Pesquisando e-mail com termo: 'Bordero_R0490_20260314'
[2026-05-03 09:05:12] [INFO] Busca enviada para termo: Bordero_R0490_20260314
[2026-05-03 09:05:16] [WARNING] Nenhum e-mail encontrado para a data 20260314.
[2026-05-03 09:05:16] [INFO] Pesquisando e-mail com termo: 'Bordero_R0490_20260315'
[2026-05-03 09:05:16] [INFO] Busca enviada para termo: Bordero_R0490_20260315
[2026-05-03 09:05:20] [WARNING] Nenhum e-mail encontrado para a data 20260315.
[2026-05-03 09:05:20] [INFO] Pesquisando e-mail com termo: 'Bordero_R0490_20260320'
[2026-05-03 09:05:20] [INFO] Busca enviada para termo: Bordero_R0490_20260320
[2026-05-03 09:05:24] [WARNING] Nenhum e-mail encontrado para a data 20260320.
[2026-05-03 09:05:24] [INFO] Pesquisando e-mail com termo: 'Bordero_R0490_20260321'
[2026-05-03 09:05:25] [INFO] Busca enviada para termo: Bordero_R0490_20260321
[2026-05-03 09:05:29] [WARNING] Nenhum e-mail encontrado para a data 20260321.
[2026-05-03 09:05:29] [INFO] Pesquisando e-mail com termo: 'Bordero_R0490_20260322'
[2026-05-03 09:05:29] [INFO] Busca enviada para termo: Bordero_R0490_20260322
[2026-05-03 09:05:33] [WARNING] Nenhum e-mail encontrado para a data 20260322.
[2026-05-03 09:05:33] [INFO] Pesquisando e-mail com termo: 'Bordero_R0490_20260324'
[2026-05-03 09:05:33] [INFO] Busca enviada para termo: Bordero_R0490_20260324
[2026-05-03 09:05:37] [WARNING] Nenhum e-mail encontrado para a data 20260324.
[2026-05-03 09:05:37] [INFO] Pesquisando e-mail com termo: 'Bordero_R0490_20260328'
[2026-05-03 09:05:37] [INFO] Busca enviada para termo: Bordero_R0490_20260328
[2026-05-03 09:05:41] [WARNING] Nenhum e-mail encontrado para a data 20260328.
[2026-05-03 09:05:41] [INFO] Pesquisando e-mail com termo: 'Bordero_R0490_20260329'
[2026-05-03 09:05:41] [INFO] Busca enviada para termo: Bordero_R0490_20260329
[2026-05-03 09:05:45] [WARNING] Nenhum e-mail encontrado para a data 20260329.
[2026-05-03 09:05:45] [INFO] Pesquisando e-mail com termo: 'Bordero_R0490_20260401'
[2026-05-03 09:05:46] [INFO] Busca enviada para termo: Bordero_R0490_20260401
[2026-05-03 09:05:50] [WARNING] Nenhum e-mail encontrado para a data 20260401.
[2026-05-03 09:05:50] [INFO] Pesquisando e-mail com termo: 'Bordero_R0490_20260404'
[2026-05-03 09:05:50] [INFO] Busca enviada para termo: Bordero_R0490_20260404
[2026-05-03 09:05:54] [WARNING] Nenhum e-mail encontrado para a data 20260404.
[2026-05-03 09:05:54] [INFO] Pesquisando e-mail com termo: 'Bordero_R0490_20260405'
[2026-05-03 09:05:54] [INFO] Busca enviada para termo: Bordero_R0490_20260405
[2026-05-03 09:05:58] [WARNING] Nenhum e-mail encontrado para a data 20260405.
[2026-05-03 09:05:58] [INFO] Pesquisando e-mail com termo: 'Bordero_R0490_20260407'
[2026-05-03 09:05:58] [INFO] Busca enviada para termo: Bordero_R0490_20260407
[2026-05-03 09:06:02] [WARNING] Nenhum e-mail encontrado para a data 20260407.
[2026-05-03 09:06:02] [INFO] Pesquisando e-mail com termo: 'Bordero_R0490_20260411'
[2026-05-03 09:06:02] [INFO] Busca enviada para termo: Bordero_R0490_20260411
[2026-05-03 09:06:06] [WARNING] Nenhum e-mail encontrado para a data 20260411.
[2026-05-03 09:06:06] [INFO] Pesquisando e-mail com termo: 'Bordero_R0490_20260412'
[2026-05-03 09:06:07] [INFO] Busca enviada para termo: Bordero_R0490_20260412
[2026-05-03 09:06:11] [WARNING] Nenhum e-mail encontrado para a data 20260412.
[2026-05-03 09:06:11] [INFO] Pesquisando e-mail com termo: 'Bordero_R0490_20260417'
[2026-05-03 09:06:11] [INFO] Busca enviada para termo: Bordero_R0490_20260417
[2026-05-03 09:06:15] [WARNING] Nenhum e-mail encontrado para a data 20260417.
[2026-05-03 09:06:15] [INFO] Pesquisando e-mail com termo: 'Bordero_R0490_20260418'
[2026-05-03 09:06:15] [INFO] Busca enviada para termo: Bordero_R0490_20260418
[2026-05-03 09:06:19] [WARNING] Nenhum e-mail encontrado para a data 20260418.
[2026-05-03 09:06:19] [INFO] Pesquisando e-mail com termo: 'Bordero_R0490_20260419'
[2026-05-03 09:06:19] [INFO] Busca enviada para termo: Bordero_R0490_20260419
[2026-05-03 09:06:23] [WARNING] Nenhum e-mail encontrado para a data 20260419.
[2026-05-03 09:06:23] [INFO] Pesquisando e-mail com termo: 'Bordero_R0490_20260425'
[2026-05-03 09:06:23] [INFO] Busca enviada para termo: Bordero_R0490_20260425
[2026-05-03 09:06:27] [WARNING] Nenhum e-mail encontrado para a data 20260425.
[2026-05-03 09:06:27] [INFO] Pesquisando e-mail com termo: 'Bordero_R0490_20260426'
[2026-05-03 09:06:27] [INFO] Busca enviada para termo: Bordero_R0490_20260426
[2026-05-03 09:06:32] [WARNING] Nenhum e-mail encontrado para a data 20260426.
[2026-05-03 09:06:32] [INFO] Pesquisando e-mail com termo: 'Bordero_R0490_20260502'
[2026-05-03 09:06:32] [INFO] Busca enviada para termo: Bordero_R0490_20260502
[2026-05-03 09:06:36] [WARNING] Nenhum e-mail encontrado para a data 20260502.
[2026-05-03 09:06:36] [INFO] Pesquisando e-mail com termo: 'Bordero_R0490_20260503'
[2026-05-03 09:06:36] [INFO] Busca enviada para termo: Bordero_R0490_20260503
[2026-05-03 09:06:40] [WARNING] Nenhum e-mail encontrado para a data 20260503.
[2026-05-03 09:06:42] [INFO] Navegador encerrado.
[2026-05-04 09:00:05] [INFO] ====================================================================================================
[2026-05-04 09:00:05] [INFO]                          INICIANDO RPA PARA DOWNLOAD DE BORDERO NO WEBMAIL
[2026-05-04 09:00:05] [INFO]                                 Autor: John Kennedy | Versão: 1.0.3                                 
[2026-05-04 09:00:05] [INFO] ====================================================================================================
[2026-05-04 09:00:05] [INFO] Datas pendentes para buscar: 20250821, 20250823, 20250824, 20250830, 20250831, 20250906, 20250907, 20250913, 20250914, 20250920, 20250921, 20250927, 20250928, 20251004, 20251005, 20251011, 20251012, 20251018, 20251019, 20251022, 20251025, 20251026, 20251101, 20251102, 20251106, 20251108, 20251109, 20251115, 20251116, 20251122, 20251123, 20251124, 20251129, 20251130, 20251206, 20251207, 20251211, 20251213, 20251214, 20251217, 20251218, 20251220, 20251221, 20251227, 20251228, 20260103, 20260104, 20260110, 20260111, 20260117, 20260118, 20260124, 20260125, 20260131, 20260201, 20260202, 20260203, 20260207, 20260208, 20260214, 20260215, 20260220, 20260221, 20260222, 20260228, 20260301, 20260307, 20260308, 20260314, 20260315, 20260320, 20260321, 20260322, 20260324, 20260328, 20260329, 20260401, 20260404, 20260405, 20260407, 20260411, 20260412, 20260417, 20260418, 20260419, 20260425, 20260426, 20260502, 20260503, 20260504
[2026-05-04 09:00:08] [INFO] Page.setDownloadBehavior configurado para: C:\Users\administrador\Downloads
[2026-05-04 09:00:08] [INFO] Chrome iniciado.
[2026-05-04 09:00:15] [INFO] Login realizado.
[2026-05-04 09:00:20] [INFO] Pesquisando e-mail com termo: 'Bordero_R0490_20250821'
[2026-05-04 09:00:21] [INFO] Busca enviada para termo: Bordero_R0490_20250821
[2026-05-04 09:00:25] [WARNING] Nenhum e-mail encontrado para a data 20250821.
[2026-05-04 09:00:25] [INFO] Pesquisando e-mail com termo: 'Bordero_R0490_20250823'
[2026-05-04 09:00:25] [INFO] Busca enviada para termo: Bordero_R0490_20250823
[2026-05-04 09:00:29] [WARNING] Nenhum e-mail encontrado para a data 20250823.
[2026-05-04 09:00:29] [INFO] Pesquisando e-mail com termo: 'Bordero_R0490_20250824'
[2026-05-04 09:00:29] [INFO] Busca enviada para termo: Bordero_R0490_20250824
[2026-05-04 09:00:33] [WARNING] Nenhum e-mail encontrado para a data 20250824.
[2026-05-04 09:00:33] [INFO] Pesquisando e-mail com termo: 'Bordero_R0490_20250830'
[2026-05-04 09:00:33] [INFO] Busca enviada para termo: Bordero_R0490_20250830
[2026-05-04 09:00:37] [WARNING] Nenhum e-mail encontrado para a data 20250830.
[2026-05-04 09:00:37] [INFO] Pesquisando e-mail com termo: 'Bordero_R0490_20250831'
[2026-05-04 09:00:37] [INFO] Busca enviada para termo: Bordero_R0490_20250831
[2026-05-04 09:00:41] [WARNING] Nenhum e-mail encontrado para a data 20250831.
[2026-05-04 09:00:41] [INFO] Pesquisando e-mail com termo: 'Bordero_R0490_20250906'
[2026-05-04 09:00:41] [INFO] Busca enviada para termo: Bordero_R0490_20250906
[2026-05-04 09:00:46] [WARNING] Nenhum e-mail encontrado para a data 20250906.
[2026-05-04 09:00:46] [INFO] Pesquisando e-mail com termo: 'Bordero_R0490_20250907'
[2026-05-04 09:00:46] [INFO] Busca enviada para termo: Bordero_R0490_20250907
[2026-05-04 09:00:50] [WARNING] Nenhum e-mail encontrado para a data 20250907.
[2026-05-04 09:00:50] [INFO] Pesquisando e-mail com termo: 'Bordero_R0490_20250913'
[2026-05-04 09:00:50] [INFO] Busca enviada para termo: Bordero_R0490_20250913
[2026-05-04 09:00:54] [WARNING] Nenhum e-mail encontrado para a data 20250913.
[2026-05-04 09:00:54] [INFO] Pesquisando e-mail com termo: 'Bordero_R0490_20250914'
[2026-05-04 09:00:54] [INFO] Busca enviada para termo: Bordero_R0490_20250914
[2026-05-04 09:00:58] [WARNING] Nenhum e-mail encontrado para a data 20250914.
[2026-05-04 09:00:58] [INFO] Pesquisando e-mail com termo: 'Bordero_R0490_20250920'
[2026-05-04 09:00:59] [INFO] Busca enviada para termo: Bordero_R0490_20250920
[2026-05-04 09:01:03] [WARNING] Nenhum e-mail encontrado para a data 20250920.
[2026-05-04 09:01:03] [INFO] Pesquisando e-mail com termo: 'Bordero_R0490_20250921'
[2026-05-04 09:01:03] [INFO] Busca enviada para termo: Bordero_R0490_20250921
[2026-05-04 09:01:07] [WARNING] Nenhum e-mail encontrado para a data 20250921.
[2026-05-04 09:01:07] [INFO] Pesquisando e-mail com termo: 'Bordero_R0490_20250927'
[2026-05-04 09:01:07] [INFO] Busca enviada para termo: Bordero_R0490_20250927
[2026-05-04 09:01:11] [WARNING] Nenhum e-mail encontrado para a data 20250927.
[2026-05-04 09:01:11] [INFO] Pesquisando e-mail com termo: 'Bordero_R0490_20250928'
[2026-05-04 09:01:11] [INFO] Busca enviada para termo: Bordero_R0490_20250928
[2026-05-04 09:01:15] [WARNING] Nenhum e-mail encontrado para a data 20250928.
[2026-05-04 09:01:15] [INFO] Pesquisando e-mail com termo: 'Bordero_R0490_20251004'
[2026-05-04 09:01:15] [INFO] Busca enviada para termo: Bordero_R0490_20251004
[2026-05-04 09:01:19] [WARNING] Nenhum e-mail encontrado para a data 20251004.
[2026-05-04 09:01:19] [INFO] Pesquisando e-mail com termo: 'Bordero_R0490_20251005'
[2026-05-04 09:01:20] [INFO] Busca enviada para termo: Bordero_R0490_20251005
[2026-05-04 09:01:24] [WARNING] Nenhum e-mail encontrado para a data 20251005.
[2026-05-04 09:01:24] [INFO] Pesquisando e-mail com termo: 'Bordero_R0490_20251011'
[2026-05-04 09:01:24] [INFO] Busca enviada para termo: Bordero_R0490_20251011
[2026-05-04 09:01:28] [WARNING] Nenhum e-mail encontrado para a data 20251011.
[2026-05-04 09:01:28] [INFO] Pesquisando e-mail com termo: 'Bordero_R0490_20251012'
[2026-05-04 09:01:28] [INFO] Busca enviada para termo: Bordero_R0490_20251012
[2026-05-04 09:01:32] [WARNING] Nenhum e-mail encontrado para a data 20251012.
[2026-05-04 09:01:32] [INFO] Pesquisando e-mail com termo: 'Bordero_R0490_20251018'
[2026-05-04 09:01:32] [INFO] Busca enviada para termo: Bordero_R0490_20251018
[2026-05-04 09:01:36] [WARNING] Nenhum e-mail encontrado para a data 20251018.
[2026-05-04 09:01:36] [INFO] Pesquisando e-mail com termo: 'Bordero_R0490_20251019'
[2026-05-04 09:01:36] [INFO] Busca enviada para termo: Bordero_R0490_20251019
[2026-05-04 09:01:40] [WARNING] Nenhum e-mail encontrado para a data 20251019.
[2026-05-04 09:01:40] [INFO] Pesquisando e-mail com termo: 'Bordero_R0490_20251022'
[2026-05-04 09:01:41] [INFO] Busca enviada para termo: Bordero_R0490_20251022
[2026-05-04 09:01:45] [WARNING] Nenhum e-mail encontrado para a data 20251022.
[2026-05-04 09:01:45] [INFO] Pesquisando e-mail com termo: 'Bordero_R0490_20251025'
[2026-05-04 09:01:45] [INFO] Busca enviada para termo: Bordero_R0490_20251025
[2026-05-04 09:01:49] [WARNING] Nenhum e-mail encontrado para a data 20251025.
[2026-05-04 09:01:49] [INFO] Pesquisando e-mail com termo: 'Bordero_R0490_20251026'
[2026-05-04 09:01:49] [INFO] Busca enviada para termo: Bordero_R0490_20251026
[2026-05-04 09:01:53] [WARNING] Nenhum e-mail encontrado para a data 20251026.
[2026-05-04 09:01:53] [INFO] Pesquisando e-mail com termo: 'Bordero_R0490_20251101'
[2026-05-04 09:01:53] [INFO] Busca enviada para termo: Bordero_R0490_20251101
[2026-05-04 09:01:57] [WARNING] Nenhum e-mail encontrado para a data 20251101.
[2026-05-04 09:01:57] [INFO] Pesquisando e-mail com termo: 'Bordero_R0490_20251102'
[2026-05-04 09:01:57] [INFO] Busca enviada para termo: Bordero_R0490_20251102
[2026-05-04 09:02:01] [WARNING] Nenhum e-mail encontrado para a data 20251102.
[2026-05-04 09:02:01] [INFO] Pesquisando e-mail com termo: 'Bordero_R0490_20251106'
[2026-05-04 09:02:02] [INFO] Busca enviada para termo: Bordero_R0490_20251106
[2026-05-04 09:02:06] [WARNING] Nenhum e-mail encontrado para a data 20251106.
[2026-05-04 09:02:06] [INFO] Pesquisando e-mail com termo: 'Bordero_R0490_20251108'
[2026-05-04 09:02:06] [INFO] Busca enviada para termo: Bordero_R0490_20251108
[2026-05-04 09:02:10] [WARNING] Nenhum e-mail encontrado para a data 20251108.
[2026-05-04 09:02:10] [INFO] Pesquisando e-mail com termo: 'Bordero_R0490_20251109'
[2026-05-04 09:02:10] [INFO] Busca enviada para termo: Bordero_R0490_20251109
[2026-05-04 09:02:14] [WARNING] Nenhum e-mail encontrado para a data 20251109.
[2026-05-04 09:02:14] [INFO] Pesquisando e-mail com termo: 'Bordero_R0490_20251115'
[2026-05-04 09:02:14] [INFO] Busca enviada para termo: Bordero_R0490_20251115
[2026-05-04 09:02:18] [WARNING] Nenhum e-mail encontrado para a data 20251115.
[2026-05-04 09:02:18] [INFO] Pesquisando e-mail com termo: 'Bordero_R0490_20251116'
[2026-05-04 09:02:18] [INFO] Busca enviada para termo: Bordero_R0490_20251116
[2026-05-04 09:02:22] [WARNING] Nenhum e-mail encontrado para a data 20251116.
[2026-05-04 09:02:22] [INFO] Pesquisando e-mail com termo: 'Bordero_R0490_20251122'
[2026-05-04 09:02:23] [INFO] Busca enviada para termo: Bordero_R0490_20251122
[2026-05-04 09:02:27] [WARNING] Nenhum e-mail encontrado para a data 20251122.
[2026-05-04 09:02:27] [INFO] Pesquisando e-mail com termo: 'Bordero_R0490_20251123'
[2026-05-04 09:02:27] [INFO] Busca enviada para termo: Bordero_R0490_20251123
[2026-05-04 09:02:31] [WARNING] Nenhum e-mail encontrado para a data 20251123.
[2026-05-04 09:02:31] [INFO] Pesquisando e-mail com termo: 'Bordero_R0490_20251124'
[2026-05-04 09:02:31] [INFO] Busca enviada para termo: Bordero_R0490_20251124
[2026-05-04 09:02:35] [WARNING] Nenhum e-mail encontrado para a data 20251124.
[2026-05-04 09:02:35] [INFO] Pesquisando e-mail com termo: 'Bordero_R0490_20251129'
[2026-05-04 09:02:35] [INFO] Busca enviada para termo: Bordero_R0490_20251129
[2026-05-04 09:02:39] [WARNING] Nenhum e-mail encontrado para a data 20251129.
[2026-05-04 09:02:39] [INFO] Pesquisando e-mail com termo: 'Bordero_R0490_20251130'
[2026-05-04 09:02:39] [INFO] Busca enviada para termo: Bordero_R0490_20251130
[2026-05-04 09:02:44] [WARNING] Nenhum e-mail encontrado para a data 20251130.
[2026-05-04 09:02:44] [INFO] Pesquisando e-mail com termo: 'Bordero_R0490_20251206'
[2026-05-04 09:02:44] [INFO] Busca enviada para termo: Bordero_R0490_20251206
[2026-05-04 09:02:48] [WARNING] Nenhum e-mail encontrado para a data 20251206.
[2026-05-04 09:02:48] [INFO] Pesquisando e-mail com termo: 'Bordero_R0490_20251207'
[2026-05-04 09:02:48] [INFO] Busca enviada para termo: Bordero_R0490_20251207
[2026-05-04 09:02:52] [WARNING] Nenhum e-mail encontrado para a data 20251207.
[2026-05-04 09:02:52] [INFO] Pesquisando e-mail com termo: 'Bordero_R0490_20251211'
[2026-05-04 09:02:52] [INFO] Busca enviada para termo: Bordero_R0490_20251211
[2026-05-04 09:02:56] [WARNING] Nenhum e-mail encontrado para a data 20251211.
[2026-05-04 09:02:56] [INFO] Pesquisando e-mail com termo: 'Bordero_R0490_20251213'
[2026-05-04 09:02:56] [INFO] Busca enviada para termo: Bordero_R0490_20251213
[2026-05-04 09:03:00] [WARNING] Nenhum e-mail encontrado para a data 20251213.
[2026-05-04 09:03:00] [INFO] Pesquisando e-mail com termo: 'Bordero_R0490_20251214'
[2026-05-04 09:03:01] [INFO] Busca enviada para termo: Bordero_R0490_20251214
[2026-05-04 09:03:05] [WARNING] Nenhum e-mail encontrado para a data 20251214.
[2026-05-04 09:03:05] [INFO] Pesquisando e-mail com termo: 'Bordero_R0490_20251217'
[2026-05-04 09:03:05] [INFO] Busca enviada para termo: Bordero_R0490_20251217
[2026-05-04 09:03:09] [WARNING] Nenhum e-mail encontrado para a data 20251217.
[2026-05-04 09:03:09] [INFO] Pesquisando e-mail com termo: 'Bordero_R0490_20251218'
[2026-05-04 09:03:09] [INFO] Busca enviada para termo: Bordero_R0490_20251218
[2026-05-04 09:03:13] [WARNING] Nenhum e-mail encontrado para a data 20251218.
[2026-05-04 09:03:13] [INFO] Pesquisando e-mail com termo: 'Bordero_R0490_20251220'
[2026-05-04 09:03:13] [INFO] Busca enviada para termo: Bordero_R0490_20251220
[2026-05-04 09:03:17] [WARNING] Nenhum e-mail encontrado para a data 20251220.
[2026-05-04 09:03:17] [INFO] Pesquisando e-mail com termo: 'Bordero_R0490_20251221'
[2026-05-04 09:03:17] [INFO] Busca enviada para termo: Bordero_R0490_20251221
[2026-05-04 09:03:21] [WARNING] Nenhum e-mail encontrado para a data 20251221.
[2026-05-04 09:03:21] [INFO] Pesquisando e-mail com termo: 'Bordero_R0490_20251227'
[2026-05-04 09:03:22] [INFO] Busca enviada para termo: Bordero_R0490_20251227
[2026-05-04 09:03:26] [WARNING] Nenhum e-mail encontrado para a data 20251227.
[2026-05-04 09:03:26] [INFO] Pesquisando e-mail com termo: 'Bordero_R0490_20251228'
[2026-05-04 09:03:26] [INFO] Busca enviada para termo: Bordero_R0490_20251228
[2026-05-04 09:03:30] [WARNING] Nenhum e-mail encontrado para a data 20251228.
[2026-05-04 09:03:30] [INFO] Pesquisando e-mail com termo: 'Bordero_R0490_20260103'
[2026-05-04 09:03:30] [INFO] Busca enviada para termo: Bordero_R0490_20260103
[2026-05-04 09:03:34] [WARNING] Nenhum e-mail encontrado para a data 20260103.
[2026-05-04 09:03:34] [INFO] Pesquisando e-mail com termo: 'Bordero_R0490_20260104'
[2026-05-04 09:03:34] [INFO] Busca enviada para termo: Bordero_R0490_20260104
[2026-05-04 09:03:38] [WARNING] Nenhum e-mail encontrado para a data 20260104.
[2026-05-04 09:03:38] [INFO] Pesquisando e-mail com termo: 'Bordero_R0490_20260110'
[2026-05-04 09:03:38] [INFO] Busca enviada para termo: Bordero_R0490_20260110
[2026-05-04 09:03:42] [WARNING] Nenhum e-mail encontrado para a data 20260110.
[2026-05-04 09:03:42] [INFO] Pesquisando e-mail com termo: 'Bordero_R0490_20260111'
[2026-05-04 09:03:43] [INFO] Busca enviada para termo: Bordero_R0490_20260111
[2026-05-04 09:03:47] [WARNING] Nenhum e-mail encontrado para a data 20260111.
[2026-05-04 09:03:47] [INFO] Pesquisando e-mail com termo: 'Bordero_R0490_20260117'
[2026-05-04 09:03:47] [INFO] Busca enviada para termo: Bordero_R0490_20260117
[2026-05-04 09:03:51] [WARNING] Nenhum e-mail encontrado para a data 20260117.
[2026-05-04 09:03:51] [INFO] Pesquisando e-mail com termo: 'Bordero_R0490_20260118'
[2026-05-04 09:03:51] [INFO] Busca enviada para termo: Bordero_R0490_20260118
[2026-05-04 09:03:55] [WARNING] Nenhum e-mail encontrado para a data 20260118.
[2026-05-04 09:03:55] [INFO] Pesquisando e-mail com termo: 'Bordero_R0490_20260124'
[2026-05-04 09:03:55] [INFO] Busca enviada para termo: Bordero_R0490_20260124
[2026-05-04 09:03:59] [WARNING] Nenhum e-mail encontrado para a data 20260124.
[2026-05-04 09:03:59] [INFO] Pesquisando e-mail com termo: 'Bordero_R0490_20260125'
[2026-05-04 09:03:59] [INFO] Busca enviada para termo: Bordero_R0490_20260125
[2026-05-04 09:04:03] [WARNING] Nenhum e-mail encontrado para a data 20260125.
[2026-05-04 09:04:03] [INFO] Pesquisando e-mail com termo: 'Bordero_R0490_20260131'
[2026-05-04 09:04:04] [INFO] Busca enviada para termo: Bordero_R0490_20260131
[2026-05-04 09:04:08] [WARNING] Nenhum e-mail encontrado para a data 20260131.
[2026-05-04 09:04:08] [INFO] Pesquisando e-mail com termo: 'Bordero_R0490_20260201'
[2026-05-04 09:04:08] [INFO] Busca enviada para termo: Bordero_R0490_20260201
[2026-05-04 09:04:12] [WARNING] Nenhum e-mail encontrado para a data 20260201.
[2026-05-04 09:04:12] [INFO] Pesquisando e-mail com termo: 'Bordero_R0490_20260202'
[2026-05-04 09:04:12] [INFO] Busca enviada para termo: Bordero_R0490_20260202
[2026-05-04 09:04:16] [WARNING] Nenhum e-mail encontrado para a data 20260202.
[2026-05-04 09:04:16] [INFO] Pesquisando e-mail com termo: 'Bordero_R0490_20260203'
[2026-05-04 09:04:16] [INFO] Busca enviada para termo: Bordero_R0490_20260203
[2026-05-04 09:04:20] [WARNING] Nenhum e-mail encontrado para a data 20260203.
[2026-05-04 09:04:20] [INFO] Pesquisando e-mail com termo: 'Bordero_R0490_20260207'
[2026-05-04 09:04:20] [INFO] Busca enviada para termo: Bordero_R0490_20260207
[2026-05-04 09:04:25] [WARNING] Nenhum e-mail encontrado para a data 20260207.
[2026-05-04 09:04:25] [INFO] Pesquisando e-mail com termo: 'Bordero_R0490_20260208'
[2026-05-04 09:04:25] [INFO] Busca enviada para termo: Bordero_R0490_20260208
[2026-05-04 09:04:29] [WARNING] Nenhum e-mail encontrado para a data 20260208.
[2026-05-04 09:04:29] [INFO] Pesquisando e-mail com termo: 'Bordero_R0490_20260214'
[2026-05-04 09:04:29] [INFO] Busca enviada para termo: Bordero_R0490_20260214
[2026-05-04 09:04:33] [WARNING] Nenhum e-mail encontrado para a data 20260214.
[2026-05-04 09:04:33] [INFO] Pesquisando e-mail com termo: 'Bordero_R0490_20260215'
[2026-05-04 09:04:33] [INFO] Busca enviada para termo: Bordero_R0490_20260215
[2026-05-04 09:04:37] [WARNING] Nenhum e-mail encontrado para a data 20260215.
[2026-05-04 09:04:37] [INFO] Pesquisando e-mail com termo: 'Bordero_R0490_20260220'
[2026-05-04 09:04:37] [INFO] Busca enviada para termo: Bordero_R0490_20260220
[2026-05-04 09:04:41] [WARNING] Nenhum e-mail encontrado para a data 20260220.
[2026-05-04 09:04:41] [INFO] Pesquisando e-mail com termo: 'Bordero_R0490_20260221'
[2026-05-04 09:04:42] [INFO] Busca enviada para termo: Bordero_R0490_20260221
[2026-05-04 09:04:46] [WARNING] Nenhum e-mail encontrado para a data 20260221.
[2026-05-04 09:04:46] [INFO] Pesquisando e-mail com termo: 'Bordero_R0490_20260222'
[2026-05-04 09:04:46] [INFO] Busca enviada para termo: Bordero_R0490_20260222
[2026-05-04 09:04:50] [WARNING] Nenhum e-mail encontrado para a data 20260222.
[2026-05-04 09:04:50] [INFO] Pesquisando e-mail com termo: 'Bordero_R0490_20260228'
[2026-05-04 09:04:50] [INFO] Busca enviada para termo: Bordero_R0490_20260228
[2026-05-04 09:04:54] [WARNING] Nenhum e-mail encontrado para a data 20260228.
[2026-05-04 09:04:54] [INFO] Pesquisando e-mail com termo: 'Bordero_R0490_20260301'
[2026-05-04 09:04:54] [INFO] Busca enviada para termo: Bordero_R0490_20260301
[2026-05-04 09:04:58] [WARNING] Nenhum e-mail encontrado para a data 20260301.
[2026-05-04 09:04:58] [INFO] Pesquisando e-mail com termo: 'Bordero_R0490_20260307'
[2026-05-04 09:04:58] [INFO] Busca enviada para termo: Bordero_R0490_20260307
[2026-05-04 09:05:02] [WARNING] Nenhum e-mail encontrado para a data 20260307.
[2026-05-04 09:05:02] [INFO] Pesquisando e-mail com termo: 'Bordero_R0490_20260308'
[2026-05-04 09:05:03] [INFO] Busca enviada para termo: Bordero_R0490_20260308
[2026-05-04 09:05:07] [WARNING] Nenhum e-mail encontrado para a data 20260308.
[2026-05-04 09:05:07] [INFO] Pesquisando e-mail com termo: 'Bordero_R0490_20260314'
[2026-05-04 09:05:07] [INFO] Busca enviada para termo: Bordero_R0490_20260314
[2026-05-04 09:05:11] [WARNING] Nenhum e-mail encontrado para a data 20260314.
[2026-05-04 09:05:11] [INFO] Pesquisando e-mail com termo: 'Bordero_R0490_20260315'
[2026-05-04 09:05:11] [INFO] Busca enviada para termo: Bordero_R0490_20260315
[2026-05-04 09:05:15] [WARNING] Nenhum e-mail encontrado para a data 20260315.
[2026-05-04 09:05:15] [INFO] Pesquisando e-mail com termo: 'Bordero_R0490_20260320'
[2026-05-04 09:05:15] [INFO] Busca enviada para termo: Bordero_R0490_20260320
[2026-05-04 09:05:19] [WARNING] Nenhum e-mail encontrado para a data 20260320.
[2026-05-04 09:05:19] [INFO] Pesquisando e-mail com termo: 'Bordero_R0490_20260321'
[2026-05-04 09:05:19] [INFO] Busca enviada para termo: Bordero_R0490_20260321
[2026-05-04 09:05:23] [WARNING] Nenhum e-mail encontrado para a data 20260321.
[2026-05-04 09:05:23] [INFO] Pesquisando e-mail com termo: 'Bordero_R0490_20260322'
[2026-05-04 09:05:24] [INFO] Busca enviada para termo: Bordero_R0490_20260322
[2026-05-04 09:05:28] [WARNING] Nenhum e-mail encontrado para a data 20260322.
[2026-05-04 09:05:28] [INFO] Pesquisando e-mail com termo: 'Bordero_R0490_20260324'
[2026-05-04 09:05:28] [INFO] Busca enviada para termo: Bordero_R0490_20260324
[2026-05-04 09:05:32] [WARNING] Nenhum e-mail encontrado para a data 20260324.
[2026-05-04 09:05:32] [INFO] Pesquisando e-mail com termo: 'Bordero_R0490_20260328'
[2026-05-04 09:05:32] [INFO] Busca enviada para termo: Bordero_R0490_20260328
[2026-05-04 09:05:36] [WARNING] Nenhum e-mail encontrado para a data 20260328.
[2026-05-04 09:05:36] [INFO] Pesquisando e-mail com termo: 'Bordero_R0490_20260329'
[2026-05-04 09:05:36] [INFO] Busca enviada para termo: Bordero_R0490_20260329
[2026-05-04 09:05:40] [WARNING] Nenhum e-mail encontrado para a data 20260329.
[2026-05-04 09:05:40] [INFO] Pesquisando e-mail com termo: 'Bordero_R0490_20260401'
[2026-05-04 09:05:40] [INFO] Busca enviada para termo: Bordero_R0490_20260401
[2026-05-04 09:05:44] [WARNING] Nenhum e-mail encontrado para a data 20260401.
[2026-05-04 09:05:44] [INFO] Pesquisando e-mail com termo: 'Bordero_R0490_20260404'
[2026-05-04 09:05:45] [INFO] Busca enviada para termo: Bordero_R0490_20260404
[2026-05-04 09:05:49] [WARNING] Nenhum e-mail encontrado para a data 20260404.
[2026-05-04 09:05:49] [INFO] Pesquisando e-mail com termo: 'Bordero_R0490_20260405'
[2026-05-04 09:05:49] [INFO] Busca enviada para termo: Bordero_R0490_20260405
[2026-05-04 09:05:53] [WARNING] Nenhum e-mail encontrado para a data 20260405.
[2026-05-04 09:05:53] [INFO] Pesquisando e-mail com termo: 'Bordero_R0490_20260407'
[2026-05-04 09:05:53] [INFO] Busca enviada para termo: Bordero_R0490_20260407
[2026-05-04 09:05:57] [WARNING] Nenhum e-mail encontrado para a data 20260407.
[2026-05-04 09:05:57] [INFO] Pesquisando e-mail com termo: 'Bordero_R0490_20260411'
[2026-05-04 09:05:57] [INFO] Busca enviada para termo: Bordero_R0490_20260411
[2026-05-04 09:06:01] [WARNING] Nenhum e-mail encontrado para a data 20260411.
[2026-05-04 09:06:01] [INFO] Pesquisando e-mail com termo: 'Bordero_R0490_20260412'
[2026-05-04 09:06:01] [INFO] Busca enviada para termo: Bordero_R0490_20260412
[2026-05-04 09:06:05] [WARNING] Nenhum e-mail encontrado para a data 20260412.
[2026-05-04 09:06:05] [INFO] Pesquisando e-mail com termo: 'Bordero_R0490_20260417'
[2026-05-04 09:06:06] [INFO] Busca enviada para termo: Bordero_R0490_20260417
[2026-05-04 09:06:10] [WARNING] Nenhum e-mail encontrado para a data 20260417.
[2026-05-04 09:06:10] [INFO] Pesquisando e-mail com termo: 'Bordero_R0490_20260418'
[2026-05-04 09:06:10] [INFO] Busca enviada para termo: Bordero_R0490_20260418
[2026-05-04 09:06:14] [WARNING] Nenhum e-mail encontrado para a data 20260418.
[2026-05-04 09:06:14] [INFO] Pesquisando e-mail com termo: 'Bordero_R0490_20260419'
[2026-05-04 09:06:14] [INFO] Busca enviada para termo: Bordero_R0490_20260419
[2026-05-04 09:06:18] [WARNING] Nenhum e-mail encontrado para a data 20260419.
[2026-05-04 09:06:18] [INFO] Pesquisando e-mail com termo: 'Bordero_R0490_20260425'
[2026-05-04 09:06:18] [INFO] Busca enviada para termo: Bordero_R0490_20260425
[2026-05-04 09:06:22] [WARNING] Nenhum e-mail encontrado para a data 20260425.
[2026-05-04 09:06:22] [INFO] Pesquisando e-mail com termo: 'Bordero_R0490_20260426'
[2026-05-04 09:06:22] [INFO] Busca enviada para termo: Bordero_R0490_20260426
[2026-05-04 09:06:26] [WARNING] Nenhum e-mail encontrado para a data 20260426.
[2026-05-04 09:06:26] [INFO] Pesquisando e-mail com termo: 'Bordero_R0490_20260502'
[2026-05-04 09:06:27] [INFO] Busca enviada para termo: Bordero_R0490_20260502
[2026-05-04 09:06:31] [WARNING] Nenhum e-mail encontrado para a data 20260502.
[2026-05-04 09:06:31] [INFO] Pesquisando e-mail com termo: 'Bordero_R0490_20260503'
[2026-05-04 09:06:31] [INFO] Busca enviada para termo: Bordero_R0490_20260503
[2026-05-04 09:06:35] [WARNING] Nenhum e-mail encontrado para a data 20260503.
[2026-05-04 09:06:35] [INFO] Pesquisando e-mail com termo: 'Bordero_R0490_20260504'
[2026-05-04 09:06:35] [INFO] Busca enviada para termo: Bordero_R0490_20260504
[2026-05-04 09:06:39] [INFO] Clicado no primeiro e-mail da lista (visualização).
[2026-05-04 09:06:42] [INFO] Realizado duplo clique (abrir em nova janela se houver).
[2026-05-04 09:06:42] [INFO] Nova janela com o e-mail foi aberta.
[2026-05-04 09:06:42] [INFO] Link de anexo (a) encontrado.
[2026-05-04 09:06:42] [INFO] Nome real do anexo identificado: Bordero_R0490_20260504_607924.ZIP
[2026-05-04 09:06:42] [INFO] Clique direto no <a> do anexo realizado (estratégia 1).
[2026-05-04 09:06:43] [INFO] Arquivo detectado na pasta de downloads: C:\Users\administrador\Downloads\Bordero_R0490_20260504_607924.ZIP
[2026-05-04 09:06:43] [INFO] Nome normalizado para histórico: Bordero_R0490_20260504.zip
[2026-05-04 09:06:43] [INFO] Arquivo movido de C:\Users\administrador\Downloads\Bordero_R0490_20260504_607924.ZIP para C:\temp\arquivo.zip
[2026-05-04 09:06:43] [INFO] Arquivo extraído com sucesso para: C:\Bordero Credsystem\Extraido
[2026-05-04 09:06:43] [INFO] Arquivo removido (não CSV): C:\Bordero Credsystem\Extraido\Bordero_R0490_L026364_20260504_53106.TXT
[2026-05-04 09:06:43] [INFO] Arquivo removido (não CSV): C:\Bordero Credsystem\Extraido\Bordero_R0490_L026367_20260504_53108.TXT
[2026-05-04 09:06:43] [INFO] Arquivo removido (não CSV): C:\Bordero Credsystem\Extraido\Bordero_R0490_L026380_20260504_53110.TXT
[2026-05-04 09:06:43] [INFO] Arquivo removido (não CSV): C:\Bordero Credsystem\Extraido\Bordero_R0490_L026384_20260504_53112.TXT
[2026-05-04 09:06:43] [INFO] Arquivo removido (não CSV): C:\Bordero Credsystem\Extraido\Bordero_R0490_L026385_20260504_53114.TXT
[2026-05-04 09:06:43] [INFO] Arquivo removido (não CSV): C:\Bordero Credsystem\Extraido\Bordero_R0490_L026408_20260504_53116.TXT
[2026-05-04 09:06:43] [INFO] Arquivo removido (não CSV): C:\Bordero Credsystem\Extraido\Bordero_R0490_L026409_20260504_53118.TXT
[2026-05-04 09:06:43] [INFO] Arquivo removido (não CSV): C:\Bordero Credsystem\Extraido\Bordero_R0490_L026413_20260504_53120.TXT
[2026-05-04 09:06:43] [INFO] Arquivo removido (não CSV): C:\Bordero Credsystem\Extraido\Bordero_R0490_L026414_20260504_53122.TXT
[2026-05-04 09:06:43] [INFO] Arquivo removido (não CSV): C:\Bordero Credsystem\Extraido\Bordero_R0490_L026417_20260504_53124.TXT
[2026-05-04 09:06:43] [INFO] Arquivo removido (não CSV): C:\Bordero Credsystem\Extraido\Bordero_R0490_L026422_20260504_53126.TXT
[2026-05-04 09:06:43] [INFO] Arquivo removido (não CSV): C:\Bordero Credsystem\Extraido\Bordero_R0490_L027095_20260504_53167.TXT
[2026-05-04 09:06:43] [INFO] Arquivo removido (não CSV): C:\Bordero Credsystem\Extraido\Bordero_R0490_L028960_20260504_53222.TXT
[2026-05-04 09:06:43] [INFO] Arquivo removido (não CSV): C:\Bordero Credsystem\Extraido\Bordero_R0490_L029748_20260504_53250.TXT
[2026-05-04 09:06:43] [INFO] Arquivo removido (não CSV): C:\Bordero Credsystem\Extraido\Bordero_R0490_L030439_20260504_53351.TXT
[2026-05-04 09:06:43] [INFO] Arquivo removido (não CSV): C:\Bordero Credsystem\Extraido\Bordero_R0490_L031321_20260504_53597.TXT
[2026-05-04 09:06:43] [INFO] Arquivo removido (não CSV): C:\Bordero Credsystem\Extraido\Bordero_R0490_L031386_20260504_53602.TXT
[2026-05-04 09:06:43] [INFO] Arquivo removido (não CSV): C:\Bordero Credsystem\Extraido\Bordero_R0490_L033116_20260504_54554.TXT
[2026-05-04 09:06:43] [INFO] Arquivo ZIP removido após extração: C:\temp\arquivo.zip
[2026-05-04 09:06:43] [INFO] Arquivo da data 20260504 processado com sucesso e histórico atualizado.
[2026-05-04 09:06:46] [INFO] Navegador encerrado.
[2026-05-05 09:00:05] [INFO] ====================================================================================================
[2026-05-05 09:00:05] [INFO]                          INICIANDO RPA PARA DOWNLOAD DE BORDERO NO WEBMAIL
[2026-05-05 09:00:05] [INFO]                                 Autor: John Kennedy | Versão: 1.0.3                                 
[2026-05-05 09:00:05] [INFO] ====================================================================================================
[2026-05-05 09:00:05] [INFO] Datas pendentes para buscar: 20250821, 20250823, 20250824, 20250830, 20250831, 20250906, 20250907, 20250913, 20250914, 20250920, 20250921, 20250927, 20250928, 20251004, 20251005, 20251011, 20251012, 20251018, 20251019, 20251022, 20251025, 20251026, 20251101, 20251102, 20251106, 20251108, 20251109, 20251115, 20251116, 20251122, 20251123, 20251124, 20251129, 20251130, 20251206, 20251207, 20251211, 20251213, 20251214, 20251217, 20251218, 20251220, 20251221, 20251227, 20251228, 20260103, 20260104, 20260110, 20260111, 20260117, 20260118, 20260124, 20260125, 20260131, 20260201, 20260202, 20260203, 20260207, 20260208, 20260214, 20260215, 20260220, 20260221, 20260222, 20260228, 20260301, 20260307, 20260308, 20260314, 20260315, 20260320, 20260321, 20260322, 20260324, 20260328, 20260329, 20260401, 20260404, 20260405, 20260407, 20260411, 20260412, 20260417, 20260418, 20260419, 20260425, 20260426, 20260502, 20260503, 20260505
[2026-05-05 09:00:09] [INFO] Page.setDownloadBehavior configurado para: C:\Users\administrador\Downloads
[2026-05-05 09:00:09] [INFO] Chrome iniciado.
[2026-05-05 09:00:18] [INFO] Login realizado.
[2026-05-05 09:00:23] [INFO] Pesquisando e-mail com termo: 'Bordero_R0490_20250821'
[2026-05-05 09:00:23] [INFO] Busca enviada para termo: Bordero_R0490_20250821
[2026-05-05 09:00:27] [WARNING] Nenhum e-mail encontrado para a data 20250821.
[2026-05-05 09:00:27] [INFO] Pesquisando e-mail com termo: 'Bordero_R0490_20250823'
[2026-05-05 09:00:28] [INFO] Busca enviada para termo: Bordero_R0490_20250823
[2026-05-05 09:00:32] [WARNING] Nenhum e-mail encontrado para a data 20250823.
[2026-05-05 09:00:32] [INFO] Pesquisando e-mail com termo: 'Bordero_R0490_20250824'
[2026-05-05 09:00:32] [INFO] Busca enviada para termo: Bordero_R0490_20250824
[2026-05-05 09:00:36] [WARNING] Nenhum e-mail encontrado para a data 20250824.
[2026-05-05 09:00:36] [INFO] Pesquisando e-mail com termo: 'Bordero_R0490_20250830'
[2026-05-05 09:00:36] [INFO] Busca enviada para termo: Bordero_R0490_20250830
[2026-05-05 09:00:40] [WARNING] Nenhum e-mail encontrado para a data 20250830.
[2026-05-05 09:00:40] [INFO] Pesquisando e-mail com termo: 'Bordero_R0490_20250831'
[2026-05-05 09:00:40] [INFO] Busca enviada para termo: Bordero_R0490_20250831
[2026-05-05 09:00:44] [WARNING] Nenhum e-mail encontrado para a data 20250831.
[2026-05-05 09:00:44] [INFO] Pesquisando e-mail com termo: 'Bordero_R0490_20250906'
[2026-05-05 09:00:44] [INFO] Busca enviada para termo: Bordero_R0490_20250906
[2026-05-05 09:00:48] [WARNING] Nenhum e-mail encontrado para a data 20250906.
[2026-05-05 09:00:48] [INFO] Pesquisando e-mail com termo: 'Bordero_R0490_20250907'
[2026-05-05 09:00:49] [INFO] Busca enviada para termo: Bordero_R0490_20250907
[2026-05-05 09:00:53] [WARNING] Nenhum e-mail encontrado para a data 20250907.
[2026-05-05 09:00:53] [INFO] Pesquisando e-mail com termo: 'Bordero_R0490_20250913'
[2026-05-05 09:00:53] [INFO] Busca enviada para termo: Bordero_R0490_20250913
[2026-05-05 09:00:57] [WARNING] Nenhum e-mail encontrado para a data 20250913.
[2026-05-05 09:00:57] [INFO] Pesquisando e-mail com termo: 'Bordero_R0490_20250914'
[2026-05-05 09:00:57] [INFO] Busca enviada para termo: Bordero_R0490_20250914
[2026-05-05 09:01:01] [WARNING] Nenhum e-mail encontrado para a data 20250914.
[2026-05-05 09:01:01] [INFO] Pesquisando e-mail com termo: 'Bordero_R0490_20250920'
[2026-05-05 09:01:01] [INFO] Busca enviada para termo: Bordero_R0490_20250920
[2026-05-05 09:01:05] [WARNING] Nenhum e-mail encontrado para a data 20250920.
[2026-05-05 09:01:05] [INFO] Pesquisando e-mail com termo: 'Bordero_R0490_20250921'
[2026-05-05 09:01:05] [INFO] Busca enviada para termo: Bordero_R0490_20250921
[2026-05-05 09:01:09] [WARNING] Nenhum e-mail encontrado para a data 20250921.
[2026-05-05 09:01:09] [INFO] Pesquisando e-mail com termo: 'Bordero_R0490_20250927'
[2026-05-05 09:01:10] [INFO] Busca enviada para termo: Bordero_R0490_20250927
[2026-05-05 09:01:14] [WARNING] Nenhum e-mail encontrado para a data 20250927.
[2026-05-05 09:01:14] [INFO] Pesquisando e-mail com termo: 'Bordero_R0490_20250928'
[2026-05-05 09:01:14] [INFO] Busca enviada para termo: Bordero_R0490_20250928
[2026-05-05 09:01:18] [WARNING] Nenhum e-mail encontrado para a data 20250928.
[2026-05-05 09:01:18] [INFO] Pesquisando e-mail com termo: 'Bordero_R0490_20251004'
[2026-05-05 09:01:18] [INFO] Busca enviada para termo: Bordero_R0490_20251004
[2026-05-05 09:01:22] [WARNING] Nenhum e-mail encontrado para a data 20251004.
[2026-05-05 09:01:22] [INFO] Pesquisando e-mail com termo: 'Bordero_R0490_20251005'
[2026-05-05 09:01:22] [INFO] Busca enviada para termo: Bordero_R0490_20251005
[2026-05-05 09:01:26] [WARNING] Nenhum e-mail encontrado para a data 20251005.
[2026-05-05 09:01:26] [INFO] Pesquisando e-mail com termo: 'Bordero_R0490_20251011'
[2026-05-05 09:01:27] [INFO] Busca enviada para termo: Bordero_R0490_20251011
[2026-05-05 09:01:31] [WARNING] Nenhum e-mail encontrado para a data 20251011.
[2026-05-05 09:01:31] [INFO] Pesquisando e-mail com termo: 'Bordero_R0490_20251012'
[2026-05-05 09:01:31] [INFO] Busca enviada para termo: Bordero_R0490_20251012
[2026-05-05 09:01:35] [WARNING] Nenhum e-mail encontrado para a data 20251012.
[2026-05-05 09:01:35] [INFO] Pesquisando e-mail com termo: 'Bordero_R0490_20251018'
[2026-05-05 09:01:36] [INFO] Busca enviada para termo: Bordero_R0490_20251018
[2026-05-05 09:01:40] [WARNING] Nenhum e-mail encontrado para a data 20251018.
[2026-05-05 09:01:40] [INFO] Pesquisando e-mail com termo: 'Bordero_R0490_20251019'
[2026-05-05 09:01:40] [INFO] Busca enviada para termo: Bordero_R0490_20251019
[2026-05-05 09:01:44] [WARNING] Nenhum e-mail encontrado para a data 20251019.
[2026-05-05 09:01:44] [INFO] Pesquisando e-mail com termo: 'Bordero_R0490_20251022'
[2026-05-05 09:01:44] [INFO] Busca enviada para termo: Bordero_R0490_20251022
[2026-05-05 09:01:48] [WARNING] Nenhum e-mail encontrado para a data 20251022.
[2026-05-05 09:01:48] [INFO] Pesquisando e-mail com termo: 'Bordero_R0490_20251025'
[2026-05-05 09:01:48] [INFO] Busca enviada para termo: Bordero_R0490_20251025
[2026-05-05 09:01:52] [WARNING] Nenhum e-mail encontrado para a data 20251025.
[2026-05-05 09:01:52] [INFO] Pesquisando e-mail com termo: 'Bordero_R0490_20251026'
[2026-05-05 09:01:52] [INFO] Busca enviada para termo: Bordero_R0490_20251026
[2026-05-05 09:01:56] [WARNING] Nenhum e-mail encontrado para a data 20251026.
[2026-05-05 09:01:56] [INFO] Pesquisando e-mail com termo: 'Bordero_R0490_20251101'
[2026-05-05 09:01:57] [INFO] Busca enviada para termo: Bordero_R0490_20251101
[2026-05-05 09:02:01] [WARNING] Nenhum e-mail encontrado para a data 20251101.
[2026-05-05 09:02:01] [INFO] Pesquisando e-mail com termo: 'Bordero_R0490_20251102'
[2026-05-05 09:02:01] [INFO] Busca enviada para termo: Bordero_R0490_20251102
[2026-05-05 09:02:05] [WARNING] Nenhum e-mail encontrado para a data 20251102.
[2026-05-05 09:02:05] [INFO] Pesquisando e-mail com termo: 'Bordero_R0490_20251106'
[2026-05-05 09:02:05] [INFO] Busca enviada para termo: Bordero_R0490_20251106
[2026-05-05 09:02:09] [WARNING] Nenhum e-mail encontrado para a data 20251106.
[2026-05-05 09:02:09] [INFO] Pesquisando e-mail com termo: 'Bordero_R0490_20251108'
[2026-05-05 09:02:09] [INFO] Busca enviada para termo: Bordero_R0490_20251108
[2026-05-05 09:02:13] [WARNING] Nenhum e-mail encontrado para a data 20251108.
[2026-05-05 09:02:13] [INFO] Pesquisando e-mail com termo: 'Bordero_R0490_20251109'
[2026-05-05 09:02:13] [INFO] Busca enviada para termo: Bordero_R0490_20251109
[2026-05-05 09:02:17] [WARNING] Nenhum e-mail encontrado para a data 20251109.
[2026-05-05 09:02:17] [INFO] Pesquisando e-mail com termo: 'Bordero_R0490_20251115'
[2026-05-05 09:02:18] [INFO] Busca enviada para termo: Bordero_R0490_20251115
[2026-05-05 09:02:22] [WARNING] Nenhum e-mail encontrado para a data 20251115.
[2026-05-05 09:02:22] [INFO] Pesquisando e-mail com termo: 'Bordero_R0490_20251116'
[2026-05-05 09:02:22] [INFO] Busca enviada para termo: Bordero_R0490_20251116
[2026-05-05 09:02:26] [WARNING] Nenhum e-mail encontrado para a data 20251116.
[2026-05-05 09:02:26] [INFO] Pesquisando e-mail com termo: 'Bordero_R0490_20251122'
[2026-05-05 09:02:26] [INFO] Busca enviada para termo: Bordero_R0490_20251122
[2026-05-05 09:02:30] [WARNING] Nenhum e-mail encontrado para a data 20251122.
[2026-05-05 09:02:30] [INFO] Pesquisando e-mail com termo: 'Bordero_R0490_20251123'
[2026-05-05 09:02:30] [INFO] Busca enviada para termo: Bordero_R0490_20251123
[2026-05-05 09:02:34] [WARNING] Nenhum e-mail encontrado para a data 20251123.
[2026-05-05 09:02:34] [INFO] Pesquisando e-mail com termo: 'Bordero_R0490_20251124'
[2026-05-05 09:02:34] [INFO] Busca enviada para termo: Bordero_R0490_20251124
[2026-05-05 09:02:38] [WARNING] Nenhum e-mail encontrado para a data 20251124.
[2026-05-05 09:02:38] [INFO] Pesquisando e-mail com termo: 'Bordero_R0490_20251129'
[2026-05-05 09:02:39] [INFO] Busca enviada para termo: Bordero_R0490_20251129
[2026-05-05 09:02:43] [WARNING] Nenhum e-mail encontrado para a data 20251129.
[2026-05-05 09:02:43] [INFO] Pesquisando e-mail com termo: 'Bordero_R0490_20251130'
[2026-05-05 09:02:43] [INFO] Busca enviada para termo: Bordero_R0490_20251130
[2026-05-05 09:02:47] [WARNING] Nenhum e-mail encontrado para a data 20251130.
[2026-05-05 09:02:47] [INFO] Pesquisando e-mail com termo: 'Bordero_R0490_20251206'
[2026-05-05 09:02:47] [INFO] Busca enviada para termo: Bordero_R0490_20251206
[2026-05-05 09:02:51] [WARNING] Nenhum e-mail encontrado para a data 20251206.
[2026-05-05 09:02:51] [INFO] Pesquisando e-mail com termo: 'Bordero_R0490_20251207'
[2026-05-05 09:02:51] [INFO] Busca enviada para termo: Bordero_R0490_20251207
[2026-05-05 09:02:55] [WARNING] Nenhum e-mail encontrado para a data 20251207.
[2026-05-05 09:02:55] [INFO] Pesquisando e-mail com termo: 'Bordero_R0490_20251211'
[2026-05-05 09:02:56] [INFO] Busca enviada para termo: Bordero_R0490_20251211
[2026-05-05 09:03:00] [WARNING] Nenhum e-mail encontrado para a data 20251211.
[2026-05-05 09:03:00] [INFO] Pesquisando e-mail com termo: 'Bordero_R0490_20251213'
[2026-05-05 09:03:00] [INFO] Busca enviada para termo: Bordero_R0490_20251213
[2026-05-05 09:03:04] [WARNING] Nenhum e-mail encontrado para a data 20251213.
[2026-05-05 09:03:04] [INFO] Pesquisando e-mail com termo: 'Bordero_R0490_20251214'
[2026-05-05 09:03:04] [INFO] Busca enviada para termo: Bordero_R0490_20251214
[2026-05-05 09:03:08] [WARNING] Nenhum e-mail encontrado para a data 20251214.
[2026-05-05 09:03:08] [INFO] Pesquisando e-mail com termo: 'Bordero_R0490_20251217'
[2026-05-05 09:03:08] [INFO] Busca enviada para termo: Bordero_R0490_20251217
[2026-05-05 09:03:12] [WARNING] Nenhum e-mail encontrado para a data 20251217.
[2026-05-05 09:03:12] [INFO] Pesquisando e-mail com termo: 'Bordero_R0490_20251218'
[2026-05-05 09:03:12] [INFO] Busca enviada para termo: Bordero_R0490_20251218
[2026-05-05 09:03:16] [WARNING] Nenhum e-mail encontrado para a data 20251218.
[2026-05-05 09:03:16] [INFO] Pesquisando e-mail com termo: 'Bordero_R0490_20251220'
[2026-05-05 09:03:17] [INFO] Busca enviada para termo: Bordero_R0490_20251220
[2026-05-05 09:03:21] [WARNING] Nenhum e-mail encontrado para a data 20251220.
[2026-05-05 09:03:21] [INFO] Pesquisando e-mail com termo: 'Bordero_R0490_20251221'
[2026-05-05 09:03:21] [INFO] Busca enviada para termo: Bordero_R0490_20251221
[2026-05-05 09:03:25] [WARNING] Nenhum e-mail encontrado para a data 20251221.
[2026-05-05 09:03:25] [INFO] Pesquisando e-mail com termo: 'Bordero_R0490_20251227'
[2026-05-05 09:03:25] [INFO] Busca enviada para termo: Bordero_R0490_20251227
[2026-05-05 09:03:29] [WARNING] Nenhum e-mail encontrado para a data 20251227.
[2026-05-05 09:03:29] [INFO] Pesquisando e-mail com termo: 'Bordero_R0490_20251228'
[2026-05-05 09:03:29] [INFO] Busca enviada para termo: Bordero_R0490_20251228
[2026-05-05 09:03:33] [WARNING] Nenhum e-mail encontrado para a data 20251228.
[2026-05-05 09:03:33] [INFO] Pesquisando e-mail com termo: 'Bordero_R0490_20260103'
[2026-05-05 09:03:33] [INFO] Busca enviada para termo: Bordero_R0490_20260103
[2026-05-05 09:03:37] [WARNING] Nenhum e-mail encontrado para a data 20260103.
[2026-05-05 09:03:37] [INFO] Pesquisando e-mail com termo: 'Bordero_R0490_20260104'
[2026-05-05 09:03:38] [INFO] Busca enviada para termo: Bordero_R0490_20260104
[2026-05-05 09:03:42] [WARNING] Nenhum e-mail encontrado para a data 20260104.
[2026-05-05 09:03:42] [INFO] Pesquisando e-mail com termo: 'Bordero_R0490_20260110'
[2026-05-05 09:03:42] [INFO] Busca enviada para termo: Bordero_R0490_20260110
[2026-05-05 09:03:46] [WARNING] Nenhum e-mail encontrado para a data 20260110.
[2026-05-05 09:03:46] [INFO] Pesquisando e-mail com termo: 'Bordero_R0490_20260111'
[2026-05-05 09:03:46] [INFO] Busca enviada para termo: Bordero_R0490_20260111
[2026-05-05 09:03:50] [WARNING] Nenhum e-mail encontrado para a data 20260111.
[2026-05-05 09:03:50] [INFO] Pesquisando e-mail com termo: 'Bordero_R0490_20260117'
[2026-05-05 09:03:50] [INFO] Busca enviada para termo: Bordero_R0490_20260117
[2026-05-05 09:03:54] [WARNING] Nenhum e-mail encontrado para a data 20260117.
[2026-05-05 09:03:54] [INFO] Pesquisando e-mail com termo: 'Bordero_R0490_20260118'
[2026-05-05 09:03:54] [INFO] Busca enviada para termo: Bordero_R0490_20260118
[2026-05-05 09:03:58] [WARNING] Nenhum e-mail encontrado para a data 20260118.
[2026-05-05 09:03:58] [INFO] Pesquisando e-mail com termo: 'Bordero_R0490_20260124'
[2026-05-05 09:03:59] [INFO] Busca enviada para termo: Bordero_R0490_20260124
[2026-05-05 09:04:03] [WARNING] Nenhum e-mail encontrado para a data 20260124.
[2026-05-05 09:04:03] [INFO] Pesquisando e-mail com termo: 'Bordero_R0490_20260125'
[2026-05-05 09:04:03] [INFO] Busca enviada para termo: Bordero_R0490_20260125
[2026-05-05 09:04:07] [WARNING] Nenhum e-mail encontrado para a data 20260125.
[2026-05-05 09:04:07] [INFO] Pesquisando e-mail com termo: 'Bordero_R0490_20260131'
[2026-05-05 09:04:07] [INFO] Busca enviada para termo: Bordero_R0490_20260131
[2026-05-05 09:04:11] [WARNING] Nenhum e-mail encontrado para a data 20260131.
[2026-05-05 09:04:11] [INFO] Pesquisando e-mail com termo: 'Bordero_R0490_20260201'
[2026-05-05 09:04:11] [INFO] Busca enviada para termo: Bordero_R0490_20260201
[2026-05-05 09:04:15] [WARNING] Nenhum e-mail encontrado para a data 20260201.
[2026-05-05 09:04:15] [INFO] Pesquisando e-mail com termo: 'Bordero_R0490_20260202'
[2026-05-05 09:04:16] [INFO] Busca enviada para termo: Bordero_R0490_20260202
[2026-05-05 09:04:20] [WARNING] Nenhum e-mail encontrado para a data 20260202.
[2026-05-05 09:04:20] [INFO] Pesquisando e-mail com termo: 'Bordero_R0490_20260203'
[2026-05-05 09:04:20] [INFO] Busca enviada para termo: Bordero_R0490_20260203
[2026-05-05 09:04:24] [WARNING] Nenhum e-mail encontrado para a data 20260203.
[2026-05-05 09:04:24] [INFO] Pesquisando e-mail com termo: 'Bordero_R0490_20260207'
[2026-05-05 09:04:24] [INFO] Busca enviada para termo: Bordero_R0490_20260207
[2026-05-05 09:04:28] [WARNING] Nenhum e-mail encontrado para a data 20260207.
[2026-05-05 09:04:28] [INFO] Pesquisando e-mail com termo: 'Bordero_R0490_20260208'
[2026-05-05 09:04:28] [INFO] Busca enviada para termo: Bordero_R0490_20260208
[2026-05-05 09:04:32] [WARNING] Nenhum e-mail encontrado para a data 20260208.
[2026-05-05 09:04:32] [INFO] Pesquisando e-mail com termo: 'Bordero_R0490_20260214'
[2026-05-05 09:04:32] [INFO] Busca enviada para termo: Bordero_R0490_20260214
[2026-05-05 09:04:36] [WARNING] Nenhum e-mail encontrado para a data 20260214.
[2026-05-05 09:04:36] [INFO] Pesquisando e-mail com termo: 'Bordero_R0490_20260215'
[2026-05-05 09:04:37] [INFO] Busca enviada para termo: Bordero_R0490_20260215
[2026-05-05 09:04:41] [WARNING] Nenhum e-mail encontrado para a data 20260215.
[2026-05-05 09:04:41] [INFO] Pesquisando e-mail com termo: 'Bordero_R0490_20260220'
[2026-05-05 09:04:41] [INFO] Busca enviada para termo: Bordero_R0490_20260220
[2026-05-05 09:04:45] [WARNING] Nenhum e-mail encontrado para a data 20260220.
[2026-05-05 09:04:45] [INFO] Pesquisando e-mail com termo: 'Bordero_R0490_20260221'
[2026-05-05 09:04:45] [INFO] Busca enviada para termo: Bordero_R0490_20260221
[2026-05-05 09:04:49] [WARNING] Nenhum e-mail encontrado para a data 20260221.
[2026-05-05 09:04:49] [INFO] Pesquisando e-mail com termo: 'Bordero_R0490_20260222'
[2026-05-05 09:04:49] [INFO] Busca enviada para termo: Bordero_R0490_20260222
[2026-05-05 09:04:53] [WARNING] Nenhum e-mail encontrado para a data 20260222.
[2026-05-05 09:04:53] [INFO] Pesquisando e-mail com termo: 'Bordero_R0490_20260228'
[2026-05-05 09:04:53] [INFO] Busca enviada para termo: Bordero_R0490_20260228
[2026-05-05 09:04:57] [WARNING] Nenhum e-mail encontrado para a data 20260228.
[2026-05-05 09:04:57] [INFO] Pesquisando e-mail com termo: 'Bordero_R0490_20260301'
[2026-05-05 09:04:58] [INFO] Busca enviada para termo: Bordero_R0490_20260301
[2026-05-05 09:05:02] [WARNING] Nenhum e-mail encontrado para a data 20260301.
[2026-05-05 09:05:02] [INFO] Pesquisando e-mail com termo: 'Bordero_R0490_20260307'
[2026-05-05 09:05:02] [INFO] Busca enviada para termo: Bordero_R0490_20260307
[2026-05-05 09:05:06] [WARNING] Nenhum e-mail encontrado para a data 20260307.
[2026-05-05 09:05:06] [INFO] Pesquisando e-mail com termo: 'Bordero_R0490_20260308'
[2026-05-05 09:05:06] [INFO] Busca enviada para termo: Bordero_R0490_20260308
[2026-05-05 09:05:10] [WARNING] Nenhum e-mail encontrado para a data 20260308.
[2026-05-05 09:05:10] [INFO] Pesquisando e-mail com termo: 'Bordero_R0490_20260314'
[2026-05-05 09:05:10] [INFO] Busca enviada para termo: Bordero_R0490_20260314
[2026-05-05 09:05:14] [WARNING] Nenhum e-mail encontrado para a data 20260314.
[2026-05-05 09:05:14] [INFO] Pesquisando e-mail com termo: 'Bordero_R0490_20260315'
[2026-05-05 09:05:14] [INFO] Busca enviada para termo: Bordero_R0490_20260315
[2026-05-05 09:05:19] [WARNING] Nenhum e-mail encontrado para a data 20260315.
[2026-05-05 09:05:19] [INFO] Pesquisando e-mail com termo: 'Bordero_R0490_20260320'
[2026-05-05 09:05:19] [INFO] Busca enviada para termo: Bordero_R0490_20260320
[2026-05-05 09:05:23] [WARNING] Nenhum e-mail encontrado para a data 20260320.
[2026-05-05 09:05:23] [INFO] Pesquisando e-mail com termo: 'Bordero_R0490_20260321'
[2026-05-05 09:05:23] [INFO] Busca enviada para termo: Bordero_R0490_20260321
[2026-05-05 09:05:27] [WARNING] Nenhum e-mail encontrado para a data 20260321.
[2026-05-05 09:05:27] [INFO] Pesquisando e-mail com termo: 'Bordero_R0490_20260322'
[2026-05-05 09:05:27] [INFO] Busca enviada para termo: Bordero_R0490_20260322
[2026-05-05 09:05:31] [WARNING] Nenhum e-mail encontrado para a data 20260322.
[2026-05-05 09:05:31] [INFO] Pesquisando e-mail com termo: 'Bordero_R0490_20260324'
[2026-05-05 09:05:31] [INFO] Busca enviada para termo: Bordero_R0490_20260324
[2026-05-05 09:05:35] [WARNING] Nenhum e-mail encontrado para a data 20260324.
[2026-05-05 09:05:35] [INFO] Pesquisando e-mail com termo: 'Bordero_R0490_20260328'
[2026-05-05 09:05:35] [INFO] Busca enviada para termo: Bordero_R0490_20260328
[2026-05-05 09:05:39] [WARNING] Nenhum e-mail encontrado para a data 20260328.
[2026-05-05 09:05:39] [INFO] Pesquisando e-mail com termo: 'Bordero_R0490_20260329'
[2026-05-05 09:05:40] [INFO] Busca enviada para termo: Bordero_R0490_20260329
[2026-05-05 09:05:44] [WARNING] Nenhum e-mail encontrado para a data 20260329.
[2026-05-05 09:05:44] [INFO] Pesquisando e-mail com termo: 'Bordero_R0490_20260401'
[2026-05-05 09:05:44] [INFO] Busca enviada para termo: Bordero_R0490_20260401
[2026-05-05 09:05:48] [WARNING] Nenhum e-mail encontrado para a data 20260401.
[2026-05-05 09:05:48] [INFO] Pesquisando e-mail com termo: 'Bordero_R0490_20260404'
[2026-05-05 09:05:48] [INFO] Busca enviada para termo: Bordero_R0490_20260404
[2026-05-05 09:05:52] [WARNING] Nenhum e-mail encontrado para a data 20260404.
[2026-05-05 09:05:52] [INFO] Pesquisando e-mail com termo: 'Bordero_R0490_20260405'
[2026-05-05 09:05:52] [INFO] Busca enviada para termo: Bordero_R0490_20260405
[2026-05-05 09:05:56] [WARNING] Nenhum e-mail encontrado para a data 20260405.
[2026-05-05 09:05:56] [INFO] Pesquisando e-mail com termo: 'Bordero_R0490_20260407'
[2026-05-05 09:05:57] [INFO] Busca enviada para termo: Bordero_R0490_20260407
[2026-05-05 09:06:01] [WARNING] Nenhum e-mail encontrado para a data 20260407.
[2026-05-05 09:06:01] [INFO] Pesquisando e-mail com termo: 'Bordero_R0490_20260411'
[2026-05-05 09:06:01] [INFO] Busca enviada para termo: Bordero_R0490_20260411
[2026-05-05 09:06:05] [WARNING] Nenhum e-mail encontrado para a data 20260411.
[2026-05-05 09:06:05] [INFO] Pesquisando e-mail com termo: 'Bordero_R0490_20260412'
[2026-05-05 09:06:05] [INFO] Busca enviada para termo: Bordero_R0490_20260412
[2026-05-05 09:06:09] [WARNING] Nenhum e-mail encontrado para a data 20260412.
[2026-05-05 09:06:09] [INFO] Pesquisando e-mail com termo: 'Bordero_R0490_20260417'
[2026-05-05 09:06:09] [INFO] Busca enviada para termo: Bordero_R0490_20260417
[2026-05-05 09:06:13] [WARNING] Nenhum e-mail encontrado para a data 20260417.
[2026-05-05 09:06:13] [INFO] Pesquisando e-mail com termo: 'Bordero_R0490_20260418'
[2026-05-05 09:06:13] [INFO] Busca enviada para termo: Bordero_R0490_20260418
[2026-05-05 09:06:17] [WARNING] Nenhum e-mail encontrado para a data 20260418.
[2026-05-05 09:06:17] [INFO] Pesquisando e-mail com termo: 'Bordero_R0490_20260419'
[2026-05-05 09:06:18] [INFO] Busca enviada para termo: Bordero_R0490_20260419
[2026-05-05 09:06:22] [WARNING] Nenhum e-mail encontrado para a data 20260419.
[2026-05-05 09:06:22] [INFO] Pesquisando e-mail com termo: 'Bordero_R0490_20260425'
[2026-05-05 09:06:22] [INFO] Busca enviada para termo: Bordero_R0490_20260425
[2026-05-05 09:06:26] [WARNING] Nenhum e-mail encontrado para a data 20260425.
[2026-05-05 09:06:26] [INFO] Pesquisando e-mail com termo: 'Bordero_R0490_20260426'
[2026-05-05 09:06:26] [INFO] Busca enviada para termo: Bordero_R0490_20260426
[2026-05-05 09:06:30] [WARNING] Nenhum e-mail encontrado para a data 20260426.
[2026-05-05 09:06:30] [INFO] Pesquisando e-mail com termo: 'Bordero_R0490_20260502'
[2026-05-05 09:06:30] [INFO] Busca enviada para termo: Bordero_R0490_20260502
[2026-05-05 09:06:34] [WARNING] Nenhum e-mail encontrado para a data 20260502.
[2026-05-05 09:06:34] [INFO] Pesquisando e-mail com termo: 'Bordero_R0490_20260503'
[2026-05-05 09:06:34] [INFO] Busca enviada para termo: Bordero_R0490_20260503
[2026-05-05 09:06:38] [WARNING] Nenhum e-mail encontrado para a data 20260503.
[2026-05-05 09:06:38] [INFO] Pesquisando e-mail com termo: 'Bordero_R0490_20260505'
[2026-05-05 09:06:38] [INFO] Busca enviada para termo: Bordero_R0490_20260505
[2026-05-05 09:06:43] [INFO] Clicado no primeiro e-mail da lista (visualização).
[2026-05-05 09:06:45] [INFO] Realizado duplo clique (abrir em nova janela se houver).
[2026-05-05 09:06:45] [INFO] Nova janela com o e-mail foi aberta.
[2026-05-05 09:06:45] [INFO] Link de anexo (a) encontrado.
[2026-05-05 09:06:45] [INFO] Nome real do anexo identificado: Bordero_R0490_20260505_615507.ZIP
[2026-05-05 09:06:46] [INFO] Clique direto no <a> do anexo realizado (estratégia 1).
[2026-05-05 09:06:47] [INFO] Arquivo detectado na pasta de downloads: C:\Users\administrador\Downloads\Bordero_R0490_20260505_615507.ZIP
[2026-05-05 09:06:47] [INFO] Nome normalizado para histórico: Bordero_R0490_20260505.zip
[2026-05-05 09:06:47] [INFO] Arquivo movido de C:\Users\administrador\Downloads\Bordero_R0490_20260505_615507.ZIP para C:\temp\arquivo.zip
[2026-05-05 09:06:47] [INFO] Arquivo extraído com sucesso para: C:\Bordero Credsystem\Extraido
[2026-05-05 09:06:47] [INFO] Arquivo removido (não CSV): C:\Bordero Credsystem\Extraido\Bordero_R0490_L026364_20260505_60755.TXT
[2026-05-05 09:06:47] [INFO] Arquivo removido (não CSV): C:\Bordero Credsystem\Extraido\Bordero_R0490_L026367_20260505_60757.TXT
[2026-05-05 09:06:47] [INFO] Arquivo removido (não CSV): C:\Bordero Credsystem\Extraido\Bordero_R0490_L026380_20260505_60760.TXT
[2026-05-05 09:06:47] [INFO] Arquivo removido (não CSV): C:\Bordero Credsystem\Extraido\Bordero_R0490_L026384_20260505_60763.TXT
[2026-05-05 09:06:47] [INFO] Arquivo removido (não CSV): C:\Bordero Credsystem\Extraido\Bordero_R0490_L026385_20260505_60765.TXT
[2026-05-05 09:06:47] [INFO] Arquivo removido (não CSV): C:\Bordero Credsystem\Extraido\Bordero_R0490_L026408_20260505_60767.TXT
[2026-05-05 09:06:47] [INFO] Arquivo removido (não CSV): C:\Bordero Credsystem\Extraido\Bordero_R0490_L026409_20260505_60769.TXT
[2026-05-05 09:06:47] [INFO] Arquivo removido (não CSV): C:\Bordero Credsystem\Extraido\Bordero_R0490_L026413_20260505_60771.TXT
[2026-05-05 09:06:47] [INFO] Arquivo removido (não CSV): C:\Bordero Credsystem\Extraido\Bordero_R0490_L026414_20260505_60773.TXT
[2026-05-05 09:06:47] [INFO] Arquivo removido (não CSV): C:\Bordero Credsystem\Extraido\Bordero_R0490_L026417_20260505_60775.TXT
[2026-05-05 09:06:47] [INFO] Arquivo removido (não CSV): C:\Bordero Credsystem\Extraido\Bordero_R0490_L026422_20260505_60777.TXT
[2026-05-05 09:06:47] [INFO] Arquivo removido (não CSV): C:\Bordero Credsystem\Extraido\Bordero_R0490_L027095_20260505_60815.TXT
[2026-05-05 09:06:47] [INFO] Arquivo removido (não CSV): C:\Bordero Credsystem\Extraido\Bordero_R0490_L028960_20260505_60855.TXT
[2026-05-05 09:06:47] [INFO] Arquivo removido (não CSV): C:\Bordero Credsystem\Extraido\Bordero_R0490_L029748_20260505_60881.TXT
[2026-05-05 09:06:47] [INFO] Arquivo removido (não CSV): C:\Bordero Credsystem\Extraido\Bordero_R0490_L030439_20260505_60962.TXT
[2026-05-05 09:06:47] [INFO] Arquivo removido (não CSV): C:\Bordero Credsystem\Extraido\Bordero_R0490_L031321_20260505_61192.TXT
[2026-05-05 09:06:47] [INFO] Arquivo removido (não CSV): C:\Bordero Credsystem\Extraido\Bordero_R0490_L031386_20260505_61196.TXT
[2026-05-05 09:06:47] [INFO] Arquivo removido (não CSV): C:\Bordero Credsystem\Extraido\Bordero_R0490_L033116_20260505_62137.TXT
[2026-05-05 09:06:47] [INFO] Arquivo ZIP removido após extração: C:\temp\arquivo.zip
[2026-05-05 09:06:47] [INFO] Arquivo da data 20260505 processado com sucesso e histórico atualizado.
[2026-05-05 09:06:49] [INFO] Navegador encerrado.
[2026-05-06 09:00:03] [INFO] ====================================================================================================
[2026-05-06 09:00:03] [INFO]                          INICIANDO RPA PARA DOWNLOAD DE BORDERO NO WEBMAIL
[2026-05-06 09:00:03] [INFO]                                 Autor: John Kennedy | Versão: 1.0.3                                 
[2026-05-06 09:00:03] [INFO] ====================================================================================================
[2026-05-06 09:00:03] [INFO] Datas pendentes para buscar: 20250821, 20250823, 20250824, 20250830, 20250831, 20250906, 20250907, 20250913, 20250914, 20250920, 20250921, 20250927, 20250928, 20251004, 20251005, 20251011, 20251012, 20251018, 20251019, 20251022, 20251025, 20251026, 20251101, 20251102, 20251106, 20251108, 20251109, 20251115, 20251116, 20251122, 20251123, 20251124, 20251129, 20251130, 20251206, 20251207, 20251211, 20251213, 20251214, 20251217, 20251218, 20251220, 20251221, 20251227, 20251228, 20260103, 20260104, 20260110, 20260111, 20260117, 20260118, 20260124, 20260125, 20260131, 20260201, 20260202, 20260203, 20260207, 20260208, 20260214, 20260215, 20260220, 20260221, 20260222, 20260228, 20260301, 20260307, 20260308, 20260314, 20260315, 20260320, 20260321, 20260322, 20260324, 20260328, 20260329, 20260401, 20260404, 20260405, 20260407, 20260411, 20260412, 20260417, 20260418, 20260419, 20260425, 20260426, 20260502, 20260503, 20260506
[2026-05-06 09:00:08] [INFO] Page.setDownloadBehavior configurado para: C:\Users\administrador\Downloads
[2026-05-06 09:00:08] [INFO] Chrome iniciado.
[2026-05-06 09:00:19] [INFO] Login realizado.
[2026-05-06 09:00:24] [INFO] Pesquisando e-mail com termo: 'Bordero_R0490_20250821'
[2026-05-06 09:00:24] [INFO] Busca enviada para termo: Bordero_R0490_20250821
[2026-05-06 09:00:28] [WARNING] Nenhum e-mail encontrado para a data 20250821.
[2026-05-06 09:00:28] [INFO] Pesquisando e-mail com termo: 'Bordero_R0490_20250823'
[2026-05-06 09:00:28] [INFO] Busca enviada para termo: Bordero_R0490_20250823
[2026-05-06 09:00:32] [WARNING] Nenhum e-mail encontrado para a data 20250823.
[2026-05-06 09:00:32] [INFO] Pesquisando e-mail com termo: 'Bordero_R0490_20250824'
[2026-05-06 09:00:32] [INFO] Busca enviada para termo: Bordero_R0490_20250824
[2026-05-06 09:00:36] [WARNING] Nenhum e-mail encontrado para a data 20250824.
[2026-05-06 09:00:36] [INFO] Pesquisando e-mail com termo: 'Bordero_R0490_20250830'
[2026-05-06 09:00:37] [INFO] Busca enviada para termo: Bordero_R0490_20250830
[2026-05-06 09:00:41] [WARNING] Nenhum e-mail encontrado para a data 20250830.
[2026-05-06 09:00:41] [INFO] Pesquisando e-mail com termo: 'Bordero_R0490_20250831'
[2026-05-06 09:00:41] [INFO] Busca enviada para termo: Bordero_R0490_20250831
[2026-05-06 09:00:45] [WARNING] Nenhum e-mail encontrado para a data 20250831.
[2026-05-06 09:00:45] [INFO] Pesquisando e-mail com termo: 'Bordero_R0490_20250906'
[2026-05-06 09:00:45] [INFO] Busca enviada para termo: Bordero_R0490_20250906
[2026-05-06 09:00:49] [WARNING] Nenhum e-mail encontrado para a data 20250906.
[2026-05-06 09:00:49] [INFO] Pesquisando e-mail com termo: 'Bordero_R0490_20250907'
[2026-05-06 09:00:49] [INFO] Busca enviada para termo: Bordero_R0490_20250907
[2026-05-06 09:00:53] [WARNING] Nenhum e-mail encontrado para a data 20250907.
[2026-05-06 09:00:53] [INFO] Pesquisando e-mail com termo: 'Bordero_R0490_20250913'
[2026-05-06 09:00:54] [INFO] Busca enviada para termo: Bordero_R0490_20250913
[2026-05-06 09:00:58] [WARNING] Nenhum e-mail encontrado para a data 20250913.
[2026-05-06 09:00:58] [INFO] Pesquisando e-mail com termo: 'Bordero_R0490_20250914'
[2026-05-06 09:00:58] [INFO] Busca enviada para termo: Bordero_R0490_20250914
[2026-05-06 09:01:02] [WARNING] Nenhum e-mail encontrado para a data 20250914.
[2026-05-06 09:01:02] [INFO] Pesquisando e-mail com termo: 'Bordero_R0490_20250920'
[2026-05-06 09:01:02] [INFO] Busca enviada para termo: Bordero_R0490_20250920
[2026-05-06 09:01:06] [WARNING] Nenhum e-mail encontrado para a data 20250920.
[2026-05-06 09:01:06] [INFO] Pesquisando e-mail com termo: 'Bordero_R0490_20250921'
[2026-05-06 09:01:06] [INFO] Busca enviada para termo: Bordero_R0490_20250921
[2026-05-06 09:01:10] [WARNING] Nenhum e-mail encontrado para a data 20250921.
[2026-05-06 09:01:10] [INFO] Pesquisando e-mail com termo: 'Bordero_R0490_20250927'
[2026-05-06 09:01:11] [INFO] Busca enviada para termo: Bordero_R0490_20250927
[2026-05-06 09:01:15] [WARNING] Nenhum e-mail encontrado para a data 20250927.
[2026-05-06 09:01:15] [INFO] Pesquisando e-mail com termo: 'Bordero_R0490_20250928'
[2026-05-06 09:01:15] [INFO] Busca enviada para termo: Bordero_R0490_20250928
[2026-05-06 09:01:19] [WARNING] Nenhum e-mail encontrado para a data 20250928.
[2026-05-06 09:01:19] [INFO] Pesquisando e-mail com termo: 'Bordero_R0490_20251004'
[2026-05-06 09:01:19] [INFO] Busca enviada para termo: Bordero_R0490_20251004
[2026-05-06 09:01:23] [WARNING] Nenhum e-mail encontrado para a data 20251004.
[2026-05-06 09:01:23] [INFO] Pesquisando e-mail com termo: 'Bordero_R0490_20251005'
[2026-05-06 09:01:23] [INFO] Busca enviada para termo: Bordero_R0490_20251005
[2026-05-06 09:01:27] [WARNING] Nenhum e-mail encontrado para a data 20251005.
[2026-05-06 09:01:27] [INFO] Pesquisando e-mail com termo: 'Bordero_R0490_20251011'
[2026-05-06 09:01:27] [INFO] Busca enviada para termo: Bordero_R0490_20251011
[2026-05-06 09:01:31] [WARNING] Nenhum e-mail encontrado para a data 20251011.
[2026-05-06 09:01:31] [INFO] Pesquisando e-mail com termo: 'Bordero_R0490_20251012'
[2026-05-06 09:01:32] [INFO] Busca enviada para termo: Bordero_R0490_20251012
[2026-05-06 09:01:36] [WARNING] Nenhum e-mail encontrado para a data 20251012.
[2026-05-06 09:01:36] [INFO] Pesquisando e-mail com termo: 'Bordero_R0490_20251018'
[2026-05-06 09:01:36] [INFO] Busca enviada para termo: Bordero_R0490_20251018
[2026-05-06 09:01:40] [WARNING] Nenhum e-mail encontrado para a data 20251018.
[2026-05-06 09:01:40] [INFO] Pesquisando e-mail com termo: 'Bordero_R0490_20251019'
[2026-05-06 09:01:40] [INFO] Busca enviada para termo: Bordero_R0490_20251019
[2026-05-06 09:01:44] [WARNING] Nenhum e-mail encontrado para a data 20251019.
[2026-05-06 09:01:44] [INFO] Pesquisando e-mail com termo: 'Bordero_R0490_20251022'
[2026-05-06 09:01:44] [INFO] Busca enviada para termo: Bordero_R0490_20251022
[2026-05-06 09:01:48] [WARNING] Nenhum e-mail encontrado para a data 20251022.
[2026-05-06 09:01:48] [INFO] Pesquisando e-mail com termo: 'Bordero_R0490_20251025'
[2026-05-06 09:01:48] [INFO] Busca enviada para termo: Bordero_R0490_20251025
[2026-05-06 09:01:52] [WARNING] Nenhum e-mail encontrado para a data 20251025.
[2026-05-06 09:01:52] [INFO] Pesquisando e-mail com termo: 'Bordero_R0490_20251026'
[2026-05-06 09:01:53] [INFO] Busca enviada para termo: Bordero_R0490_20251026
[2026-05-06 09:01:57] [WARNING] Nenhum e-mail encontrado para a data 20251026.
[2026-05-06 09:01:57] [INFO] Pesquisando e-mail com termo: 'Bordero_R0490_20251101'
[2026-05-06 09:01:57] [INFO] Busca enviada para termo: Bordero_R0490_20251101
[2026-05-06 09:02:01] [WARNING] Nenhum e-mail encontrado para a data 20251101.
[2026-05-06 09:02:01] [INFO] Pesquisando e-mail com termo: 'Bordero_R0490_20251102'
[2026-05-06 09:02:01] [INFO] Busca enviada para termo: Bordero_R0490_20251102
[2026-05-06 09:02:05] [WARNING] Nenhum e-mail encontrado para a data 20251102.
[2026-05-06 09:02:05] [INFO] Pesquisando e-mail com termo: 'Bordero_R0490_20251106'
[2026-05-06 09:02:05] [INFO] Busca enviada para termo: Bordero_R0490_20251106
[2026-05-06 09:02:09] [WARNING] Nenhum e-mail encontrado para a data 20251106.
[2026-05-06 09:02:09] [INFO] Pesquisando e-mail com termo: 'Bordero_R0490_20251108'
[2026-05-06 09:02:09] [INFO] Busca enviada para termo: Bordero_R0490_20251108
[2026-05-06 09:02:13] [WARNING] Nenhum e-mail encontrado para a data 20251108.
[2026-05-06 09:02:13] [INFO] Pesquisando e-mail com termo: 'Bordero_R0490_20251109'
[2026-05-06 09:02:14] [INFO] Busca enviada para termo: Bordero_R0490_20251109
[2026-05-06 09:02:18] [WARNING] Nenhum e-mail encontrado para a data 20251109.
[2026-05-06 09:02:18] [INFO] Pesquisando e-mail com termo: 'Bordero_R0490_20251115'
[2026-05-06 09:02:18] [INFO] Busca enviada para termo: Bordero_R0490_20251115
[2026-05-06 09:02:22] [WARNING] Nenhum e-mail encontrado para a data 20251115.
[2026-05-06 09:02:22] [INFO] Pesquisando e-mail com termo: 'Bordero_R0490_20251116'
[2026-05-06 09:02:22] [INFO] Busca enviada para termo: Bordero_R0490_20251116
[2026-05-06 09:02:26] [WARNING] Nenhum e-mail encontrado para a data 20251116.
[2026-05-06 09:02:26] [INFO] Pesquisando e-mail com termo: 'Bordero_R0490_20251122'
[2026-05-06 09:02:26] [INFO] Busca enviada para termo: Bordero_R0490_20251122
[2026-05-06 09:02:30] [WARNING] Nenhum e-mail encontrado para a data 20251122.
[2026-05-06 09:02:30] [INFO] Pesquisando e-mail com termo: 'Bordero_R0490_20251123'
[2026-05-06 09:02:30] [INFO] Busca enviada para termo: Bordero_R0490_20251123
[2026-05-06 09:02:34] [WARNING] Nenhum e-mail encontrado para a data 20251123.
[2026-05-06 09:02:34] [INFO] Pesquisando e-mail com termo: 'Bordero_R0490_20251124'
[2026-05-06 09:02:35] [INFO] Busca enviada para termo: Bordero_R0490_20251124
[2026-05-06 09:02:39] [WARNING] Nenhum e-mail encontrado para a data 20251124.
[2026-05-06 09:02:39] [INFO] Pesquisando e-mail com termo: 'Bordero_R0490_20251129'
[2026-05-06 09:02:39] [INFO] Busca enviada para termo: Bordero_R0490_20251129
[2026-05-06 09:02:43] [WARNING] Nenhum e-mail encontrado para a data 20251129.
[2026-05-06 09:02:43] [INFO] Pesquisando e-mail com termo: 'Bordero_R0490_20251130'
[2026-05-06 09:02:43] [INFO] Busca enviada para termo: Bordero_R0490_20251130
[2026-05-06 09:02:47] [WARNING] Nenhum e-mail encontrado para a data 20251130.
[2026-05-06 09:02:47] [INFO] Pesquisando e-mail com termo: 'Bordero_R0490_20251206'
[2026-05-06 09:02:47] [INFO] Busca enviada para termo: Bordero_R0490_20251206
[2026-05-06 09:02:51] [WARNING] Nenhum e-mail encontrado para a data 20251206.
[2026-05-06 09:02:51] [INFO] Pesquisando e-mail com termo: 'Bordero_R0490_20251207'
[2026-05-06 09:02:52] [INFO] Busca enviada para termo: Bordero_R0490_20251207
[2026-05-06 09:02:56] [WARNING] Nenhum e-mail encontrado para a data 20251207.
[2026-05-06 09:02:56] [INFO] Pesquisando e-mail com termo: 'Bordero_R0490_20251211'
[2026-05-06 09:02:56] [INFO] Busca enviada para termo: Bordero_R0490_20251211
[2026-05-06 09:03:00] [WARNING] Nenhum e-mail encontrado para a data 20251211.
[2026-05-06 09:03:00] [INFO] Pesquisando e-mail com termo: 'Bordero_R0490_20251213'
[2026-05-06 09:03:00] [INFO] Busca enviada para termo: Bordero_R0490_20251213
[2026-05-06 09:03:04] [WARNING] Nenhum e-mail encontrado para a data 20251213.
[2026-05-06 09:03:04] [INFO] Pesquisando e-mail com termo: 'Bordero_R0490_20251214'
[2026-05-06 09:03:04] [INFO] Busca enviada para termo: Bordero_R0490_20251214
[2026-05-06 09:03:08] [WARNING] Nenhum e-mail encontrado para a data 20251214.
[2026-05-06 09:03:08] [INFO] Pesquisando e-mail com termo: 'Bordero_R0490_20251217'
[2026-05-06 09:03:08] [INFO] Busca enviada para termo: Bordero_R0490_20251217
[2026-05-06 09:03:12] [WARNING] Nenhum e-mail encontrado para a data 20251217.
[2026-05-06 09:03:12] [INFO] Pesquisando e-mail com termo: 'Bordero_R0490_20251218'
[2026-05-06 09:03:13] [INFO] Busca enviada para termo: Bordero_R0490_20251218
[2026-05-06 09:03:17] [WARNING] Nenhum e-mail encontrado para a data 20251218.
[2026-05-06 09:03:17] [INFO] Pesquisando e-mail com termo: 'Bordero_R0490_20251220'
[2026-05-06 09:03:17] [INFO] Busca enviada para termo: Bordero_R0490_20251220
[2026-05-06 09:03:21] [WARNING] Nenhum e-mail encontrado para a data 20251220.
[2026-05-06 09:03:21] [INFO] Pesquisando e-mail com termo: 'Bordero_R0490_20251221'
[2026-05-06 09:03:21] [INFO] Busca enviada para termo: Bordero_R0490_20251221
[2026-05-06 09:03:25] [WARNING] Nenhum e-mail encontrado para a data 20251221.
[2026-05-06 09:03:25] [INFO] Pesquisando e-mail com termo: 'Bordero_R0490_20251227'
[2026-05-06 09:03:25] [INFO] Busca enviada para termo: Bordero_R0490_20251227
[2026-05-06 09:03:29] [WARNING] Nenhum e-mail encontrado para a data 20251227.
[2026-05-06 09:03:29] [INFO] Pesquisando e-mail com termo: 'Bordero_R0490_20251228'
[2026-05-06 09:03:29] [INFO] Busca enviada para termo: Bordero_R0490_20251228
[2026-05-06 09:03:33] [WARNING] Nenhum e-mail encontrado para a data 20251228.
[2026-05-06 09:03:33] [INFO] Pesquisando e-mail com termo: 'Bordero_R0490_20260103'
[2026-05-06 09:03:34] [INFO] Busca enviada para termo: Bordero_R0490_20260103
[2026-05-06 09:03:38] [WARNING] Nenhum e-mail encontrado para a data 20260103.
[2026-05-06 09:03:38] [INFO] Pesquisando e-mail com termo: 'Bordero_R0490_20260104'
[2026-05-06 09:03:38] [INFO] Busca enviada para termo: Bordero_R0490_20260104
[2026-05-06 09:03:42] [WARNING] Nenhum e-mail encontrado para a data 20260104.
[2026-05-06 09:03:42] [INFO] Pesquisando e-mail com termo: 'Bordero_R0490_20260110'
[2026-05-06 09:03:42] [INFO] Busca enviada para termo: Bordero_R0490_20260110
[2026-05-06 09:03:46] [WARNING] Nenhum e-mail encontrado para a data 20260110.
[2026-05-06 09:03:46] [INFO] Pesquisando e-mail com termo: 'Bordero_R0490_20260111'
[2026-05-06 09:03:46] [INFO] Busca enviada para termo: Bordero_R0490_20260111
[2026-05-06 09:03:50] [WARNING] Nenhum e-mail encontrado para a data 20260111.
[2026-05-06 09:03:50] [INFO] Pesquisando e-mail com termo: 'Bordero_R0490_20260117'
[2026-05-06 09:03:50] [INFO] Busca enviada para termo: Bordero_R0490_20260117
[2026-05-06 09:03:54] [WARNING] Nenhum e-mail encontrado para a data 20260117.
[2026-05-06 09:03:54] [INFO] Pesquisando e-mail com termo: 'Bordero_R0490_20260118'
[2026-05-06 09:03:55] [INFO] Busca enviada para termo: Bordero_R0490_20260118
[2026-05-06 09:03:59] [WARNING] Nenhum e-mail encontrado para a data 20260118.
[2026-05-06 09:03:59] [INFO] Pesquisando e-mail com termo: 'Bordero_R0490_20260124'
[2026-05-06 09:03:59] [INFO] Busca enviada para termo: Bordero_R0490_20260124
[2026-05-06 09:04:03] [WARNING] Nenhum e-mail encontrado para a data 20260124.
[2026-05-06 09:04:03] [INFO] Pesquisando e-mail com termo: 'Bordero_R0490_20260125'
[2026-05-06 09:04:03] [INFO] Busca enviada para termo: Bordero_R0490_20260125
[2026-05-06 09:04:07] [WARNING] Nenhum e-mail encontrado para a data 20260125.
[2026-05-06 09:04:07] [INFO] Pesquisando e-mail com termo: 'Bordero_R0490_20260131'
[2026-05-06 09:04:07] [INFO] Busca enviada para termo: Bordero_R0490_20260131
[2026-05-06 09:04:11] [WARNING] Nenhum e-mail encontrado para a data 20260131.
[2026-05-06 09:04:11] [INFO] Pesquisando e-mail com termo: 'Bordero_R0490_20260201'
[2026-05-06 09:04:11] [INFO] Busca enviada para termo: Bordero_R0490_20260201
[2026-05-06 09:04:15] [WARNING] Nenhum e-mail encontrado para a data 20260201.
[2026-05-06 09:04:15] [INFO] Pesquisando e-mail com termo: 'Bordero_R0490_20260202'
[2026-05-06 09:04:15] [INFO] Busca enviada para termo: Bordero_R0490_20260202
[2026-05-06 09:04:20] [WARNING] Nenhum e-mail encontrado para a data 20260202.
[2026-05-06 09:04:20] [INFO] Pesquisando e-mail com termo: 'Bordero_R0490_20260203'
[2026-05-06 09:04:20] [INFO] Busca enviada para termo: Bordero_R0490_20260203
[2026-05-06 09:04:24] [WARNING] Nenhum e-mail encontrado para a data 20260203.
[2026-05-06 09:04:24] [INFO] Pesquisando e-mail com termo: 'Bordero_R0490_20260207'
[2026-05-06 09:04:24] [INFO] Busca enviada para termo: Bordero_R0490_20260207
[2026-05-06 09:04:28] [WARNING] Nenhum e-mail encontrado para a data 20260207.
[2026-05-06 09:04:28] [INFO] Pesquisando e-mail com termo: 'Bordero_R0490_20260208'
[2026-05-06 09:04:28] [INFO] Busca enviada para termo: Bordero_R0490_20260208
[2026-05-06 09:04:32] [WARNING] Nenhum e-mail encontrado para a data 20260208.
[2026-05-06 09:04:32] [INFO] Pesquisando e-mail com termo: 'Bordero_R0490_20260214'
[2026-05-06 09:04:32] [INFO] Busca enviada para termo: Bordero_R0490_20260214
[2026-05-06 09:04:36] [WARNING] Nenhum e-mail encontrado para a data 20260214.
[2026-05-06 09:04:36] [INFO] Pesquisando e-mail com termo: 'Bordero_R0490_20260215'
[2026-05-06 09:04:37] [INFO] Busca enviada para termo: Bordero_R0490_20260215
[2026-05-06 09:04:41] [WARNING] Nenhum e-mail encontrado para a data 20260215.
[2026-05-06 09:04:41] [INFO] Pesquisando e-mail com termo: 'Bordero_R0490_20260220'
[2026-05-06 09:04:41] [INFO] Busca enviada para termo: Bordero_R0490_20260220
[2026-05-06 09:04:45] [WARNING] Nenhum e-mail encontrado para a data 20260220.
[2026-05-06 09:04:45] [INFO] Pesquisando e-mail com termo: 'Bordero_R0490_20260221'
[2026-05-06 09:04:45] [INFO] Busca enviada para termo: Bordero_R0490_20260221
[2026-05-06 09:04:49] [WARNING] Nenhum e-mail encontrado para a data 20260221.
[2026-05-06 09:04:49] [INFO] Pesquisando e-mail com termo: 'Bordero_R0490_20260222'
[2026-05-06 09:04:50] [INFO] Busca enviada para termo: Bordero_R0490_20260222
[2026-05-06 09:04:54] [WARNING] Nenhum e-mail encontrado para a data 20260222.
[2026-05-06 09:04:54] [INFO] Pesquisando e-mail com termo: 'Bordero_R0490_20260228'
[2026-05-06 09:04:54] [INFO] Busca enviada para termo: Bordero_R0490_20260228
[2026-05-06 09:04:58] [WARNING] Nenhum e-mail encontrado para a data 20260228.
[2026-05-06 09:04:58] [INFO] Pesquisando e-mail com termo: 'Bordero_R0490_20260301'
[2026-05-06 09:04:58] [INFO] Busca enviada para termo: Bordero_R0490_20260301
[2026-05-06 09:05:02] [WARNING] Nenhum e-mail encontrado para a data 20260301.
[2026-05-06 09:05:02] [INFO] Pesquisando e-mail com termo: 'Bordero_R0490_20260307'
[2026-05-06 09:05:02] [INFO] Busca enviada para termo: Bordero_R0490_20260307
[2026-05-06 09:05:06] [WARNING] Nenhum e-mail encontrado para a data 20260307.
[2026-05-06 09:05:06] [INFO] Pesquisando e-mail com termo: 'Bordero_R0490_20260308'
[2026-05-06 09:05:06] [INFO] Busca enviada para termo: Bordero_R0490_20260308
[2026-05-06 09:05:10] [WARNING] Nenhum e-mail encontrado para a data 20260308.
[2026-05-06 09:05:10] [INFO] Pesquisando e-mail com termo: 'Bordero_R0490_20260314'
[2026-05-06 09:05:11] [INFO] Busca enviada para termo: Bordero_R0490_20260314
[2026-05-06 09:05:15] [WARNING] Nenhum e-mail encontrado para a data 20260314.
[2026-05-06 09:05:15] [INFO] Pesquisando e-mail com termo: 'Bordero_R0490_20260315'
[2026-05-06 09:05:15] [INFO] Busca enviada para termo: Bordero_R0490_20260315
[2026-05-06 09:05:19] [WARNING] Nenhum e-mail encontrado para a data 20260315.
[2026-05-06 09:05:19] [INFO] Pesquisando e-mail com termo: 'Bordero_R0490_20260320'
[2026-05-06 09:05:19] [INFO] Busca enviada para termo: Bordero_R0490_20260320
[2026-05-06 09:05:23] [WARNING] Nenhum e-mail encontrado para a data 20260320.
[2026-05-06 09:05:23] [INFO] Pesquisando e-mail com termo: 'Bordero_R0490_20260321'
[2026-05-06 09:05:23] [INFO] Busca enviada para termo: Bordero_R0490_20260321
[2026-05-06 09:05:27] [WARNING] Nenhum e-mail encontrado para a data 20260321.
[2026-05-06 09:05:27] [INFO] Pesquisando e-mail com termo: 'Bordero_R0490_20260322'
[2026-05-06 09:05:27] [INFO] Busca enviada para termo: Bordero_R0490_20260322
[2026-05-06 09:05:32] [WARNING] Nenhum e-mail encontrado para a data 20260322.
[2026-05-06 09:05:32] [INFO] Pesquisando e-mail com termo: 'Bordero_R0490_20260324'
[2026-05-06 09:05:32] [INFO] Busca enviada para termo: Bordero_R0490_20260324
[2026-05-06 09:05:36] [WARNING] Nenhum e-mail encontrado para a data 20260324.
[2026-05-06 09:05:36] [INFO] Pesquisando e-mail com termo: 'Bordero_R0490_20260328'
[2026-05-06 09:05:36] [INFO] Busca enviada para termo: Bordero_R0490_20260328
[2026-05-06 09:05:40] [WARNING] Nenhum e-mail encontrado para a data 20260328.
[2026-05-06 09:05:40] [INFO] Pesquisando e-mail com termo: 'Bordero_R0490_20260329'
[2026-05-06 09:05:40] [INFO] Busca enviada para termo: Bordero_R0490_20260329
[2026-05-06 09:05:44] [WARNING] Nenhum e-mail encontrado para a data 20260329.
[2026-05-06 09:05:44] [INFO] Pesquisando e-mail com termo: 'Bordero_R0490_20260401'
[2026-05-06 09:05:44] [INFO] Busca enviada para termo: Bordero_R0490_20260401
[2026-05-06 09:05:48] [WARNING] Nenhum e-mail encontrado para a data 20260401.
[2026-05-06 09:05:48] [INFO] Pesquisando e-mail com termo: 'Bordero_R0490_20260404'
[2026-05-06 09:05:48] [INFO] Busca enviada para termo: Bordero_R0490_20260404
[2026-05-06 09:05:52] [WARNING] Nenhum e-mail encontrado para a data 20260404.
[2026-05-06 09:05:52] [INFO] Pesquisando e-mail com termo: 'Bordero_R0490_20260405'
[2026-05-06 09:05:53] [INFO] Busca enviada para termo: Bordero_R0490_20260405
[2026-05-06 09:05:57] [WARNING] Nenhum e-mail encontrado para a data 20260405.
[2026-05-06 09:05:57] [INFO] Pesquisando e-mail com termo: 'Bordero_R0490_20260407'
[2026-05-06 09:05:57] [INFO] Busca enviada para termo: Bordero_R0490_20260407
[2026-05-06 09:06:01] [WARNING] Nenhum e-mail encontrado para a data 20260407.
[2026-05-06 09:06:01] [INFO] Pesquisando e-mail com termo: 'Bordero_R0490_20260411'
[2026-05-06 09:06:01] [INFO] Busca enviada para termo: Bordero_R0490_20260411
[2026-05-06 09:06:05] [WARNING] Nenhum e-mail encontrado para a data 20260411.
[2026-05-06 09:06:05] [INFO] Pesquisando e-mail com termo: 'Bordero_R0490_20260412'
[2026-05-06 09:06:05] [INFO] Busca enviada para termo: Bordero_R0490_20260412
[2026-05-06 09:06:09] [WARNING] Nenhum e-mail encontrado para a data 20260412.
[2026-05-06 09:06:09] [INFO] Pesquisando e-mail com termo: 'Bordero_R0490_20260417'
[2026-05-06 09:06:09] [INFO] Busca enviada para termo: Bordero_R0490_20260417
[2026-05-06 09:06:13] [WARNING] Nenhum e-mail encontrado para a data 20260417.
[2026-05-06 09:06:13] [INFO] Pesquisando e-mail com termo: 'Bordero_R0490_20260418'
[2026-05-06 09:06:14] [INFO] Busca enviada para termo: Bordero_R0490_20260418
[2026-05-06 09:06:18] [WARNING] Nenhum e-mail encontrado para a data 20260418.
[2026-05-06 09:06:18] [INFO] Pesquisando e-mail com termo: 'Bordero_R0490_20260419'
[2026-05-06 09:06:18] [INFO] Busca enviada para termo: Bordero_R0490_20260419
[2026-05-06 09:06:22] [WARNING] Nenhum e-mail encontrado para a data 20260419.
[2026-05-06 09:06:22] [INFO] Pesquisando e-mail com termo: 'Bordero_R0490_20260425'
[2026-05-06 09:06:22] [INFO] Busca enviada para termo: Bordero_R0490_20260425
[2026-05-06 09:06:26] [WARNING] Nenhum e-mail encontrado para a data 20260425.
[2026-05-06 09:06:26] [INFO] Pesquisando e-mail com termo: 'Bordero_R0490_20260426'
[2026-05-06 09:06:26] [INFO] Busca enviada para termo: Bordero_R0490_20260426
[2026-05-06 09:06:30] [WARNING] Nenhum e-mail encontrado para a data 20260426.
[2026-05-06 09:06:30] [INFO] Pesquisando e-mail com termo: 'Bordero_R0490_20260502'
[2026-05-06 09:06:30] [INFO] Busca enviada para termo: Bordero_R0490_20260502
[2026-05-06 09:06:34] [WARNING] Nenhum e-mail encontrado para a data 20260502.
[2026-05-06 09:06:34] [INFO] Pesquisando e-mail com termo: 'Bordero_R0490_20260503'
[2026-05-06 09:06:35] [INFO] Busca enviada para termo: Bordero_R0490_20260503
[2026-05-06 09:06:39] [WARNING] Nenhum e-mail encontrado para a data 20260503.
[2026-05-06 09:06:39] [INFO] Pesquisando e-mail com termo: 'Bordero_R0490_20260506'
[2026-05-06 09:06:39] [INFO] Busca enviada para termo: Bordero_R0490_20260506
[2026-05-06 09:06:43] [INFO] Clicado no primeiro e-mail da lista (visualização).
[2026-05-06 09:06:45] [INFO] Realizado duplo clique (abrir em nova janela se houver).
[2026-05-06 09:06:45] [INFO] Nova janela com o e-mail foi aberta.
[2026-05-06 09:06:46] [INFO] Link de anexo (a) encontrado.
[2026-05-06 09:06:46] [INFO] Nome real do anexo identificado: Bordero_R0490_20260506_622466.ZIP
[2026-05-06 09:06:46] [INFO] Clique direto no <a> do anexo realizado (estratégia 1).
[2026-05-06 09:06:47] [INFO] Arquivo detectado na pasta de downloads: C:\Users\administrador\Downloads\Bordero_R0490_20260506_622466.ZIP
[2026-05-06 09:06:47] [INFO] Nome normalizado para histórico: Bordero_R0490_20260506.zip
[2026-05-06 09:06:47] [INFO] Arquivo movido de C:\Users\administrador\Downloads\Bordero_R0490_20260506_622466.ZIP para C:\temp\arquivo.zip
[2026-05-06 09:06:47] [INFO] Arquivo extraído com sucesso para: C:\Bordero Credsystem\Extraido
[2026-05-06 09:06:47] [INFO] Arquivo removido (não CSV): C:\Bordero Credsystem\Extraido\Bordero_R0490_L026364_20260506_67716.TXT
[2026-05-06 09:06:47] [INFO] Arquivo removido (não CSV): C:\Bordero Credsystem\Extraido\Bordero_R0490_L026367_20260506_67718.TXT
[2026-05-06 09:06:47] [INFO] Arquivo removido (não CSV): C:\Bordero Credsystem\Extraido\Bordero_R0490_L026380_20260506_67720.TXT
[2026-05-06 09:06:47] [INFO] Arquivo removido (não CSV): C:\Bordero Credsystem\Extraido\Bordero_R0490_L026384_20260506_67723.TXT
[2026-05-06 09:06:47] [INFO] Arquivo removido (não CSV): C:\Bordero Credsystem\Extraido\Bordero_R0490_L026385_20260506_67726.TXT
[2026-05-06 09:06:47] [INFO] Arquivo removido (não CSV): C:\Bordero Credsystem\Extraido\Bordero_R0490_L026408_20260506_67729.TXT
[2026-05-06 09:06:47] [INFO] Arquivo removido (não CSV): C:\Bordero Credsystem\Extraido\Bordero_R0490_L026409_20260506_67731.TXT
[2026-05-06 09:06:47] [INFO] Arquivo removido (não CSV): C:\Bordero Credsystem\Extraido\Bordero_R0490_L026413_20260506_67734.TXT
[2026-05-06 09:06:47] [INFO] Arquivo removido (não CSV): C:\Bordero Credsystem\Extraido\Bordero_R0490_L026414_20260506_67737.TXT
[2026-05-06 09:06:47] [INFO] Arquivo removido (não CSV): C:\Bordero Credsystem\Extraido\Bordero_R0490_L026417_20260506_67739.TXT
[2026-05-06 09:06:47] [INFO] Arquivo removido (não CSV): C:\Bordero Credsystem\Extraido\Bordero_R0490_L026422_20260506_67741.TXT
[2026-05-06 09:06:47] [INFO] Arquivo removido (não CSV): C:\Bordero Credsystem\Extraido\Bordero_R0490_L027095_20260506_67783.TXT
[2026-05-06 09:06:47] [INFO] Arquivo removido (não CSV): C:\Bordero Credsystem\Extraido\Bordero_R0490_L028960_20260506_67822.TXT
[2026-05-06 09:06:47] [INFO] Arquivo removido (não CSV): C:\Bordero Credsystem\Extraido\Bordero_R0490_L029748_20260506_67851.TXT
[2026-05-06 09:06:47] [INFO] Arquivo removido (não CSV): C:\Bordero Credsystem\Extraido\Bordero_R0490_L030439_20260506_67932.TXT
[2026-05-06 09:06:47] [INFO] Arquivo removido (não CSV): C:\Bordero Credsystem\Extraido\Bordero_R0490_L031321_20260506_68164.TXT
[2026-05-06 09:06:47] [INFO] Arquivo removido (não CSV): C:\Bordero Credsystem\Extraido\Bordero_R0490_L031386_20260506_68169.TXT
[2026-05-06 09:06:47] [INFO] Arquivo removido (não CSV): C:\Bordero Credsystem\Extraido\Bordero_R0490_L033116_20260506_69096.TXT
[2026-05-06 09:06:47] [INFO] Arquivo ZIP removido após extração: C:\temp\arquivo.zip
[2026-05-06 09:06:47] [INFO] Arquivo da data 20260506 processado com sucesso e histórico atualizado.
[2026-05-06 09:06:50] [INFO] Navegador encerrado.
[2026-05-07 09:00:03] [INFO] ====================================================================================================
[2026-05-07 09:00:03] [INFO]                          INICIANDO RPA PARA DOWNLOAD DE BORDERO NO WEBMAIL
[2026-05-07 09:00:03] [INFO]                                 Autor: John Kennedy | Versão: 1.0.3                                 
[2026-05-07 09:00:03] [INFO] ====================================================================================================
[2026-05-07 09:00:03] [INFO] Datas pendentes para buscar: 20250821, 20250823, 20250824, 20250830, 20250831, 20250906, 20250907, 20250913, 20250914, 20250920, 20250921, 20250927, 20250928, 20251004, 20251005, 20251011, 20251012, 20251018, 20251019, 20251022, 20251025, 20251026, 20251101, 20251102, 20251106, 20251108, 20251109, 20251115, 20251116, 20251122, 20251123, 20251124, 20251129, 20251130, 20251206, 20251207, 20251211, 20251213, 20251214, 20251217, 20251218, 20251220, 20251221, 20251227, 20251228, 20260103, 20260104, 20260110, 20260111, 20260117, 20260118, 20260124, 20260125, 20260131, 20260201, 20260202, 20260203, 20260207, 20260208, 20260214, 20260215, 20260220, 20260221, 20260222, 20260228, 20260301, 20260307, 20260308, 20260314, 20260315, 20260320, 20260321, 20260322, 20260324, 20260328, 20260329, 20260401, 20260404, 20260405, 20260407, 20260411, 20260412, 20260417, 20260418, 20260419, 20260425, 20260426, 20260502, 20260503, 20260507
[2026-05-07 09:00:09] [INFO] Page.setDownloadBehavior configurado para: C:\Users\administrador\Downloads
[2026-05-07 09:00:09] [INFO] Chrome iniciado.
[2026-05-07 09:00:21] [INFO] Login realizado.
[2026-05-07 09:00:26] [INFO] Pesquisando e-mail com termo: 'Bordero_R0490_20250821'
[2026-05-07 09:00:26] [INFO] Busca enviada para termo: Bordero_R0490_20250821
[2026-05-07 09:00:30] [WARNING] Nenhum e-mail encontrado para a data 20250821.
[2026-05-07 09:00:30] [INFO] Pesquisando e-mail com termo: 'Bordero_R0490_20250823'
[2026-05-07 09:00:30] [INFO] Busca enviada para termo: Bordero_R0490_20250823
[2026-05-07 09:00:34] [WARNING] Nenhum e-mail encontrado para a data 20250823.
[2026-05-07 09:00:34] [INFO] Pesquisando e-mail com termo: 'Bordero_R0490_20250824'
[2026-05-07 09:00:35] [INFO] Busca enviada para termo: Bordero_R0490_20250824
[2026-05-07 09:00:39] [WARNING] Nenhum e-mail encontrado para a data 20250824.
[2026-05-07 09:00:39] [INFO] Pesquisando e-mail com termo: 'Bordero_R0490_20250830'
[2026-05-07 09:00:39] [INFO] Busca enviada para termo: Bordero_R0490_20250830
[2026-05-07 09:00:43] [WARNING] Nenhum e-mail encontrado para a data 20250830.
[2026-05-07 09:00:43] [INFO] Pesquisando e-mail com termo: 'Bordero_R0490_20250831'
[2026-05-07 09:00:43] [INFO] Busca enviada para termo: Bordero_R0490_20250831
[2026-05-07 09:00:47] [WARNING] Nenhum e-mail encontrado para a data 20250831.
[2026-05-07 09:00:47] [INFO] Pesquisando e-mail com termo: 'Bordero_R0490_20250906'
[2026-05-07 09:00:47] [INFO] Busca enviada para termo: Bordero_R0490_20250906
[2026-05-07 09:00:51] [WARNING] Nenhum e-mail encontrado para a data 20250906.
[2026-05-07 09:00:51] [INFO] Pesquisando e-mail com termo: 'Bordero_R0490_20250907'
[2026-05-07 09:00:51] [INFO] Busca enviada para termo: Bordero_R0490_20250907
[2026-05-07 09:00:55] [WARNING] Nenhum e-mail encontrado para a data 20250907.
[2026-05-07 09:00:55] [INFO] Pesquisando e-mail com termo: 'Bordero_R0490_20250913'
[2026-05-07 09:00:56] [INFO] Busca enviada para termo: Bordero_R0490_20250913
[2026-05-07 09:01:00] [WARNING] Nenhum e-mail encontrado para a data 20250913.
[2026-05-07 09:01:00] [INFO] Pesquisando e-mail com termo: 'Bordero_R0490_20250914'
[2026-05-07 09:01:00] [INFO] Busca enviada para termo: Bordero_R0490_20250914
[2026-05-07 09:01:04] [WARNING] Nenhum e-mail encontrado para a data 20250914.
[2026-05-07 09:01:04] [INFO] Pesquisando e-mail com termo: 'Bordero_R0490_20250920'
[2026-05-07 09:01:04] [INFO] Busca enviada para termo: Bordero_R0490_20250920
[2026-05-07 09:01:08] [WARNING] Nenhum e-mail encontrado para a data 20250920.
[2026-05-07 09:01:08] [INFO] Pesquisando e-mail com termo: 'Bordero_R0490_20250921'
[2026-05-07 09:01:08] [INFO] Busca enviada para termo: Bordero_R0490_20250921
[2026-05-07 09:01:12] [WARNING] Nenhum e-mail encontrado para a data 20250921.
[2026-05-07 09:01:12] [INFO] Pesquisando e-mail com termo: 'Bordero_R0490_20250927'
[2026-05-07 09:01:12] [INFO] Busca enviada para termo: Bordero_R0490_20250927
[2026-05-07 09:01:17] [WARNING] Nenhum e-mail encontrado para a data 20250927.
[2026-05-07 09:01:17] [INFO] Pesquisando e-mail com termo: 'Bordero_R0490_20250928'
[2026-05-07 09:01:17] [INFO] Busca enviada para termo: Bordero_R0490_20250928
[2026-05-07 09:01:21] [WARNING] Nenhum e-mail encontrado para a data 20250928.
[2026-05-07 09:01:21] [INFO] Pesquisando e-mail com termo: 'Bordero_R0490_20251004'
[2026-05-07 09:01:21] [INFO] Busca enviada para termo: Bordero_R0490_20251004
[2026-05-07 09:01:25] [WARNING] Nenhum e-mail encontrado para a data 20251004.
[2026-05-07 09:01:25] [INFO] Pesquisando e-mail com termo: 'Bordero_R0490_20251005'
[2026-05-07 09:01:25] [INFO] Busca enviada para termo: Bordero_R0490_20251005
[2026-05-07 09:01:29] [WARNING] Nenhum e-mail encontrado para a data 20251005.
[2026-05-07 09:01:29] [INFO] Pesquisando e-mail com termo: 'Bordero_R0490_20251011'
[2026-05-07 09:01:29] [INFO] Busca enviada para termo: Bordero_R0490_20251011
[2026-05-07 09:01:33] [WARNING] Nenhum e-mail encontrado para a data 20251011.
[2026-05-07 09:01:33] [INFO] Pesquisando e-mail com termo: 'Bordero_R0490_20251012'
[2026-05-07 09:01:33] [INFO] Busca enviada para termo: Bordero_R0490_20251012
[2026-05-07 09:01:38] [WARNING] Nenhum e-mail encontrado para a data 20251012.
[2026-05-07 09:01:38] [INFO] Pesquisando e-mail com termo: 'Bordero_R0490_20251018'
[2026-05-07 09:01:38] [INFO] Busca enviada para termo: Bordero_R0490_20251018
[2026-05-07 09:01:42] [WARNING] Nenhum e-mail encontrado para a data 20251018.
[2026-05-07 09:01:42] [INFO] Pesquisando e-mail com termo: 'Bordero_R0490_20251019'
[2026-05-07 09:01:42] [INFO] Busca enviada para termo: Bordero_R0490_20251019
[2026-05-07 09:01:46] [WARNING] Nenhum e-mail encontrado para a data 20251019.
[2026-05-07 09:01:46] [INFO] Pesquisando e-mail com termo: 'Bordero_R0490_20251022'
[2026-05-07 09:01:46] [INFO] Busca enviada para termo: Bordero_R0490_20251022
[2026-05-07 09:01:50] [WARNING] Nenhum e-mail encontrado para a data 20251022.
[2026-05-07 09:01:50] [INFO] Pesquisando e-mail com termo: 'Bordero_R0490_20251025'
[2026-05-07 09:01:50] [INFO] Busca enviada para termo: Bordero_R0490_20251025
[2026-05-07 09:01:54] [WARNING] Nenhum e-mail encontrado para a data 20251025.
[2026-05-07 09:01:54] [INFO] Pesquisando e-mail com termo: 'Bordero_R0490_20251026'
[2026-05-07 09:01:55] [INFO] Busca enviada para termo: Bordero_R0490_20251026
[2026-05-07 09:01:59] [WARNING] Nenhum e-mail encontrado para a data 20251026.
[2026-05-07 09:01:59] [INFO] Pesquisando e-mail com termo: 'Bordero_R0490_20251101'
[2026-05-07 09:01:59] [INFO] Busca enviada para termo: Bordero_R0490_20251101
[2026-05-07 09:02:03] [WARNING] Nenhum e-mail encontrado para a data 20251101.
[2026-05-07 09:02:03] [INFO] Pesquisando e-mail com termo: 'Bordero_R0490_20251102'
[2026-05-07 09:02:03] [INFO] Busca enviada para termo: Bordero_R0490_20251102
[2026-05-07 09:02:07] [WARNING] Nenhum e-mail encontrado para a data 20251102.
[2026-05-07 09:02:07] [INFO] Pesquisando e-mail com termo: 'Bordero_R0490_20251106'
[2026-05-07 09:02:07] [INFO] Busca enviada para termo: Bordero_R0490_20251106
[2026-05-07 09:02:11] [WARNING] Nenhum e-mail encontrado para a data 20251106.
[2026-05-07 09:02:11] [INFO] Pesquisando e-mail com termo: 'Bordero_R0490_20251108'
[2026-05-07 09:02:11] [INFO] Busca enviada para termo: Bordero_R0490_20251108
[2026-05-07 09:02:15] [WARNING] Nenhum e-mail encontrado para a data 20251108.
[2026-05-07 09:02:15] [INFO] Pesquisando e-mail com termo: 'Bordero_R0490_20251109'
[2026-05-07 09:02:16] [INFO] Busca enviada para termo: Bordero_R0490_20251109
[2026-05-07 09:02:20] [WARNING] Nenhum e-mail encontrado para a data 20251109.
[2026-05-07 09:02:20] [INFO] Pesquisando e-mail com termo: 'Bordero_R0490_20251115'
[2026-05-07 09:02:20] [INFO] Busca enviada para termo: Bordero_R0490_20251115
[2026-05-07 09:02:24] [WARNING] Nenhum e-mail encontrado para a data 20251115.
[2026-05-07 09:02:24] [INFO] Pesquisando e-mail com termo: 'Bordero_R0490_20251116'
[2026-05-07 09:02:24] [INFO] Busca enviada para termo: Bordero_R0490_20251116
[2026-05-07 09:02:28] [WARNING] Nenhum e-mail encontrado para a data 20251116.
[2026-05-07 09:02:28] [INFO] Pesquisando e-mail com termo: 'Bordero_R0490_20251122'
[2026-05-07 09:02:28] [INFO] Busca enviada para termo: Bordero_R0490_20251122
[2026-05-07 09:02:32] [WARNING] Nenhum e-mail encontrado para a data 20251122.
[2026-05-07 09:02:32] [INFO] Pesquisando e-mail com termo: 'Bordero_R0490_20251123'
[2026-05-07 09:02:32] [INFO] Busca enviada para termo: Bordero_R0490_20251123
[2026-05-07 09:02:36] [WARNING] Nenhum e-mail encontrado para a data 20251123.
[2026-05-07 09:02:36] [INFO] Pesquisando e-mail com termo: 'Bordero_R0490_20251124'
[2026-05-07 09:02:37] [INFO] Busca enviada para termo: Bordero_R0490_20251124
[2026-05-07 09:02:41] [WARNING] Nenhum e-mail encontrado para a data 20251124.
[2026-05-07 09:02:41] [INFO] Pesquisando e-mail com termo: 'Bordero_R0490_20251129'
[2026-05-07 09:02:41] [INFO] Busca enviada para termo: Bordero_R0490_20251129
[2026-05-07 09:02:45] [WARNING] Nenhum e-mail encontrado para a data 20251129.
[2026-05-07 09:02:45] [INFO] Pesquisando e-mail com termo: 'Bordero_R0490_20251130'
[2026-05-07 09:02:45] [INFO] Busca enviada para termo: Bordero_R0490_20251130
[2026-05-07 09:02:49] [WARNING] Nenhum e-mail encontrado para a data 20251130.
[2026-05-07 09:02:49] [INFO] Pesquisando e-mail com termo: 'Bordero_R0490_20251206'
[2026-05-07 09:02:49] [INFO] Busca enviada para termo: Bordero_R0490_20251206
[2026-05-07 09:02:53] [WARNING] Nenhum e-mail encontrado para a data 20251206.
[2026-05-07 09:02:53] [INFO] Pesquisando e-mail com termo: 'Bordero_R0490_20251207'
[2026-05-07 09:02:53] [INFO] Busca enviada para termo: Bordero_R0490_20251207
[2026-05-07 09:02:57] [WARNING] Nenhum e-mail encontrado para a data 20251207.
[2026-05-07 09:02:57] [INFO] Pesquisando e-mail com termo: 'Bordero_R0490_20251211'
[2026-05-07 09:02:58] [INFO] Busca enviada para termo: Bordero_R0490_20251211
[2026-05-07 09:03:02] [WARNING] Nenhum e-mail encontrado para a data 20251211.
[2026-05-07 09:03:02] [INFO] Pesquisando e-mail com termo: 'Bordero_R0490_20251213'
[2026-05-07 09:03:02] [INFO] Busca enviada para termo: Bordero_R0490_20251213
[2026-05-07 09:03:06] [WARNING] Nenhum e-mail encontrado para a data 20251213.
[2026-05-07 09:03:06] [INFO] Pesquisando e-mail com termo: 'Bordero_R0490_20251214'
[2026-05-07 09:03:06] [INFO] Busca enviada para termo: Bordero_R0490_20251214
[2026-05-07 09:03:10] [WARNING] Nenhum e-mail encontrado para a data 20251214.
[2026-05-07 09:03:10] [INFO] Pesquisando e-mail com termo: 'Bordero_R0490_20251217'
[2026-05-07 09:03:10] [INFO] Busca enviada para termo: Bordero_R0490_20251217
[2026-05-07 09:03:14] [WARNING] Nenhum e-mail encontrado para a data 20251217.
[2026-05-07 09:03:14] [INFO] Pesquisando e-mail com termo: 'Bordero_R0490_20251218'
[2026-05-07 09:03:14] [INFO] Busca enviada para termo: Bordero_R0490_20251218
[2026-05-07 09:03:18] [WARNING] Nenhum e-mail encontrado para a data 20251218.
[2026-05-07 09:03:18] [INFO] Pesquisando e-mail com termo: 'Bordero_R0490_20251220'
[2026-05-07 09:03:19] [INFO] Busca enviada para termo: Bordero_R0490_20251220
[2026-05-07 09:03:23] [WARNING] Nenhum e-mail encontrado para a data 20251220.
[2026-05-07 09:03:23] [INFO] Pesquisando e-mail com termo: 'Bordero_R0490_20251221'
[2026-05-07 09:03:23] [INFO] Busca enviada para termo: Bordero_R0490_20251221
[2026-05-07 09:03:27] [WARNING] Nenhum e-mail encontrado para a data 20251221.
[2026-05-07 09:03:27] [INFO] Pesquisando e-mail com termo: 'Bordero_R0490_20251227'
[2026-05-07 09:03:27] [INFO] Busca enviada para termo: Bordero_R0490_20251227
[2026-05-07 09:03:31] [WARNING] Nenhum e-mail encontrado para a data 20251227.
[2026-05-07 09:03:31] [INFO] Pesquisando e-mail com termo: 'Bordero_R0490_20251228'
[2026-05-07 09:03:31] [INFO] Busca enviada para termo: Bordero_R0490_20251228
[2026-05-07 09:03:35] [WARNING] Nenhum e-mail encontrado para a data 20251228.
[2026-05-07 09:03:35] [INFO] Pesquisando e-mail com termo: 'Bordero_R0490_20260103'
[2026-05-07 09:03:35] [INFO] Busca enviada para termo: Bordero_R0490_20260103
[2026-05-07 09:03:39] [WARNING] Nenhum e-mail encontrado para a data 20260103.
[2026-05-07 09:03:39] [INFO] Pesquisando e-mail com termo: 'Bordero_R0490_20260104'
[2026-05-07 09:03:40] [INFO] Busca enviada para termo: Bordero_R0490_20260104
[2026-05-07 09:03:44] [WARNING] Nenhum e-mail encontrado para a data 20260104.
[2026-05-07 09:03:44] [INFO] Pesquisando e-mail com termo: 'Bordero_R0490_20260110'
[2026-05-07 09:03:44] [INFO] Busca enviada para termo: Bordero_R0490_20260110
[2026-05-07 09:03:48] [WARNING] Nenhum e-mail encontrado para a data 20260110.
[2026-05-07 09:03:48] [INFO] Pesquisando e-mail com termo: 'Bordero_R0490_20260111'
[2026-05-07 09:03:48] [INFO] Busca enviada para termo: Bordero_R0490_20260111
[2026-05-07 09:03:52] [WARNING] Nenhum e-mail encontrado para a data 20260111.
[2026-05-07 09:03:52] [INFO] Pesquisando e-mail com termo: 'Bordero_R0490_20260117'
[2026-05-07 09:03:52] [INFO] Busca enviada para termo: Bordero_R0490_20260117
[2026-05-07 09:03:56] [WARNING] Nenhum e-mail encontrado para a data 20260117.
[2026-05-07 09:03:56] [INFO] Pesquisando e-mail com termo: 'Bordero_R0490_20260118'
[2026-05-07 09:03:56] [INFO] Busca enviada para termo: Bordero_R0490_20260118
[2026-05-07 09:04:00] [WARNING] Nenhum e-mail encontrado para a data 20260118.
[2026-05-07 09:04:00] [INFO] Pesquisando e-mail com termo: 'Bordero_R0490_20260124'
[2026-05-07 09:04:01] [INFO] Busca enviada para termo: Bordero_R0490_20260124
[2026-05-07 09:04:05] [WARNING] Nenhum e-mail encontrado para a data 20260124.
[2026-05-07 09:04:05] [INFO] Pesquisando e-mail com termo: 'Bordero_R0490_20260125'
[2026-05-07 09:04:05] [INFO] Busca enviada para termo: Bordero_R0490_20260125
[2026-05-07 09:04:09] [WARNING] Nenhum e-mail encontrado para a data 20260125.
[2026-05-07 09:04:09] [INFO] Pesquisando e-mail com termo: 'Bordero_R0490_20260131'
[2026-05-07 09:04:09] [INFO] Busca enviada para termo: Bordero_R0490_20260131
[2026-05-07 09:04:13] [WARNING] Nenhum e-mail encontrado para a data 20260131.
[2026-05-07 09:04:13] [INFO] Pesquisando e-mail com termo: 'Bordero_R0490_20260201'
[2026-05-07 09:04:13] [INFO] Busca enviada para termo: Bordero_R0490_20260201
[2026-05-07 09:04:17] [WARNING] Nenhum e-mail encontrado para a data 20260201.
[2026-05-07 09:04:17] [INFO] Pesquisando e-mail com termo: 'Bordero_R0490_20260202'
[2026-05-07 09:04:18] [INFO] Busca enviada para termo: Bordero_R0490_20260202
[2026-05-07 09:04:22] [WARNING] Nenhum e-mail encontrado para a data 20260202.
[2026-05-07 09:04:22] [INFO] Pesquisando e-mail com termo: 'Bordero_R0490_20260203'
[2026-05-07 09:04:22] [INFO] Busca enviada para termo: Bordero_R0490_20260203
[2026-05-07 09:04:26] [WARNING] Nenhum e-mail encontrado para a data 20260203.
[2026-05-07 09:04:26] [INFO] Pesquisando e-mail com termo: 'Bordero_R0490_20260207'
[2026-05-07 09:04:26] [INFO] Busca enviada para termo: Bordero_R0490_20260207
[2026-05-07 09:04:30] [WARNING] Nenhum e-mail encontrado para a data 20260207.
[2026-05-07 09:04:30] [INFO] Pesquisando e-mail com termo: 'Bordero_R0490_20260208'
[2026-05-07 09:04:30] [INFO] Busca enviada para termo: Bordero_R0490_20260208
[2026-05-07 09:04:34] [WARNING] Nenhum e-mail encontrado para a data 20260208.
[2026-05-07 09:04:34] [INFO] Pesquisando e-mail com termo: 'Bordero_R0490_20260214'
[2026-05-07 09:04:34] [INFO] Busca enviada para termo: Bordero_R0490_20260214
[2026-05-07 09:04:38] [WARNING] Nenhum e-mail encontrado para a data 20260214.
[2026-05-07 09:04:38] [INFO] Pesquisando e-mail com termo: 'Bordero_R0490_20260215'
[2026-05-07 09:04:38] [INFO] Busca enviada para termo: Bordero_R0490_20260215
[2026-05-07 09:04:42] [WARNING] Nenhum e-mail encontrado para a data 20260215.
[2026-05-07 09:04:42] [INFO] Pesquisando e-mail com termo: 'Bordero_R0490_20260220'
[2026-05-07 09:04:43] [INFO] Busca enviada para termo: Bordero_R0490_20260220
[2026-05-07 09:04:47] [WARNING] Nenhum e-mail encontrado para a data 20260220.
[2026-05-07 09:04:47] [INFO] Pesquisando e-mail com termo: 'Bordero_R0490_20260221'
[2026-05-07 09:04:47] [INFO] Busca enviada para termo: Bordero_R0490_20260221
[2026-05-07 09:04:51] [WARNING] Nenhum e-mail encontrado para a data 20260221.
[2026-05-07 09:04:51] [INFO] Pesquisando e-mail com termo: 'Bordero_R0490_20260222'
[2026-05-07 09:04:51] [INFO] Busca enviada para termo: Bordero_R0490_20260222
[2026-05-07 09:04:55] [WARNING] Nenhum e-mail encontrado para a data 20260222.
[2026-05-07 09:04:55] [INFO] Pesquisando e-mail com termo: 'Bordero_R0490_20260228'
[2026-05-07 09:04:55] [INFO] Busca enviada para termo: Bordero_R0490_20260228
[2026-05-07 09:04:59] [WARNING] Nenhum e-mail encontrado para a data 20260228.
[2026-05-07 09:04:59] [INFO] Pesquisando e-mail com termo: 'Bordero_R0490_20260301'
[2026-05-07 09:04:59] [INFO] Busca enviada para termo: Bordero_R0490_20260301
[2026-05-07 09:05:03] [WARNING] Nenhum e-mail encontrado para a data 20260301.
[2026-05-07 09:05:03] [INFO] Pesquisando e-mail com termo: 'Bordero_R0490_20260307'
[2026-05-07 09:05:04] [INFO] Busca enviada para termo: Bordero_R0490_20260307
[2026-05-07 09:05:08] [WARNING] Nenhum e-mail encontrado para a data 20260307.
[2026-05-07 09:05:08] [INFO] Pesquisando e-mail com termo: 'Bordero_R0490_20260308'
[2026-05-07 09:05:08] [INFO] Busca enviada para termo: Bordero_R0490_20260308
[2026-05-07 09:05:12] [WARNING] Nenhum e-mail encontrado para a data 20260308.
[2026-05-07 09:05:12] [INFO] Pesquisando e-mail com termo: 'Bordero_R0490_20260314'
[2026-05-07 09:05:12] [INFO] Busca enviada para termo: Bordero_R0490_20260314
[2026-05-07 09:05:16] [WARNING] Nenhum e-mail encontrado para a data 20260314.
[2026-05-07 09:05:16] [INFO] Pesquisando e-mail com termo: 'Bordero_R0490_20260315'
[2026-05-07 09:05:16] [INFO] Busca enviada para termo: Bordero_R0490_20260315
[2026-05-07 09:05:20] [WARNING] Nenhum e-mail encontrado para a data 20260315.
[2026-05-07 09:05:20] [INFO] Pesquisando e-mail com termo: 'Bordero_R0490_20260320'
[2026-05-07 09:05:20] [INFO] Busca enviada para termo: Bordero_R0490_20260320
[2026-05-07 09:05:24] [WARNING] Nenhum e-mail encontrado para a data 20260320.
[2026-05-07 09:05:24] [INFO] Pesquisando e-mail com termo: 'Bordero_R0490_20260321'
[2026-05-07 09:05:25] [INFO] Busca enviada para termo: Bordero_R0490_20260321
[2026-05-07 09:05:29] [WARNING] Nenhum e-mail encontrado para a data 20260321.
[2026-05-07 09:05:29] [INFO] Pesquisando e-mail com termo: 'Bordero_R0490_20260322'
[2026-05-07 09:05:29] [INFO] Busca enviada para termo: Bordero_R0490_20260322
[2026-05-07 09:05:33] [WARNING] Nenhum e-mail encontrado para a data 20260322.
[2026-05-07 09:05:33] [INFO] Pesquisando e-mail com termo: 'Bordero_R0490_20260324'
[2026-05-07 09:05:33] [INFO] Busca enviada para termo: Bordero_R0490_20260324
[2026-05-07 09:05:37] [WARNING] Nenhum e-mail encontrado para a data 20260324.
[2026-05-07 09:05:37] [INFO] Pesquisando e-mail com termo: 'Bordero_R0490_20260328'
[2026-05-07 09:05:37] [INFO] Busca enviada para termo: Bordero_R0490_20260328
[2026-05-07 09:05:41] [WARNING] Nenhum e-mail encontrado para a data 20260328.
[2026-05-07 09:05:41] [INFO] Pesquisando e-mail com termo: 'Bordero_R0490_20260329'
[2026-05-07 09:05:41] [INFO] Busca enviada para termo: Bordero_R0490_20260329
[2026-05-07 09:05:45] [WARNING] Nenhum e-mail encontrado para a data 20260329.
[2026-05-07 09:05:45] [INFO] Pesquisando e-mail com termo: 'Bordero_R0490_20260401'
[2026-05-07 09:05:46] [INFO] Busca enviada para termo: Bordero_R0490_20260401
[2026-05-07 09:05:50] [WARNING] Nenhum e-mail encontrado para a data 20260401.
[2026-05-07 09:05:50] [INFO] Pesquisando e-mail com termo: 'Bordero_R0490_20260404'
[2026-05-07 09:05:50] [INFO] Busca enviada para termo: Bordero_R0490_20260404
[2026-05-07 09:05:54] [WARNING] Nenhum e-mail encontrado para a data 20260404.
[2026-05-07 09:05:54] [INFO] Pesquisando e-mail com termo: 'Bordero_R0490_20260405'
[2026-05-07 09:05:54] [INFO] Busca enviada para termo: Bordero_R0490_20260405
[2026-05-07 09:05:58] [WARNING] Nenhum e-mail encontrado para a data 20260405.
[2026-05-07 09:05:58] [INFO] Pesquisando e-mail com termo: 'Bordero_R0490_20260407'
[2026-05-07 09:05:58] [INFO] Busca enviada para termo: Bordero_R0490_20260407
[2026-05-07 09:06:02] [WARNING] Nenhum e-mail encontrado para a data 20260407.
[2026-05-07 09:06:02] [INFO] Pesquisando e-mail com termo: 'Bordero_R0490_20260411'
[2026-05-07 09:06:02] [INFO] Busca enviada para termo: Bordero_R0490_20260411
[2026-05-07 09:06:06] [WARNING] Nenhum e-mail encontrado para a data 20260411.
[2026-05-07 09:06:06] [INFO] Pesquisando e-mail com termo: 'Bordero_R0490_20260412'
[2026-05-07 09:06:07] [INFO] Busca enviada para termo: Bordero_R0490_20260412
[2026-05-07 09:06:11] [WARNING] Nenhum e-mail encontrado para a data 20260412.
[2026-05-07 09:06:11] [INFO] Pesquisando e-mail com termo: 'Bordero_R0490_20260417'
[2026-05-07 09:06:11] [INFO] Busca enviada para termo: Bordero_R0490_20260417
[2026-05-07 09:06:15] [WARNING] Nenhum e-mail encontrado para a data 20260417.
[2026-05-07 09:06:15] [INFO] Pesquisando e-mail com termo: 'Bordero_R0490_20260418'
[2026-05-07 09:06:15] [INFO] Busca enviada para termo: Bordero_R0490_20260418
[2026-05-07 09:06:19] [WARNING] Nenhum e-mail encontrado para a data 20260418.
[2026-05-07 09:06:19] [INFO] Pesquisando e-mail com termo: 'Bordero_R0490_20260419'
[2026-05-07 09:06:19] [INFO] Busca enviada para termo: Bordero_R0490_20260419
[2026-05-07 09:06:23] [WARNING] Nenhum e-mail encontrado para a data 20260419.
[2026-05-07 09:06:23] [INFO] Pesquisando e-mail com termo: 'Bordero_R0490_20260425'
[2026-05-07 09:06:23] [INFO] Busca enviada para termo: Bordero_R0490_20260425
[2026-05-07 09:06:27] [WARNING] Nenhum e-mail encontrado para a data 20260425.
[2026-05-07 09:06:27] [INFO] Pesquisando e-mail com termo: 'Bordero_R0490_20260426'
[2026-05-07 09:06:28] [INFO] Busca enviada para termo: Bordero_R0490_20260426
[2026-05-07 09:06:32] [WARNING] Nenhum e-mail encontrado para a data 20260426.
[2026-05-07 09:06:32] [INFO] Pesquisando e-mail com termo: 'Bordero_R0490_20260502'
[2026-05-07 09:06:32] [INFO] Busca enviada para termo: Bordero_R0490_20260502
[2026-05-07 09:06:36] [WARNING] Nenhum e-mail encontrado para a data 20260502.
[2026-05-07 09:06:36] [INFO] Pesquisando e-mail com termo: 'Bordero_R0490_20260503'
[2026-05-07 09:06:36] [INFO] Busca enviada para termo: Bordero_R0490_20260503
[2026-05-07 09:06:40] [WARNING] Nenhum e-mail encontrado para a data 20260503.
[2026-05-07 09:06:40] [INFO] Pesquisando e-mail com termo: 'Bordero_R0490_20260507'
[2026-05-07 09:06:40] [INFO] Busca enviada para termo: Bordero_R0490_20260507
[2026-05-07 09:06:44] [INFO] Clicado no primeiro e-mail da lista (visualização).
[2026-05-07 09:06:47] [INFO] Realizado duplo clique (abrir em nova janela se houver).
[2026-05-07 09:06:47] [INFO] Nova janela com o e-mail foi aberta.
[2026-05-07 09:06:47] [INFO] Link de anexo (a) encontrado.
[2026-05-07 09:06:47] [INFO] Nome real do anexo identificado: Bordero_R0490_20260507_629610.ZIP
[2026-05-07 09:06:47] [INFO] Clique direto no <a> do anexo realizado (estratégia 1).
[2026-05-07 09:06:48] [INFO] Arquivo detectado na pasta de downloads: C:\Users\administrador\Downloads\Bordero_R0490_20260507_629610.ZIP
[2026-05-07 09:06:48] [INFO] Nome normalizado para histórico: Bordero_R0490_20260507.zip
[2026-05-07 09:06:48] [INFO] Arquivo movido de C:\Users\administrador\Downloads\Bordero_R0490_20260507_629610.ZIP para C:\temp\arquivo.zip
[2026-05-07 09:06:49] [INFO] Arquivo extraído com sucesso para: C:\Bordero Credsystem\Extraido
[2026-05-07 09:06:49] [INFO] Arquivo removido (não CSV): C:\Bordero Credsystem\Extraido\Bordero_R0490_L026364_20260507_74873.TXT
[2026-05-07 09:06:49] [INFO] Arquivo removido (não CSV): C:\Bordero Credsystem\Extraido\Bordero_R0490_L026367_20260507_74875.TXT
[2026-05-07 09:06:49] [INFO] Arquivo removido (não CSV): C:\Bordero Credsystem\Extraido\Bordero_R0490_L026380_20260507_74877.TXT
[2026-05-07 09:06:49] [INFO] Arquivo removido (não CSV): C:\Bordero Credsystem\Extraido\Bordero_R0490_L026384_20260507_74879.TXT
[2026-05-07 09:06:49] [INFO] Arquivo removido (não CSV): C:\Bordero Credsystem\Extraido\Bordero_R0490_L026385_20260507_74881.TXT
[2026-05-07 09:06:49] [INFO] Arquivo removido (não CSV): C:\Bordero Credsystem\Extraido\Bordero_R0490_L026408_20260507_74884.TXT
[2026-05-07 09:06:49] [INFO] Arquivo removido (não CSV): C:\Bordero Credsystem\Extraido\Bordero_R0490_L026409_20260507_74886.TXT
[2026-05-07 09:06:49] [INFO] Arquivo removido (não CSV): C:\Bordero Credsystem\Extraido\Bordero_R0490_L026413_20260507_74888.TXT
[2026-05-07 09:06:49] [INFO] Arquivo removido (não CSV): C:\Bordero Credsystem\Extraido\Bordero_R0490_L026414_20260507_74890.TXT
[2026-05-07 09:06:49] [INFO] Arquivo removido (não CSV): C:\Bordero Credsystem\Extraido\Bordero_R0490_L026417_20260507_74892.TXT
[2026-05-07 09:06:49] [INFO] Arquivo removido (não CSV): C:\Bordero Credsystem\Extraido\Bordero_R0490_L026422_20260507_74894.TXT
[2026-05-07 09:06:49] [INFO] Arquivo removido (não CSV): C:\Bordero Credsystem\Extraido\Bordero_R0490_L027095_20260507_74929.TXT
[2026-05-07 09:06:49] [INFO] Arquivo removido (não CSV): C:\Bordero Credsystem\Extraido\Bordero_R0490_L028960_20260507_74968.TXT
[2026-05-07 09:06:49] [INFO] Arquivo removido (não CSV): C:\Bordero Credsystem\Extraido\Bordero_R0490_L029748_20260507_74997.TXT
[2026-05-07 09:06:49] [INFO] Arquivo removido (não CSV): C:\Bordero Credsystem\Extraido\Bordero_R0490_L030439_20260507_75082.TXT
[2026-05-07 09:06:49] [INFO] Arquivo removido (não CSV): C:\Bordero Credsystem\Extraido\Bordero_R0490_L031321_20260507_75311.TXT
[2026-05-07 09:06:49] [INFO] Arquivo removido (não CSV): C:\Bordero Credsystem\Extraido\Bordero_R0490_L031386_20260507_75315.TXT
[2026-05-07 09:06:49] [INFO] Arquivo removido (não CSV): C:\Bordero Credsystem\Extraido\Bordero_R0490_L033116_20260507_76240.TXT
[2026-05-07 09:06:49] [INFO] Arquivo ZIP removido após extração: C:\temp\arquivo.zip
[2026-05-07 09:06:49] [INFO] Arquivo da data 20260507 processado com sucesso e histórico atualizado.
[2026-05-07 09:06:51] [INFO] Navegador encerrado.
[2026-05-15 14:22:56] [INFO] ====================================================================================================
[2026-05-15 14:22:56] [INFO]                          INICIANDO RPA PARA DOWNLOAD DE BORDERO NO WEBMAIL
[2026-05-15 14:22:56] [INFO]                                 Autor: John Kennedy | Versão: 1.0.3                                 
[2026-05-15 14:22:56] [INFO] ====================================================================================================
[2026-05-15 14:22:56] [INFO] Datas pendentes para buscar: 20250821, 20250823, 20250824, 20250830, 20250831, 20250906, 20250907, 20250913, 20250914, 20250920, 20250921, 20250927, 20250928, 20251004, 20251005, 20251011, 20251012, 20251018, 20251019, 20251022, 20251025, 20251026, 20251101, 20251102, 20251106, 20251108, 20251109, 20251115, 20251116, 20251122, 20251123, 20251124, 20251129, 20251130, 20251206, 20251207, 20251211, 20251213, 20251214, 20251217, 20251218, 20251220, 20251221, 20251227, 20251228, 20260103, 20260104, 20260110, 20260111, 20260117, 20260118, 20260124, 20260125, 20260131, 20260201, 20260202, 20260203, 20260207, 20260208, 20260214, 20260215, 20260220, 20260221, 20260222, 20260228, 20260301, 20260307, 20260308, 20260314, 20260315, 20260320, 20260321, 20260322, 20260324, 20260328, 20260329, 20260401, 20260404, 20260405, 20260407, 20260411, 20260412, 20260417, 20260418, 20260419, 20260425, 20260426, 20260502, 20260503, 20260508, 20260509, 20260510, 20260511, 20260512, 20260513, 20260514, 20260515
[2026-05-15 14:22:58] [INFO] Page.setDownloadBehavior configurado para: C:\Users\administrador\Downloads
[2026-05-15 14:22:58] [INFO] Chrome iniciado.
[2026-05-15 14:23:07] [INFO] Login realizado.
[2026-05-15 14:23:12] [INFO] Pesquisando e-mail com termo: 'Bordero_R0490_20250821'
[2026-05-15 14:23:12] [INFO] Busca enviada para termo: Bordero_R0490_20250821
[2026-05-15 14:23:16] [WARNING] Nenhum e-mail encontrado para a data 20250821.
[2026-05-15 14:23:16] [INFO] Pesquisando e-mail com termo: 'Bordero_R0490_20250823'
[2026-05-15 14:23:17] [INFO] Busca enviada para termo: Bordero_R0490_20250823
[2026-05-15 14:23:21] [WARNING] Nenhum e-mail encontrado para a data 20250823.
[2026-05-15 14:23:21] [INFO] Pesquisando e-mail com termo: 'Bordero_R0490_20250824'
[2026-05-15 14:23:21] [INFO] Busca enviada para termo: Bordero_R0490_20250824
[2026-05-15 14:23:25] [WARNING] Nenhum e-mail encontrado para a data 20250824.
[2026-05-15 14:23:25] [INFO] Pesquisando e-mail com termo: 'Bordero_R0490_20250830'
[2026-05-15 14:23:25] [INFO] Busca enviada para termo: Bordero_R0490_20250830
[2026-05-15 14:23:29] [WARNING] Nenhum e-mail encontrado para a data 20250830.
[2026-05-15 14:23:29] [INFO] Pesquisando e-mail com termo: 'Bordero_R0490_20250831'
[2026-05-15 14:23:29] [INFO] Busca enviada para termo: Bordero_R0490_20250831
[2026-05-15 14:23:33] [WARNING] Nenhum e-mail encontrado para a data 20250831.
[2026-05-15 14:23:33] [INFO] Pesquisando e-mail com termo: 'Bordero_R0490_20250906'
[2026-05-15 14:23:34] [INFO] Busca enviada para termo: Bordero_R0490_20250906
[2026-05-15 14:23:38] [WARNING] Nenhum e-mail encontrado para a data 20250906.
[2026-05-15 14:23:38] [INFO] Pesquisando e-mail com termo: 'Bordero_R0490_20250907'
[2026-05-15 14:23:38] [INFO] Busca enviada para termo: Bordero_R0490_20250907
[2026-05-15 14:23:42] [WARNING] Nenhum e-mail encontrado para a data 20250907.
[2026-05-15 14:23:42] [INFO] Pesquisando e-mail com termo: 'Bordero_R0490_20250913'
[2026-05-15 14:23:42] [INFO] Busca enviada para termo: Bordero_R0490_20250913
[2026-05-15 14:23:46] [WARNING] Nenhum e-mail encontrado para a data 20250913.
[2026-05-15 14:23:46] [INFO] Pesquisando e-mail com termo: 'Bordero_R0490_20250914'
[2026-05-15 14:23:46] [INFO] Busca enviada para termo: Bordero_R0490_20250914
[2026-05-15 14:23:50] [WARNING] Nenhum e-mail encontrado para a data 20250914.
[2026-05-15 14:23:50] [INFO] Pesquisando e-mail com termo: 'Bordero_R0490_20250920'
[2026-05-15 14:23:50] [INFO] Busca enviada para termo: Bordero_R0490_20250920
[2026-05-15 14:23:54] [WARNING] Nenhum e-mail encontrado para a data 20250920.
[2026-05-15 14:23:54] [INFO] Pesquisando e-mail com termo: 'Bordero_R0490_20250921'
[2026-05-15 14:23:55] [INFO] Busca enviada para termo: Bordero_R0490_20250921
[2026-05-15 14:23:59] [WARNING] Nenhum e-mail encontrado para a data 20250921.
[2026-05-15 14:23:59] [INFO] Pesquisando e-mail com termo: 'Bordero_R0490_20250927'
[2026-05-15 14:23:59] [INFO] Busca enviada para termo: Bordero_R0490_20250927
[2026-05-15 14:24:03] [WARNING] Nenhum e-mail encontrado para a data 20250927.
[2026-05-15 14:24:03] [INFO] Pesquisando e-mail com termo: 'Bordero_R0490_20250928'
[2026-05-15 14:24:03] [INFO] Busca enviada para termo: Bordero_R0490_20250928
[2026-05-15 14:24:07] [WARNING] Nenhum e-mail encontrado para a data 20250928.
[2026-05-15 14:24:07] [INFO] Pesquisando e-mail com termo: 'Bordero_R0490_20251004'
[2026-05-15 14:24:07] [INFO] Busca enviada para termo: Bordero_R0490_20251004
[2026-05-15 14:24:11] [WARNING] Nenhum e-mail encontrado para a data 20251004.
[2026-05-15 14:24:11] [INFO] Pesquisando e-mail com termo: 'Bordero_R0490_20251005'
[2026-05-15 14:24:11] [INFO] Busca enviada para termo: Bordero_R0490_20251005
[2026-05-15 14:24:15] [WARNING] Nenhum e-mail encontrado para a data 20251005.
[2026-05-15 14:24:15] [INFO] Pesquisando e-mail com termo: 'Bordero_R0490_20251011'
[2026-05-15 14:24:16] [INFO] Busca enviada para termo: Bordero_R0490_20251011
[2026-05-15 14:24:20] [WARNING] Nenhum e-mail encontrado para a data 20251011.
[2026-05-15 14:24:20] [INFO] Pesquisando e-mail com termo: 'Bordero_R0490_20251012'
[2026-05-15 14:24:20] [INFO] Busca enviada para termo: Bordero_R0490_20251012
[2026-05-15 14:24:24] [WARNING] Nenhum e-mail encontrado para a data 20251012.
[2026-05-15 14:24:24] [INFO] Pesquisando e-mail com termo: 'Bordero_R0490_20251018'
[2026-05-15 14:24:24] [INFO] Busca enviada para termo: Bordero_R0490_20251018
[2026-05-15 14:24:28] [WARNING] Nenhum e-mail encontrado para a data 20251018.
[2026-05-15 14:24:28] [INFO] Pesquisando e-mail com termo: 'Bordero_R0490_20251019'
[2026-05-15 14:24:28] [INFO] Busca enviada para termo: Bordero_R0490_20251019
[2026-05-15 14:24:32] [WARNING] Nenhum e-mail encontrado para a data 20251019.
[2026-05-15 14:24:32] [INFO] Pesquisando e-mail com termo: 'Bordero_R0490_20251022'
[2026-05-15 14:24:32] [INFO] Busca enviada para termo: Bordero_R0490_20251022
[2026-05-15 14:24:36] [WARNING] Nenhum e-mail encontrado para a data 20251022.
[2026-05-15 14:24:36] [INFO] Pesquisando e-mail com termo: 'Bordero_R0490_20251025'
[2026-05-15 14:24:37] [INFO] Busca enviada para termo: Bordero_R0490_20251025
[2026-05-15 14:24:41] [WARNING] Nenhum e-mail encontrado para a data 20251025.
[2026-05-15 14:24:41] [INFO] Pesquisando e-mail com termo: 'Bordero_R0490_20251026'
[2026-05-15 14:24:41] [INFO] Busca enviada para termo: Bordero_R0490_20251026
[2026-05-15 14:24:45] [WARNING] Nenhum e-mail encontrado para a data 20251026.
[2026-05-15 14:24:45] [INFO] Pesquisando e-mail com termo: 'Bordero_R0490_20251101'
[2026-05-15 14:24:45] [INFO] Busca enviada para termo: Bordero_R0490_20251101
[2026-05-15 14:24:49] [WARNING] Nenhum e-mail encontrado para a data 20251101.
[2026-05-15 14:24:49] [INFO] Pesquisando e-mail com termo: 'Bordero_R0490_20251102'
[2026-05-15 14:24:49] [INFO] Busca enviada para termo: Bordero_R0490_20251102
[2026-05-15 14:24:53] [WARNING] Nenhum e-mail encontrado para a data 20251102.
[2026-05-15 14:24:53] [INFO] Pesquisando e-mail com termo: 'Bordero_R0490_20251106'
[2026-05-15 14:24:53] [INFO] Busca enviada para termo: Bordero_R0490_20251106
[2026-05-15 14:24:57] [WARNING] Nenhum e-mail encontrado para a data 20251106.
[2026-05-15 14:24:57] [INFO] Pesquisando e-mail com termo: 'Bordero_R0490_20251108'
[2026-05-15 14:24:58] [INFO] Busca enviada para termo: Bordero_R0490_20251108
[2026-05-15 14:25:02] [WARNING] Nenhum e-mail encontrado para a data 20251108.
[2026-05-15 14:25:02] [INFO] Pesquisando e-mail com termo: 'Bordero_R0490_20251109'
[2026-05-15 14:25:02] [INFO] Busca enviada para termo: Bordero_R0490_20251109
[2026-05-15 14:25:06] [WARNING] Nenhum e-mail encontrado para a data 20251109.
[2026-05-15 14:25:06] [INFO] Pesquisando e-mail com termo: 'Bordero_R0490_20251115'
[2026-05-15 14:25:06] [INFO] Busca enviada para termo: Bordero_R0490_20251115
[2026-05-15 14:25:10] [WARNING] Nenhum e-mail encontrado para a data 20251115.
[2026-05-15 14:25:10] [INFO] Pesquisando e-mail com termo: 'Bordero_R0490_20251116'
[2026-05-15 14:25:10] [INFO] Busca enviada para termo: Bordero_R0490_20251116
[2026-05-15 14:25:14] [WARNING] Nenhum e-mail encontrado para a data 20251116.
[2026-05-15 14:25:14] [INFO] Pesquisando e-mail com termo: 'Bordero_R0490_20251122'
[2026-05-15 14:25:14] [INFO] Busca enviada para termo: Bordero_R0490_20251122
[2026-05-15 14:25:18] [WARNING] Nenhum e-mail encontrado para a data 20251122.
[2026-05-15 14:25:18] [INFO] Pesquisando e-mail com termo: 'Bordero_R0490_20251123'
[2026-05-15 14:25:18] [INFO] Busca enviada para termo: Bordero_R0490_20251123
[2026-05-15 14:25:23] [WARNING] Nenhum e-mail encontrado para a data 20251123.
[2026-05-15 14:25:23] [INFO] Pesquisando e-mail com termo: 'Bordero_R0490_20251124'
[2026-05-15 14:25:23] [INFO] Busca enviada para termo: Bordero_R0490_20251124
[2026-05-15 14:25:27] [WARNING] Nenhum e-mail encontrado para a data 20251124.
[2026-05-15 14:25:27] [INFO] Pesquisando e-mail com termo: 'Bordero_R0490_20251129'
[2026-05-15 14:25:27] [INFO] Busca enviada para termo: Bordero_R0490_20251129
[2026-05-15 14:25:31] [WARNING] Nenhum e-mail encontrado para a data 20251129.
[2026-05-15 14:25:31] [INFO] Pesquisando e-mail com termo: 'Bordero_R0490_20251130'
[2026-05-15 14:25:31] [INFO] Busca enviada para termo: Bordero_R0490_20251130
[2026-05-15 14:25:35] [WARNING] Nenhum e-mail encontrado para a data 20251130.
[2026-05-15 14:25:35] [INFO] Pesquisando e-mail com termo: 'Bordero_R0490_20251206'
[2026-05-15 14:25:35] [INFO] Busca enviada para termo: Bordero_R0490_20251206
[2026-05-15 14:25:39] [WARNING] Nenhum e-mail encontrado para a data 20251206.
[2026-05-15 14:25:39] [INFO] Pesquisando e-mail com termo: 'Bordero_R0490_20251207'
[2026-05-15 14:25:39] [INFO] Busca enviada para termo: Bordero_R0490_20251207
[2026-05-15 14:25:43] [WARNING] Nenhum e-mail encontrado para a data 20251207.
[2026-05-15 14:25:43] [INFO] Pesquisando e-mail com termo: 'Bordero_R0490_20251211'
[2026-05-15 14:25:44] [INFO] Busca enviada para termo: Bordero_R0490_20251211
[2026-05-15 14:25:48] [WARNING] Nenhum e-mail encontrado para a data 20251211.
[2026-05-15 14:25:48] [INFO] Pesquisando e-mail com termo: 'Bordero_R0490_20251213'
[2026-05-15 14:25:48] [INFO] Busca enviada para termo: Bordero_R0490_20251213
[2026-05-15 14:25:52] [WARNING] Nenhum e-mail encontrado para a data 20251213.
[2026-05-15 14:25:52] [INFO] Pesquisando e-mail com termo: 'Bordero_R0490_20251214'
[2026-05-15 14:25:52] [INFO] Busca enviada para termo: Bordero_R0490_20251214
[2026-05-15 14:25:56] [WARNING] Nenhum e-mail encontrado para a data 20251214.
[2026-05-15 14:25:56] [INFO] Pesquisando e-mail com termo: 'Bordero_R0490_20251217'
[2026-05-15 14:25:56] [INFO] Busca enviada para termo: Bordero_R0490_20251217
[2026-05-15 14:26:00] [WARNING] Nenhum e-mail encontrado para a data 20251217.
[2026-05-15 14:26:00] [INFO] Pesquisando e-mail com termo: 'Bordero_R0490_20251218'
[2026-05-15 14:26:00] [INFO] Busca enviada para termo: Bordero_R0490_20251218
[2026-05-15 14:26:04] [WARNING] Nenhum e-mail encontrado para a data 20251218.
[2026-05-15 14:26:04] [INFO] Pesquisando e-mail com termo: 'Bordero_R0490_20251220'
[2026-05-15 14:26:05] [INFO] Busca enviada para termo: Bordero_R0490_20251220
[2026-05-15 14:26:09] [WARNING] Nenhum e-mail encontrado para a data 20251220.
[2026-05-15 14:26:09] [INFO] Pesquisando e-mail com termo: 'Bordero_R0490_20251221'
[2026-05-15 14:26:09] [INFO] Busca enviada para termo: Bordero_R0490_20251221
[2026-05-15 14:26:13] [WARNING] Nenhum e-mail encontrado para a data 20251221.
[2026-05-15 14:26:13] [INFO] Pesquisando e-mail com termo: 'Bordero_R0490_20251227'
[2026-05-15 14:26:13] [INFO] Busca enviada para termo: Bordero_R0490_20251227
[2026-05-15 14:26:17] [WARNING] Nenhum e-mail encontrado para a data 20251227.
[2026-05-15 14:26:17] [INFO] Pesquisando e-mail com termo: 'Bordero_R0490_20251228'
[2026-05-15 14:26:17] [INFO] Busca enviada para termo: Bordero_R0490_20251228
[2026-05-15 14:26:21] [WARNING] Nenhum e-mail encontrado para a data 20251228.
[2026-05-15 14:26:21] [INFO] Pesquisando e-mail com termo: 'Bordero_R0490_20260103'
[2026-05-15 14:26:21] [INFO] Busca enviada para termo: Bordero_R0490_20260103
[2026-05-15 14:26:25] [WARNING] Nenhum e-mail encontrado para a data 20260103.
[2026-05-15 14:26:25] [INFO] Pesquisando e-mail com termo: 'Bordero_R0490_20260104'
[2026-05-15 14:26:26] [INFO] Busca enviada para termo: Bordero_R0490_20260104
[2026-05-15 14:26:30] [WARNING] Nenhum e-mail encontrado para a data 20260104.
[2026-05-15 14:26:30] [INFO] Pesquisando e-mail com termo: 'Bordero_R0490_20260110'
[2026-05-15 14:26:30] [INFO] Busca enviada para termo: Bordero_R0490_20260110
[2026-05-15 14:26:34] [WARNING] Nenhum e-mail encontrado para a data 20260110.
[2026-05-15 14:26:34] [INFO] Pesquisando e-mail com termo: 'Bordero_R0490_20260111'
[2026-05-15 14:26:34] [INFO] Busca enviada para termo: Bordero_R0490_20260111
[2026-05-15 14:26:38] [WARNING] Nenhum e-mail encontrado para a data 20260111.
[2026-05-15 14:26:38] [INFO] Pesquisando e-mail com termo: 'Bordero_R0490_20260117'
[2026-05-15 14:26:38] [INFO] Busca enviada para termo: Bordero_R0490_20260117
[2026-05-15 14:26:42] [WARNING] Nenhum e-mail encontrado para a data 20260117.
[2026-05-15 14:26:42] [INFO] Pesquisando e-mail com termo: 'Bordero_R0490_20260118'
[2026-05-15 14:26:42] [INFO] Busca enviada para termo: Bordero_R0490_20260118
[2026-05-15 14:26:46] [WARNING] Nenhum e-mail encontrado para a data 20260118.
[2026-05-15 14:26:46] [INFO] Pesquisando e-mail com termo: 'Bordero_R0490_20260124'
[2026-05-15 14:26:47] [INFO] Busca enviada para termo: Bordero_R0490_20260124
[2026-05-15 14:26:51] [WARNING] Nenhum e-mail encontrado para a data 20260124.
[2026-05-15 14:26:51] [INFO] Pesquisando e-mail com termo: 'Bordero_R0490_20260125'
[2026-05-15 14:26:51] [INFO] Busca enviada para termo: Bordero_R0490_20260125
[2026-05-15 14:26:55] [WARNING] Nenhum e-mail encontrado para a data 20260125.
[2026-05-15 14:26:55] [INFO] Pesquisando e-mail com termo: 'Bordero_R0490_20260131'
[2026-05-15 14:26:55] [INFO] Busca enviada para termo: Bordero_R0490_20260131
[2026-05-15 14:26:59] [WARNING] Nenhum e-mail encontrado para a data 20260131.
[2026-05-15 14:26:59] [INFO] Pesquisando e-mail com termo: 'Bordero_R0490_20260201'
[2026-05-15 14:26:59] [INFO] Busca enviada para termo: Bordero_R0490_20260201
[2026-05-15 14:27:03] [WARNING] Nenhum e-mail encontrado para a data 20260201.
[2026-05-15 14:27:03] [INFO] Pesquisando e-mail com termo: 'Bordero_R0490_20260202'
[2026-05-15 14:27:03] [INFO] Busca enviada para termo: Bordero_R0490_20260202
[2026-05-15 14:27:07] [WARNING] Nenhum e-mail encontrado para a data 20260202.
[2026-05-15 14:27:07] [INFO] Pesquisando e-mail com termo: 'Bordero_R0490_20260203'
[2026-05-15 14:27:08] [INFO] Busca enviada para termo: Bordero_R0490_20260203
[2026-05-15 14:27:12] [WARNING] Nenhum e-mail encontrado para a data 20260203.
[2026-05-15 14:27:12] [INFO] Pesquisando e-mail com termo: 'Bordero_R0490_20260207'
[2026-05-15 14:27:12] [INFO] Busca enviada para termo: Bordero_R0490_20260207
[2026-05-15 14:27:16] [WARNING] Nenhum e-mail encontrado para a data 20260207.
[2026-05-15 14:27:16] [INFO] Pesquisando e-mail com termo: 'Bordero_R0490_20260208'
[2026-05-15 14:27:16] [INFO] Busca enviada para termo: Bordero_R0490_20260208
[2026-05-15 14:27:20] [WARNING] Nenhum e-mail encontrado para a data 20260208.
[2026-05-15 14:27:20] [INFO] Pesquisando e-mail com termo: 'Bordero_R0490_20260214'
[2026-05-15 14:27:20] [INFO] Busca enviada para termo: Bordero_R0490_20260214
[2026-05-15 14:27:24] [WARNING] Nenhum e-mail encontrado para a data 20260214.
[2026-05-15 14:27:24] [INFO] Pesquisando e-mail com termo: 'Bordero_R0490_20260215'
[2026-05-15 14:27:24] [INFO] Busca enviada para termo: Bordero_R0490_20260215
[2026-05-15 14:27:28] [WARNING] Nenhum e-mail encontrado para a data 20260215.
[2026-05-15 14:27:28] [INFO] Pesquisando e-mail com termo: 'Bordero_R0490_20260220'
[2026-05-15 14:27:29] [INFO] Busca enviada para termo: Bordero_R0490_20260220
[2026-05-15 14:27:33] [WARNING] Nenhum e-mail encontrado para a data 20260220.
[2026-05-15 14:27:33] [INFO] Pesquisando e-mail com termo: 'Bordero_R0490_20260221'
[2026-05-15 14:27:33] [INFO] Busca enviada para termo: Bordero_R0490_20260221
[2026-05-15 14:27:37] [WARNING] Nenhum e-mail encontrado para a data 20260221.
[2026-05-15 14:27:37] [INFO] Pesquisando e-mail com termo: 'Bordero_R0490_20260222'
[2026-05-15 14:27:37] [INFO] Busca enviada para termo: Bordero_R0490_20260222
[2026-05-15 14:27:41] [WARNING] Nenhum e-mail encontrado para a data 20260222.
[2026-05-15 14:27:41] [INFO] Pesquisando e-mail com termo: 'Bordero_R0490_20260228'
[2026-05-15 14:27:41] [INFO] Busca enviada para termo: Bordero_R0490_20260228
[2026-05-15 14:27:45] [WARNING] Nenhum e-mail encontrado para a data 20260228.
[2026-05-15 14:27:45] [INFO] Pesquisando e-mail com termo: 'Bordero_R0490_20260301'
[2026-05-15 14:27:45] [INFO] Busca enviada para termo: Bordero_R0490_20260301
[2026-05-15 14:27:50] [WARNING] Nenhum e-mail encontrado para a data 20260301.
[2026-05-15 14:27:50] [INFO] Pesquisando e-mail com termo: 'Bordero_R0490_20260307'
[2026-05-15 14:27:50] [INFO] Busca enviada para termo: Bordero_R0490_20260307
[2026-05-15 14:27:54] [WARNING] Nenhum e-mail encontrado para a data 20260307.
[2026-05-15 14:27:54] [INFO] Pesquisando e-mail com termo: 'Bordero_R0490_20260308'
[2026-05-15 14:27:54] [INFO] Busca enviada para termo: Bordero_R0490_20260308
[2026-05-15 14:27:58] [WARNING] Nenhum e-mail encontrado para a data 20260308.
[2026-05-15 14:27:58] [INFO] Pesquisando e-mail com termo: 'Bordero_R0490_20260314'
[2026-05-15 14:27:58] [INFO] Busca enviada para termo: Bordero_R0490_20260314
[2026-05-15 14:28:02] [WARNING] Nenhum e-mail encontrado para a data 20260314.
[2026-05-15 14:28:02] [INFO] Pesquisando e-mail com termo: 'Bordero_R0490_20260315'
[2026-05-15 14:28:02] [INFO] Busca enviada para termo: Bordero_R0490_20260315
[2026-05-15 14:28:06] [WARNING] Nenhum e-mail encontrado para a data 20260315.
[2026-05-15 14:28:06] [INFO] Pesquisando e-mail com termo: 'Bordero_R0490_20260320'
[2026-05-15 14:28:07] [INFO] Busca enviada para termo: Bordero_R0490_20260320
[2026-05-15 14:28:11] [WARNING] Nenhum e-mail encontrado para a data 20260320.
[2026-05-15 14:28:11] [INFO] Pesquisando e-mail com termo: 'Bordero_R0490_20260321'
[2026-05-15 14:28:11] [INFO] Busca enviada para termo: Bordero_R0490_20260321
[2026-05-15 14:28:15] [WARNING] Nenhum e-mail encontrado para a data 20260321.
[2026-05-15 14:28:15] [INFO] Pesquisando e-mail com termo: 'Bordero_R0490_20260322'
[2026-05-15 14:28:15] [INFO] Busca enviada para termo: Bordero_R0490_20260322
[2026-05-15 14:28:19] [WARNING] Nenhum e-mail encontrado para a data 20260322.
[2026-05-15 14:28:19] [INFO] Pesquisando e-mail com termo: 'Bordero_R0490_20260324'
[2026-05-15 14:28:19] [INFO] Busca enviada para termo: Bordero_R0490_20260324
[2026-05-15 14:28:23] [WARNING] Nenhum e-mail encontrado para a data 20260324.
[2026-05-15 14:28:23] [INFO] Pesquisando e-mail com termo: 'Bordero_R0490_20260328'
[2026-05-15 14:28:23] [INFO] Busca enviada para termo: Bordero_R0490_20260328
[2026-05-15 14:28:27] [WARNING] Nenhum e-mail encontrado para a data 20260328.
[2026-05-15 14:28:27] [INFO] Pesquisando e-mail com termo: 'Bordero_R0490_20260329'
[2026-05-15 14:28:28] [INFO] Busca enviada para termo: Bordero_R0490_20260329
[2026-05-15 14:28:32] [WARNING] Nenhum e-mail encontrado para a data 20260329.
[2026-05-15 14:28:32] [INFO] Pesquisando e-mail com termo: 'Bordero_R0490_20260401'
[2026-05-15 14:28:32] [INFO] Busca enviada para termo: Bordero_R0490_20260401
[2026-05-15 14:28:36] [WARNING] Nenhum e-mail encontrado para a data 20260401.
[2026-05-15 14:28:36] [INFO] Pesquisando e-mail com termo: 'Bordero_R0490_20260404'
[2026-05-15 14:28:36] [INFO] Busca enviada para termo: Bordero_R0490_20260404
[2026-05-15 14:28:40] [WARNING] Nenhum e-mail encontrado para a data 20260404.
[2026-05-15 14:28:40] [INFO] Pesquisando e-mail com termo: 'Bordero_R0490_20260405'
[2026-05-15 14:28:40] [INFO] Busca enviada para termo: Bordero_R0490_20260405
[2026-05-15 14:28:44] [WARNING] Nenhum e-mail encontrado para a data 20260405.
[2026-05-15 14:28:44] [INFO] Pesquisando e-mail com termo: 'Bordero_R0490_20260407'
[2026-05-15 14:28:45] [INFO] Busca enviada para termo: Bordero_R0490_20260407
[2026-05-15 14:28:49] [WARNING] Nenhum e-mail encontrado para a data 20260407.
[2026-05-15 14:28:49] [INFO] Pesquisando e-mail com termo: 'Bordero_R0490_20260411'
[2026-05-15 14:28:49] [INFO] Busca enviada para termo: Bordero_R0490_20260411
[2026-05-15 14:28:53] [WARNING] Nenhum e-mail encontrado para a data 20260411.
[2026-05-15 14:28:53] [INFO] Pesquisando e-mail com termo: 'Bordero_R0490_20260412'
[2026-05-15 14:28:53] [INFO] Busca enviada para termo: Bordero_R0490_20260412
[2026-05-15 14:28:57] [WARNING] Nenhum e-mail encontrado para a data 20260412.
[2026-05-15 14:28:57] [INFO] Pesquisando e-mail com termo: 'Bordero_R0490_20260417'
[2026-05-15 14:28:57] [INFO] Busca enviada para termo: Bordero_R0490_20260417
[2026-05-15 14:29:01] [WARNING] Nenhum e-mail encontrado para a data 20260417.
[2026-05-15 14:29:01] [INFO] Pesquisando e-mail com termo: 'Bordero_R0490_20260418'
[2026-05-15 14:29:01] [INFO] Busca enviada para termo: Bordero_R0490_20260418
[2026-05-15 14:29:05] [WARNING] Nenhum e-mail encontrado para a data 20260418.
[2026-05-15 14:29:05] [INFO] Pesquisando e-mail com termo: 'Bordero_R0490_20260419'
[2026-05-15 14:29:06] [INFO] Busca enviada para termo: Bordero_R0490_20260419
[2026-05-15 14:29:10] [WARNING] Nenhum e-mail encontrado para a data 20260419.
[2026-05-15 14:29:10] [INFO] Pesquisando e-mail com termo: 'Bordero_R0490_20260425'
[2026-05-15 14:29:10] [INFO] Busca enviada para termo: Bordero_R0490_20260425
[2026-05-15 14:29:14] [WARNING] Nenhum e-mail encontrado para a data 20260425.
[2026-05-15 14:29:14] [INFO] Pesquisando e-mail com termo: 'Bordero_R0490_20260426'
[2026-05-15 14:29:14] [INFO] Busca enviada para termo: Bordero_R0490_20260426
[2026-05-15 14:29:18] [WARNING] Nenhum e-mail encontrado para a data 20260426.
[2026-05-15 14:29:18] [INFO] Pesquisando e-mail com termo: 'Bordero_R0490_20260502'
[2026-05-15 14:29:18] [INFO] Busca enviada para termo: Bordero_R0490_20260502
[2026-05-15 14:29:22] [WARNING] Nenhum e-mail encontrado para a data 20260502.
[2026-05-15 14:29:22] [INFO] Pesquisando e-mail com termo: 'Bordero_R0490_20260503'
[2026-05-15 14:29:22] [INFO] Busca enviada para termo: Bordero_R0490_20260503
[2026-05-15 14:29:26] [WARNING] Nenhum e-mail encontrado para a data 20260503.
[2026-05-15 14:29:26] [INFO] Pesquisando e-mail com termo: 'Bordero_R0490_20260508'
[2026-05-15 14:29:27] [INFO] Busca enviada para termo: Bordero_R0490_20260508
[2026-05-15 14:29:31] [INFO] Clicado no primeiro e-mail da lista (visualização).
[2026-05-15 14:29:33] [INFO] Realizado duplo clique (abrir em nova janela se houver).
[2026-05-15 14:29:33] [INFO] Nova janela com o e-mail foi aberta.
[2026-05-15 14:29:34] [INFO] Link de anexo (a) encontrado.
[2026-05-15 14:29:34] [INFO] Nome real do anexo identificado: Bordero_R0490_20260508_636856.ZIP
[2026-05-15 14:29:34] [INFO] Clique direto no <a> do anexo realizado (estratégia 1).
[2026-05-15 14:29:35] [INFO] Arquivo detectado na pasta de downloads: C:\Users\administrador\Downloads\Bordero_R0490_20260508_636856.ZIP
[2026-05-15 14:29:35] [INFO] Nome normalizado para histórico: Bordero_R0490_20260508.zip
[2026-05-15 14:29:35] [INFO] Arquivo movido de C:\Users\administrador\Downloads\Bordero_R0490_20260508_636856.ZIP para C:\temp\arquivo.zip
[2026-05-15 14:29:35] [INFO] Arquivo extraído com sucesso para: C:\Bordero Credsystem\Extraido
[2026-05-15 14:29:35] [INFO] Arquivo removido (não CSV): C:\Bordero Credsystem\Extraido\Bordero_R0490_L026364_20260508_81958.TXT
[2026-05-15 14:29:35] [INFO] Arquivo removido (não CSV): C:\Bordero Credsystem\Extraido\Bordero_R0490_L026367_20260508_81960.TXT
[2026-05-15 14:29:35] [INFO] Arquivo removido (não CSV): C:\Bordero Credsystem\Extraido\Bordero_R0490_L026380_20260508_81962.TXT
[2026-05-15 14:29:35] [INFO] Arquivo removido (não CSV): C:\Bordero Credsystem\Extraido\Bordero_R0490_L026384_20260508_81964.TXT
[2026-05-15 14:29:35] [INFO] Arquivo removido (não CSV): C:\Bordero Credsystem\Extraido\Bordero_R0490_L026385_20260508_81966.TXT
[2026-05-15 14:29:35] [INFO] Arquivo removido (não CSV): C:\Bordero Credsystem\Extraido\Bordero_R0490_L026408_20260508_81968.TXT
[2026-05-15 14:29:35] [INFO] Arquivo removido (não CSV): C:\Bordero Credsystem\Extraido\Bordero_R0490_L026409_20260508_81970.TXT
[2026-05-15 14:29:35] [INFO] Arquivo removido (não CSV): C:\Bordero Credsystem\Extraido\Bordero_R0490_L026413_20260508_81972.TXT
[2026-05-15 14:29:35] [INFO] Arquivo removido (não CSV): C:\Bordero Credsystem\Extraido\Bordero_R0490_L026414_20260508_81974.TXT
[2026-05-15 14:29:35] [INFO] Arquivo removido (não CSV): C:\Bordero Credsystem\Extraido\Bordero_R0490_L026417_20260508_81977.TXT
[2026-05-15 14:29:35] [INFO] Arquivo removido (não CSV): C:\Bordero Credsystem\Extraido\Bordero_R0490_L026422_20260508_81979.TXT
[2026-05-15 14:29:35] [INFO] Arquivo removido (não CSV): C:\Bordero Credsystem\Extraido\Bordero_R0490_L027095_20260508_82016.TXT
[2026-05-15 14:29:35] [INFO] Arquivo removido (não CSV): C:\Bordero Credsystem\Extraido\Bordero_R0490_L028960_20260508_82059.TXT
[2026-05-15 14:29:35] [INFO] Arquivo removido (não CSV): C:\Bordero Credsystem\Extraido\Bordero_R0490_L029748_20260508_82097.TXT
[2026-05-15 14:29:35] [INFO] Arquivo removido (não CSV): C:\Bordero Credsystem\Extraido\Bordero_R0490_L030439_20260508_82198.TXT
[2026-05-15 14:29:35] [INFO] Arquivo removido (não CSV): C:\Bordero Credsystem\Extraido\Bordero_R0490_L031321_20260508_82470.TXT
[2026-05-15 14:29:35] [INFO] Arquivo removido (não CSV): C:\Bordero Credsystem\Extraido\Bordero_R0490_L031386_20260508_82474.TXT
[2026-05-15 14:29:35] [INFO] Arquivo removido (não CSV): C:\Bordero Credsystem\Extraido\Bordero_R0490_L033116_20260508_83486.TXT
[2026-05-15 14:29:35] [INFO] Arquivo ZIP removido após extração: C:\temp\arquivo.zip
[2026-05-15 14:29:35] [INFO] Arquivo da data 20260508 processado com sucesso e histórico atualizado.
[2026-05-15 14:29:35] [INFO] Pesquisando e-mail com termo: 'Bordero_R0490_20260509'
[2026-05-15 14:29:35] [INFO] Busca enviada para termo: Bordero_R0490_20260509
[2026-05-15 14:29:39] [WARNING] Nenhum e-mail encontrado para a data 20260509.
[2026-05-15 14:29:39] [INFO] Pesquisando e-mail com termo: 'Bordero_R0490_20260510'
[2026-05-15 14:29:40] [INFO] Busca enviada para termo: Bordero_R0490_20260510
[2026-05-15 14:29:44] [WARNING] Nenhum e-mail encontrado para a data 20260510.
[2026-05-15 14:29:44] [INFO] Pesquisando e-mail com termo: 'Bordero_R0490_20260511'
[2026-05-15 14:29:44] [INFO] Busca enviada para termo: Bordero_R0490_20260511
[2026-05-15 14:29:48] [INFO] Clicado no primeiro e-mail da lista (visualização).
[2026-05-15 14:29:50] [INFO] Realizado duplo clique (abrir em nova janela se houver).
[2026-05-15 14:29:50] [INFO] Nova janela com o e-mail foi aberta.
[2026-05-15 14:29:51] [INFO] Link de anexo (a) encontrado.
[2026-05-15 14:29:51] [INFO] Nome real do anexo identificado: Bordero_R0490_20260511_644540.ZIP
[2026-05-15 14:29:51] [INFO] Clique direto no <a> do anexo realizado (estratégia 1).
[2026-05-15 14:29:52] [INFO] Arquivo detectado na pasta de downloads: C:\Users\administrador\Downloads\Bordero_R0490_20260511_644540.ZIP
[2026-05-15 14:29:52] [INFO] Nome normalizado para histórico: Bordero_R0490_20260511.zip
[2026-05-15 14:29:52] [INFO] Arquivo movido de C:\Users\administrador\Downloads\Bordero_R0490_20260511_644540.ZIP para C:\temp\arquivo.zip
[2026-05-15 14:29:52] [INFO] Arquivo extraído com sucesso para: C:\Bordero Credsystem\Extraido
[2026-05-15 14:29:52] [INFO] Arquivo removido (não CSV): C:\Bordero Credsystem\Extraido\Bordero_R0490_L026364_20260511_89704.TXT
[2026-05-15 14:29:52] [INFO] Arquivo removido (não CSV): C:\Bordero Credsystem\Extraido\Bordero_R0490_L026367_20260511_89707.TXT
[2026-05-15 14:29:52] [INFO] Arquivo removido (não CSV): C:\Bordero Credsystem\Extraido\Bordero_R0490_L026380_20260511_89710.TXT
[2026-05-15 14:29:52] [INFO] Arquivo removido (não CSV): C:\Bordero Credsystem\Extraido\Bordero_R0490_L026384_20260511_89712.TXT
[2026-05-15 14:29:52] [INFO] Arquivo removido (não CSV): C:\Bordero Credsystem\Extraido\Bordero_R0490_L026385_20260511_89715.TXT
[2026-05-15 14:29:52] [INFO] Arquivo removido (não CSV): C:\Bordero Credsystem\Extraido\Bordero_R0490_L026408_20260511_89717.TXT
[2026-05-15 14:29:52] [INFO] Arquivo removido (não CSV): C:\Bordero Credsystem\Extraido\Bordero_R0490_L026409_20260511_89720.TXT
[2026-05-15 14:29:52] [INFO] Arquivo removido (não CSV): C:\Bordero Credsystem\Extraido\Bordero_R0490_L026413_20260511_89722.TXT
[2026-05-15 14:29:52] [INFO] Arquivo removido (não CSV): C:\Bordero Credsystem\Extraido\Bordero_R0490_L026414_20260511_89724.TXT
[2026-05-15 14:29:52] [INFO] Arquivo removido (não CSV): C:\Bordero Credsystem\Extraido\Bordero_R0490_L026417_20260511_89726.TXT
[2026-05-15 14:29:52] [INFO] Arquivo removido (não CSV): C:\Bordero Credsystem\Extraido\Bordero_R0490_L026422_20260511_89729.TXT
[2026-05-15 14:29:52] [INFO] Arquivo removido (não CSV): C:\Bordero Credsystem\Extraido\Bordero_R0490_L027095_20260511_89770.TXT
[2026-05-15 14:29:52] [INFO] Arquivo removido (não CSV): C:\Bordero Credsystem\Extraido\Bordero_R0490_L028960_20260511_89823.TXT
[2026-05-15 14:29:52] [INFO] Arquivo removido (não CSV): C:\Bordero Credsystem\Extraido\Bordero_R0490_L029748_20260511_89851.TXT
[2026-05-15 14:29:52] [INFO] Arquivo removido (não CSV): C:\Bordero Credsystem\Extraido\Bordero_R0490_L030439_20260511_89952.TXT
[2026-05-15 14:29:52] [INFO] Arquivo removido (não CSV): C:\Bordero Credsystem\Extraido\Bordero_R0490_L031321_20260511_90200.TXT
[2026-05-15 14:29:52] [INFO] Arquivo removido (não CSV): C:\Bordero Credsystem\Extraido\Bordero_R0490_L031386_20260511_90204.TXT
[2026-05-15 14:29:52] [INFO] Arquivo removido (não CSV): C:\Bordero Credsystem\Extraido\Bordero_R0490_L033116_20260511_91170.TXT
[2026-05-15 14:29:52] [INFO] Arquivo ZIP removido após extração: C:\temp\arquivo.zip
[2026-05-15 14:29:52] [INFO] Arquivo da data 20260511 processado com sucesso e histórico atualizado.
[2026-05-15 14:29:52] [INFO] Pesquisando e-mail com termo: 'Bordero_R0490_20260512'
[2026-05-15 14:29:52] [INFO] Busca enviada para termo: Bordero_R0490_20260512
[2026-05-15 14:29:56] [INFO] Clicado no primeiro e-mail da lista (visualização).
[2026-05-15 14:29:59] [INFO] Realizado duplo clique (abrir em nova janela se houver).
[2026-05-15 14:29:59] [INFO] Nova janela com o e-mail foi aberta.
[2026-05-15 14:29:59] [INFO] Link de anexo (a) encontrado.
[2026-05-15 14:29:59] [INFO] Nome real do anexo identificado: Bordero_R0490_20260512_652113.ZIP
[2026-05-15 14:29:59] [INFO] Clique direto no <a> do anexo realizado (estratégia 1).
[2026-05-15 14:30:00] [INFO] Arquivo detectado na pasta de downloads: C:\Users\administrador\Downloads\Bordero_R0490_20260512_652113.ZIP
[2026-05-15 14:30:00] [INFO] Nome normalizado para histórico: Bordero_R0490_20260512.zip
[2026-05-15 14:30:00] [INFO] Arquivo movido de C:\Users\administrador\Downloads\Bordero_R0490_20260512_652113.ZIP para C:\temp\arquivo.zip
[2026-05-15 14:30:01] [INFO] Arquivo extraído com sucesso para: C:\Bordero Credsystem\Extraido
[2026-05-15 14:30:01] [INFO] Arquivo removido (não CSV): C:\Bordero Credsystem\Extraido\Bordero_R0490_L026364_20260512_97377.TXT
[2026-05-15 14:30:01] [INFO] Arquivo removido (não CSV): C:\Bordero Credsystem\Extraido\Bordero_R0490_L026367_20260512_97379.TXT
[2026-05-15 14:30:01] [INFO] Arquivo removido (não CSV): C:\Bordero Credsystem\Extraido\Bordero_R0490_L026380_20260512_97381.TXT
[2026-05-15 14:30:01] [INFO] Arquivo removido (não CSV): C:\Bordero Credsystem\Extraido\Bordero_R0490_L026384_20260512_97383.TXT
[2026-05-15 14:30:01] [INFO] Arquivo removido (não CSV): C:\Bordero Credsystem\Extraido\Bordero_R0490_L026385_20260512_97385.TXT
[2026-05-15 14:30:01] [INFO] Arquivo removido (não CSV): C:\Bordero Credsystem\Extraido\Bordero_R0490_L026408_20260512_97387.TXT
[2026-05-15 14:30:01] [INFO] Arquivo removido (não CSV): C:\Bordero Credsystem\Extraido\Bordero_R0490_L026409_20260512_97390.TXT
[2026-05-15 14:30:01] [INFO] Arquivo removido (não CSV): C:\Bordero Credsystem\Extraido\Bordero_R0490_L026413_20260512_97392.TXT
[2026-05-15 14:30:01] [INFO] Arquivo removido (não CSV): C:\Bordero Credsystem\Extraido\Bordero_R0490_L026414_20260512_97395.TXT
[2026-05-15 14:30:01] [INFO] Arquivo removido (não CSV): C:\Bordero Credsystem\Extraido\Bordero_R0490_L026417_20260512_97398.TXT
[2026-05-15 14:30:01] [INFO] Arquivo removido (não CSV): C:\Bordero Credsystem\Extraido\Bordero_R0490_L026422_20260512_97400.TXT
[2026-05-15 14:30:01] [INFO] Arquivo removido (não CSV): C:\Bordero Credsystem\Extraido\Bordero_R0490_L027095_20260512_97438.TXT
[2026-05-15 14:30:01] [INFO] Arquivo removido (não CSV): C:\Bordero Credsystem\Extraido\Bordero_R0490_L028960_20260512_97476.TXT
[2026-05-15 14:30:01] [INFO] Arquivo removido (não CSV): C:\Bordero Credsystem\Extraido\Bordero_R0490_L029748_20260512_97501.TXT
[2026-05-15 14:30:01] [INFO] Arquivo removido (não CSV): C:\Bordero Credsystem\Extraido\Bordero_R0490_L030439_20260512_97581.TXT
[2026-05-15 14:30:01] [INFO] Arquivo removido (não CSV): C:\Bordero Credsystem\Extraido\Bordero_R0490_L031321_20260512_97810.TXT
[2026-05-15 14:30:01] [INFO] Arquivo removido (não CSV): C:\Bordero Credsystem\Extraido\Bordero_R0490_L031386_20260512_97814.TXT
[2026-05-15 14:30:01] [INFO] Arquivo removido (não CSV): C:\Bordero Credsystem\Extraido\Bordero_R0490_L033116_20260512_98743.TXT
[2026-05-15 14:30:01] [INFO] Arquivo ZIP removido após extração: C:\temp\arquivo.zip
[2026-05-15 14:30:01] [INFO] Arquivo da data 20260512 processado com sucesso e histórico atualizado.
[2026-05-15 14:30:01] [INFO] Pesquisando e-mail com termo: 'Bordero_R0490_20260513'
[2026-05-15 14:30:01] [INFO] Busca enviada para termo: Bordero_R0490_20260513
[2026-05-15 14:30:05] [INFO] Clicado no primeiro e-mail da lista (visualização).
[2026-05-15 14:30:08] [INFO] Realizado duplo clique (abrir em nova janela se houver).
[2026-05-15 14:30:08] [INFO] Nova janela com o e-mail foi aberta.
[2026-05-15 14:30:08] [INFO] Link de anexo (a) encontrado.
[2026-05-15 14:30:08] [INFO] Nome real do anexo identificado: Bordero_R0490_20260513_658996.ZIP
[2026-05-15 14:30:08] [INFO] Clique direto no <a> do anexo realizado (estratégia 1).
[2026-05-15 14:30:09] [INFO] Arquivo detectado na pasta de downloads: C:\Users\administrador\Downloads\Bordero_R0490_20260513_658996.ZIP
[2026-05-15 14:30:09] [INFO] Nome normalizado para histórico: Bordero_R0490_20260513.zip
[2026-05-15 14:30:09] [INFO] Arquivo movido de C:\Users\administrador\Downloads\Bordero_R0490_20260513_658996.ZIP para C:\temp\arquivo.zip
[2026-05-15 14:30:09] [INFO] Arquivo extraído com sucesso para: C:\Bordero Credsystem\Extraido
[2026-05-15 14:30:09] [INFO] Arquivo removido (não CSV): C:\Bordero Credsystem\Extraido\Bordero_R0490_L026364_20260513_04247.TXT
[2026-05-15 14:30:09] [INFO] Arquivo removido (não CSV): C:\Bordero Credsystem\Extraido\Bordero_R0490_L026367_20260513_04249.TXT
[2026-05-15 14:30:09] [INFO] Arquivo removido (não CSV): C:\Bordero Credsystem\Extraido\Bordero_R0490_L026380_20260513_04251.TXT
[2026-05-15 14:30:09] [INFO] Arquivo removido (não CSV): C:\Bordero Credsystem\Extraido\Bordero_R0490_L026384_20260513_04254.TXT
[2026-05-15 14:30:09] [INFO] Arquivo removido (não CSV): C:\Bordero Credsystem\Extraido\Bordero_R0490_L026385_20260513_04256.TXT
[2026-05-15 14:30:09] [INFO] Arquivo removido (não CSV): C:\Bordero Credsystem\Extraido\Bordero_R0490_L026408_20260513_04258.TXT
[2026-05-15 14:30:09] [INFO] Arquivo removido (não CSV): C:\Bordero Credsystem\Extraido\Bordero_R0490_L026409_20260513_04261.TXT
[2026-05-15 14:30:09] [INFO] Arquivo removido (não CSV): C:\Bordero Credsystem\Extraido\Bordero_R0490_L026413_20260513_04263.TXT
[2026-05-15 14:30:09] [INFO] Arquivo removido (não CSV): C:\Bordero Credsystem\Extraido\Bordero_R0490_L026414_20260513_04266.TXT
[2026-05-15 14:30:09] [INFO] Arquivo removido (não CSV): C:\Bordero Credsystem\Extraido\Bordero_R0490_L026417_20260513_04268.TXT
[2026-05-15 14:30:09] [INFO] Arquivo removido (não CSV): C:\Bordero Credsystem\Extraido\Bordero_R0490_L026422_20260513_04270.TXT
[2026-05-15 14:30:09] [INFO] Arquivo removido (não CSV): C:\Bordero Credsystem\Extraido\Bordero_R0490_L027095_20260513_04308.TXT
[2026-05-15 14:30:09] [INFO] Arquivo removido (não CSV): C:\Bordero Credsystem\Extraido\Bordero_R0490_L028960_20260513_04348.TXT
[2026-05-15 14:30:09] [INFO] Arquivo removido (não CSV): C:\Bordero Credsystem\Extraido\Bordero_R0490_L029748_20260513_04374.TXT
[2026-05-15 14:30:09] [INFO] Arquivo removido (não CSV): C:\Bordero Credsystem\Extraido\Bordero_R0490_L030439_20260513_04459.TXT
[2026-05-15 14:30:09] [INFO] Arquivo removido (não CSV): C:\Bordero Credsystem\Extraido\Bordero_R0490_L031321_20260513_04686.TXT
[2026-05-15 14:30:09] [INFO] Arquivo removido (não CSV): C:\Bordero Credsystem\Extraido\Bordero_R0490_L031386_20260513_04691.TXT
[2026-05-15 14:30:09] [INFO] Arquivo removido (não CSV): C:\Bordero Credsystem\Extraido\Bordero_R0490_L033116_20260513_05626.TXT
[2026-05-15 14:30:09] [INFO] Arquivo ZIP removido após extração: C:\temp\arquivo.zip
[2026-05-15 14:30:09] [INFO] Arquivo da data 20260513 processado com sucesso e histórico atualizado.
[2026-05-15 14:30:09] [INFO] Pesquisando e-mail com termo: 'Bordero_R0490_20260514'
[2026-05-15 14:30:10] [INFO] Busca enviada para termo: Bordero_R0490_20260514
[2026-05-15 14:30:14] [INFO] Clicado no primeiro e-mail da lista (visualização).
[2026-05-15 14:30:16] [INFO] Realizado duplo clique (abrir em nova janela se houver).
[2026-05-15 14:30:16] [INFO] Nova janela com o e-mail foi aberta.
[2026-05-15 14:30:16] [INFO] Link de anexo (a) encontrado.
[2026-05-15 14:30:16] [INFO] Nome real do anexo identificado: Bordero_R0490_20260514_666046.ZIP
[2026-05-15 14:30:17] [INFO] Clique direto no <a> do anexo realizado (estratégia 1).
[2026-05-15 14:30:18] [INFO] Arquivo detectado na pasta de downloads: C:\Users\administrador\Downloads\Bordero_R0490_20260514_666046.ZIP
[2026-05-15 14:30:18] [INFO] Nome normalizado para histórico: Bordero_R0490_20260514.zip
[2026-05-15 14:30:18] [INFO] Arquivo movido de C:\Users\administrador\Downloads\Bordero_R0490_20260514_666046.ZIP para C:\temp\arquivo.zip
[2026-05-15 14:30:18] [INFO] Arquivo extraído com sucesso para: C:\Bordero Credsystem\Extraido
[2026-05-15 14:30:18] [INFO] Arquivo removido (não CSV): C:\Bordero Credsystem\Extraido\Bordero_R0490_L026364_20260514_11307.TXT
[2026-05-15 14:30:18] [INFO] Arquivo removido (não CSV): C:\Bordero Credsystem\Extraido\Bordero_R0490_L026367_20260514_11309.TXT
[2026-05-15 14:30:18] [INFO] Arquivo removido (não CSV): C:\Bordero Credsystem\Extraido\Bordero_R0490_L026380_20260514_11311.TXT
[2026-05-15 14:30:18] [INFO] Arquivo removido (não CSV): C:\Bordero Credsystem\Extraido\Bordero_R0490_L026384_20260514_11313.TXT
[2026-05-15 14:30:18] [INFO] Arquivo removido (não CSV): C:\Bordero Credsystem\Extraido\Bordero_R0490_L026385_20260514_11315.TXT
[2026-05-15 14:30:18] [INFO] Arquivo removido (não CSV): C:\Bordero Credsystem\Extraido\Bordero_R0490_L026408_20260514_11317.TXT
[2026-05-15 14:30:18] [INFO] Arquivo removido (não CSV): C:\Bordero Credsystem\Extraido\Bordero_R0490_L026409_20260514_11319.TXT
[2026-05-15 14:30:18] [INFO] Arquivo removido (não CSV): C:\Bordero Credsystem\Extraido\Bordero_R0490_L026413_20260514_11321.TXT
[2026-05-15 14:30:18] [INFO] Arquivo removido (não CSV): C:\Bordero Credsystem\Extraido\Bordero_R0490_L026414_20260514_11323.TXT
[2026-05-15 14:30:18] [INFO] Arquivo removido (não CSV): C:\Bordero Credsystem\Extraido\Bordero_R0490_L026417_20260514_11325.TXT
[2026-05-15 14:30:18] [INFO] Arquivo removido (não CSV): C:\Bordero Credsystem\Extraido\Bordero_R0490_L026422_20260514_11327.TXT
[2026-05-15 14:30:18] [INFO] Arquivo removido (não CSV): C:\Bordero Credsystem\Extraido\Bordero_R0490_L027095_20260514_11365.TXT
[2026-05-15 14:30:18] [INFO] Arquivo removido (não CSV): C:\Bordero Credsystem\Extraido\Bordero_R0490_L028960_20260514_11410.TXT
[2026-05-15 14:30:18] [INFO] Arquivo removido (não CSV): C:\Bordero Credsystem\Extraido\Bordero_R0490_L029748_20260514_11438.TXT
[2026-05-15 14:30:18] [INFO] Arquivo removido (não CSV): C:\Bordero Credsystem\Extraido\Bordero_R0490_L030439_20260514_11527.TXT
[2026-05-15 14:30:18] [INFO] Arquivo removido (não CSV): C:\Bordero Credsystem\Extraido\Bordero_R0490_L031321_20260514_11742.TXT
[2026-05-15 14:30:18] [INFO] Arquivo removido (não CSV): C:\Bordero Credsystem\Extraido\Bordero_R0490_L031386_20260514_11746.TXT
[2026-05-15 14:30:18] [INFO] Arquivo removido (não CSV): C:\Bordero Credsystem\Extraido\Bordero_R0490_L033116_20260514_12676.TXT
[2026-05-15 14:30:18] [INFO] Arquivo ZIP removido após extração: C:\temp\arquivo.zip
[2026-05-15 14:30:18] [INFO] Arquivo da data 20260514 processado com sucesso e histórico atualizado.
[2026-05-15 14:30:18] [INFO] Pesquisando e-mail com termo: 'Bordero_R0490_20260515'
[2026-05-15 14:30:18] [INFO] Busca enviada para termo: Bordero_R0490_20260515
[2026-05-15 14:30:22] [INFO] Clicado no primeiro e-mail da lista (visualização).
[2026-05-15 14:30:25] [INFO] Realizado duplo clique (abrir em nova janela se houver).
[2026-05-15 14:30:25] [INFO] Nova janela com o e-mail foi aberta.
[2026-05-15 14:30:25] [INFO] Link de anexo (a) encontrado.
[2026-05-15 14:30:25] [INFO] Nome real do anexo identificado: Bordero_R0490_20260515_673101.ZIP
[2026-05-15 14:30:25] [INFO] Clique direto no <a> do anexo realizado (estratégia 1).
[2026-05-15 14:30:26] [INFO] Arquivo detectado na pasta de downloads: C:\Users\administrador\Downloads\Bordero_R0490_20260515_673101.ZIP
[2026-05-15 14:30:26] [INFO] Nome normalizado para histórico: Bordero_R0490_20260515.zip
[2026-05-15 14:30:26] [INFO] Arquivo movido de C:\Users\administrador\Downloads\Bordero_R0490_20260515_673101.ZIP para C:\temp\arquivo.zip
[2026-05-15 14:30:26] [INFO] Arquivo extraído com sucesso para: C:\Bordero Credsystem\Extraido
[2026-05-15 14:30:26] [INFO] Arquivo removido (não CSV): C:\Bordero Credsystem\Extraido\Bordero_R0490_L026364_20260515_18400.TXT
[2026-05-15 14:30:26] [INFO] Arquivo removido (não CSV): C:\Bordero Credsystem\Extraido\Bordero_R0490_L026367_20260515_18402.TXT
[2026-05-15 14:30:26] [INFO] Arquivo removido (não CSV): C:\Bordero Credsystem\Extraido\Bordero_R0490_L026380_20260515_18405.TXT
[2026-05-15 14:30:26] [INFO] Arquivo removido (não CSV): C:\Bordero Credsystem\Extraido\Bordero_R0490_L026384_20260515_18407.TXT
[2026-05-15 14:30:26] [INFO] Arquivo removido (não CSV): C:\Bordero Credsystem\Extraido\Bordero_R0490_L026385_20260515_18409.TXT
[2026-05-15 14:30:26] [INFO] Arquivo removido (não CSV): C:\Bordero Credsystem\Extraido\Bordero_R0490_L026408_20260515_18411.TXT
[2026-05-15 14:30:26] [INFO] Arquivo removido (não CSV): C:\Bordero Credsystem\Extraido\Bordero_R0490_L026409_20260515_18413.TXT
[2026-05-15 14:30:26] [INFO] Arquivo removido (não CSV): C:\Bordero Credsystem\Extraido\Bordero_R0490_L026413_20260515_18415.TXT
[2026-05-15 14:30:26] [INFO] Arquivo removido (não CSV): C:\Bordero Credsystem\Extraido\Bordero_R0490_L026414_20260515_18417.TXT
[2026-05-15 14:30:26] [INFO] Arquivo removido (não CSV): C:\Bordero Credsystem\Extraido\Bordero_R0490_L026417_20260515_18419.TXT
[2026-05-15 14:30:26] [INFO] Arquivo removido (não CSV): C:\Bordero Credsystem\Extraido\Bordero_R0490_L026422_20260515_18421.TXT
[2026-05-15 14:30:26] [INFO] Arquivo removido (não CSV): C:\Bordero Credsystem\Extraido\Bordero_R0490_L027095_20260515_18459.TXT
[2026-05-15 14:30:26] [INFO] Arquivo removido (não CSV): C:\Bordero Credsystem\Extraido\Bordero_R0490_L028960_20260515_18502.TXT
[2026-05-15 14:30:26] [INFO] Arquivo removido (não CSV): C:\Bordero Credsystem\Extraido\Bordero_R0490_L029748_20260515_18528.TXT
[2026-05-15 14:30:26] [INFO] Arquivo removido (não CSV): C:\Bordero Credsystem\Extraido\Bordero_R0490_L030439_20260515_18610.TXT
[2026-05-15 14:30:26] [INFO] Arquivo removido (não CSV): C:\Bordero Credsystem\Extraido\Bordero_R0490_L031321_20260515_18823.TXT
[2026-05-15 14:30:26] [INFO] Arquivo removido (não CSV): C:\Bordero Credsystem\Extraido\Bordero_R0490_L031386_20260515_18827.TXT
[2026-05-15 14:30:26] [INFO] Arquivo removido (não CSV): C:\Bordero Credsystem\Extraido\Bordero_R0490_L033116_20260515_19731.TXT
[2026-05-15 14:30:26] [INFO] Arquivo ZIP removido após extração: C:\temp\arquivo.zip
[2026-05-15 14:30:26] [INFO] Arquivo da data 20260515 processado com sucesso e histórico atualizado.
[2026-05-15 14:30:29] [INFO] Navegador encerrado.
[2026-05-16 09:00:03] [INFO] ====================================================================================================
[2026-05-16 09:00:03] [INFO]                          INICIANDO RPA PARA DOWNLOAD DE BORDERO NO WEBMAIL
[2026-05-16 09:00:03] [INFO]                                 Autor: John Kennedy | Versão: 1.0.3                                 
[2026-05-16 09:00:03] [INFO] ====================================================================================================
[2026-05-16 09:00:03] [INFO] Datas pendentes para buscar: 20250821, 20250823, 20250824, 20250830, 20250831, 20250906, 20250907, 20250913, 20250914, 20250920, 20250921, 20250927, 20250928, 20251004, 20251005, 20251011, 20251012, 20251018, 20251019, 20251022, 20251025, 20251026, 20251101, 20251102, 20251106, 20251108, 20251109, 20251115, 20251116, 20251122, 20251123, 20251124, 20251129, 20251130, 20251206, 20251207, 20251211, 20251213, 20251214, 20251217, 20251218, 20251220, 20251221, 20251227, 20251228, 20260103, 20260104, 20260110, 20260111, 20260117, 20260118, 20260124, 20260125, 20260131, 20260201, 20260202, 20260203, 20260207, 20260208, 20260214, 20260215, 20260220, 20260221, 20260222, 20260228, 20260301, 20260307, 20260308, 20260314, 20260315, 20260320, 20260321, 20260322, 20260324, 20260328, 20260329, 20260401, 20260404, 20260405, 20260407, 20260411, 20260412, 20260417, 20260418, 20260419, 20260425, 20260426, 20260502, 20260503, 20260509, 20260510, 20260516
[2026-05-16 09:00:05] [INFO] Page.setDownloadBehavior configurado para: C:\Users\administrador\Downloads
[2026-05-16 09:00:05] [INFO] Chrome iniciado.
[2026-05-16 09:00:14] [INFO] Login realizado.
[2026-05-16 09:00:19] [INFO] Pesquisando e-mail com termo: 'Bordero_R0490_20250821'
[2026-05-16 09:00:19] [INFO] Busca enviada para termo: Bordero_R0490_20250821
[2026-05-16 09:00:23] [WARNING] Nenhum e-mail encontrado para a data 20250821.
[2026-05-16 09:00:23] [INFO] Pesquisando e-mail com termo: 'Bordero_R0490_20250823'
[2026-05-16 09:00:23] [INFO] Busca enviada para termo: Bordero_R0490_20250823
[2026-05-16 09:00:27] [WARNING] Nenhum e-mail encontrado para a data 20250823.
[2026-05-16 09:00:27] [INFO] Pesquisando e-mail com termo: 'Bordero_R0490_20250824'
[2026-05-16 09:00:28] [INFO] Busca enviada para termo: Bordero_R0490_20250824
[2026-05-16 09:00:32] [WARNING] Nenhum e-mail encontrado para a data 20250824.
[2026-05-16 09:00:32] [INFO] Pesquisando e-mail com termo: 'Bordero_R0490_20250830'
[2026-05-16 09:00:32] [INFO] Busca enviada para termo: Bordero_R0490_20250830
[2026-05-16 09:00:36] [WARNING] Nenhum e-mail encontrado para a data 20250830.
[2026-05-16 09:00:36] [INFO] Pesquisando e-mail com termo: 'Bordero_R0490_20250831'
[2026-05-16 09:00:36] [INFO] Busca enviada para termo: Bordero_R0490_20250831
[2026-05-16 09:00:40] [WARNING] Nenhum e-mail encontrado para a data 20250831.
[2026-05-16 09:00:40] [INFO] Pesquisando e-mail com termo: 'Bordero_R0490_20250906'
[2026-05-16 09:00:40] [INFO] Busca enviada para termo: Bordero_R0490_20250906
[2026-05-16 09:00:44] [WARNING] Nenhum e-mail encontrado para a data 20250906.
[2026-05-16 09:00:44] [INFO] Pesquisando e-mail com termo: 'Bordero_R0490_20250907'
[2026-05-16 09:00:44] [INFO] Busca enviada para termo: Bordero_R0490_20250907
[2026-05-16 09:00:48] [WARNING] Nenhum e-mail encontrado para a data 20250907.
[2026-05-16 09:00:48] [INFO] Pesquisando e-mail com termo: 'Bordero_R0490_20250913'
[2026-05-16 09:00:49] [INFO] Busca enviada para termo: Bordero_R0490_20250913
[2026-05-16 09:00:53] [WARNING] Nenhum e-mail encontrado para a data 20250913.
[2026-05-16 09:00:53] [INFO] Pesquisando e-mail com termo: 'Bordero_R0490_20250914'
[2026-05-16 09:00:53] [INFO] Busca enviada para termo: Bordero_R0490_20250914
[2026-05-16 09:00:57] [WARNING] Nenhum e-mail encontrado para a data 20250914.
[2026-05-16 09:00:57] [INFO] Pesquisando e-mail com termo: 'Bordero_R0490_20250920'
[2026-05-16 09:00:57] [INFO] Busca enviada para termo: Bordero_R0490_20250920
[2026-05-16 09:01:01] [WARNING] Nenhum e-mail encontrado para a data 20250920.
[2026-05-16 09:01:01] [INFO] Pesquisando e-mail com termo: 'Bordero_R0490_20250921'
[2026-05-16 09:01:01] [INFO] Busca enviada para termo: Bordero_R0490_20250921
[2026-05-16 09:01:05] [WARNING] Nenhum e-mail encontrado para a data 20250921.
[2026-05-16 09:01:05] [INFO] Pesquisando e-mail com termo: 'Bordero_R0490_20250927'
[2026-05-16 09:01:05] [INFO] Busca enviada para termo: Bordero_R0490_20250927
[2026-05-16 09:01:09] [WARNING] Nenhum e-mail encontrado para a data 20250927.
[2026-05-16 09:01:09] [INFO] Pesquisando e-mail com termo: 'Bordero_R0490_20250928'
[2026-05-16 09:01:10] [INFO] Busca enviada para termo: Bordero_R0490_20250928
[2026-05-16 09:01:14] [WARNING] Nenhum e-mail encontrado para a data 20250928.
[2026-05-16 09:01:14] [INFO] Pesquisando e-mail com termo: 'Bordero_R0490_20251004'
[2026-05-16 09:01:14] [INFO] Busca enviada para termo: Bordero_R0490_20251004
[2026-05-16 09:01:18] [WARNING] Nenhum e-mail encontrado para a data 20251004.
[2026-05-16 09:01:18] [INFO] Pesquisando e-mail com termo: 'Bordero_R0490_20251005'
[2026-05-16 09:01:18] [INFO] Busca enviada para termo: Bordero_R0490_20251005
[2026-05-16 09:01:22] [WARNING] Nenhum e-mail encontrado para a data 20251005.
[2026-05-16 09:01:22] [INFO] Pesquisando e-mail com termo: 'Bordero_R0490_20251011'
[2026-05-16 09:01:22] [INFO] Busca enviada para termo: Bordero_R0490_20251011
[2026-05-16 09:01:26] [WARNING] Nenhum e-mail encontrado para a data 20251011.
[2026-05-16 09:01:26] [INFO] Pesquisando e-mail com termo: 'Bordero_R0490_20251012'
[2026-05-16 09:01:26] [INFO] Busca enviada para termo: Bordero_R0490_20251012
[2026-05-16 09:01:30] [WARNING] Nenhum e-mail encontrado para a data 20251012.
[2026-05-16 09:01:30] [INFO] Pesquisando e-mail com termo: 'Bordero_R0490_20251018'
[2026-05-16 09:01:31] [INFO] Busca enviada para termo: Bordero_R0490_20251018
[2026-05-16 09:01:35] [WARNING] Nenhum e-mail encontrado para a data 20251018.
[2026-05-16 09:01:35] [INFO] Pesquisando e-mail com termo: 'Bordero_R0490_20251019'
[2026-05-16 09:01:35] [INFO] Busca enviada para termo: Bordero_R0490_20251019
[2026-05-16 09:01:39] [WARNING] Nenhum e-mail encontrado para a data 20251019.
[2026-05-16 09:01:39] [INFO] Pesquisando e-mail com termo: 'Bordero_R0490_20251022'
[2026-05-16 09:01:39] [INFO] Busca enviada para termo: Bordero_R0490_20251022
[2026-05-16 09:01:43] [WARNING] Nenhum e-mail encontrado para a data 20251022.
[2026-05-16 09:01:43] [INFO] Pesquisando e-mail com termo: 'Bordero_R0490_20251025'
[2026-05-16 09:01:43] [INFO] Busca enviada para termo: Bordero_R0490_20251025
[2026-05-16 09:01:47] [WARNING] Nenhum e-mail encontrado para a data 20251025.
[2026-05-16 09:01:47] [INFO] Pesquisando e-mail com termo: 'Bordero_R0490_20251026'
[2026-05-16 09:01:47] [INFO] Busca enviada para termo: Bordero_R0490_20251026
[2026-05-16 09:01:51] [WARNING] Nenhum e-mail encontrado para a data 20251026.
[2026-05-16 09:01:51] [INFO] Pesquisando e-mail com termo: 'Bordero_R0490_20251101'
[2026-05-16 09:01:51] [INFO] Busca enviada para termo: Bordero_R0490_20251101
[2026-05-16 09:01:55] [WARNING] Nenhum e-mail encontrado para a data 20251101.
[2026-05-16 09:01:55] [INFO] Pesquisando e-mail com termo: 'Bordero_R0490_20251102'
[2026-05-16 09:01:56] [INFO] Busca enviada para termo: Bordero_R0490_20251102
[2026-05-16 09:02:00] [WARNING] Nenhum e-mail encontrado para a data 20251102.
[2026-05-16 09:02:00] [INFO] Pesquisando e-mail com termo: 'Bordero_R0490_20251106'
[2026-05-16 09:02:00] [INFO] Busca enviada para termo: Bordero_R0490_20251106
[2026-05-16 09:02:04] [WARNING] Nenhum e-mail encontrado para a data 20251106.
[2026-05-16 09:02:04] [INFO] Pesquisando e-mail com termo: 'Bordero_R0490_20251108'
[2026-05-16 09:02:04] [INFO] Busca enviada para termo: Bordero_R0490_20251108
[2026-05-16 09:02:08] [WARNING] Nenhum e-mail encontrado para a data 20251108.
[2026-05-16 09:02:08] [INFO] Pesquisando e-mail com termo: 'Bordero_R0490_20251109'
[2026-05-16 09:02:08] [INFO] Busca enviada para termo: Bordero_R0490_20251109
[2026-05-16 09:02:12] [WARNING] Nenhum e-mail encontrado para a data 20251109.
[2026-05-16 09:02:12] [INFO] Pesquisando e-mail com termo: 'Bordero_R0490_20251115'
[2026-05-16 09:02:12] [INFO] Busca enviada para termo: Bordero_R0490_20251115
[2026-05-16 09:02:16] [WARNING] Nenhum e-mail encontrado para a data 20251115.
[2026-05-16 09:02:16] [INFO] Pesquisando e-mail com termo: 'Bordero_R0490_20251116'
[2026-05-16 09:02:17] [INFO] Busca enviada para termo: Bordero_R0490_20251116
[2026-05-16 09:02:21] [WARNING] Nenhum e-mail encontrado para a data 20251116.
[2026-05-16 09:02:21] [INFO] Pesquisando e-mail com termo: 'Bordero_R0490_20251122'
[2026-05-16 09:02:21] [INFO] Busca enviada para termo: Bordero_R0490_20251122
[2026-05-16 09:02:25] [WARNING] Nenhum e-mail encontrado para a data 20251122.
[2026-05-16 09:02:25] [INFO] Pesquisando e-mail com termo: 'Bordero_R0490_20251123'
[2026-05-16 09:02:25] [INFO] Busca enviada para termo: Bordero_R0490_20251123
[2026-05-16 09:02:29] [WARNING] Nenhum e-mail encontrado para a data 20251123.
[2026-05-16 09:02:29] [INFO] Pesquisando e-mail com termo: 'Bordero_R0490_20251124'
[2026-05-16 09:02:29] [INFO] Busca enviada para termo: Bordero_R0490_20251124
[2026-05-16 09:02:33] [WARNING] Nenhum e-mail encontrado para a data 20251124.
[2026-05-16 09:02:33] [INFO] Pesquisando e-mail com termo: 'Bordero_R0490_20251129'
[2026-05-16 09:02:33] [INFO] Busca enviada para termo: Bordero_R0490_20251129
[2026-05-16 09:02:37] [WARNING] Nenhum e-mail encontrado para a data 20251129.
[2026-05-16 09:02:37] [INFO] Pesquisando e-mail com termo: 'Bordero_R0490_20251130'
[2026-05-16 09:02:38] [INFO] Busca enviada para termo: Bordero_R0490_20251130
[2026-05-16 09:02:42] [WARNING] Nenhum e-mail encontrado para a data 20251130.
[2026-05-16 09:02:42] [INFO] Pesquisando e-mail com termo: 'Bordero_R0490_20251206'
[2026-05-16 09:02:42] [INFO] Busca enviada para termo: Bordero_R0490_20251206
[2026-05-16 09:02:46] [WARNING] Nenhum e-mail encontrado para a data 20251206.
[2026-05-16 09:02:46] [INFO] Pesquisando e-mail com termo: 'Bordero_R0490_20251207'
[2026-05-16 09:02:46] [INFO] Busca enviada para termo: Bordero_R0490_20251207
[2026-05-16 09:02:50] [WARNING] Nenhum e-mail encontrado para a data 20251207.
[2026-05-16 09:02:50] [INFO] Pesquisando e-mail com termo: 'Bordero_R0490_20251211'
[2026-05-16 09:02:50] [INFO] Busca enviada para termo: Bordero_R0490_20251211
[2026-05-16 09:02:54] [WARNING] Nenhum e-mail encontrado para a data 20251211.
[2026-05-16 09:02:54] [INFO] Pesquisando e-mail com termo: 'Bordero_R0490_20251213'
[2026-05-16 09:02:54] [INFO] Busca enviada para termo: Bordero_R0490_20251213
[2026-05-16 09:02:58] [WARNING] Nenhum e-mail encontrado para a data 20251213.
[2026-05-16 09:02:58] [INFO] Pesquisando e-mail com termo: 'Bordero_R0490_20251214'
[2026-05-16 09:02:59] [INFO] Busca enviada para termo: Bordero_R0490_20251214
[2026-05-16 09:03:03] [WARNING] Nenhum e-mail encontrado para a data 20251214.
[2026-05-16 09:03:03] [INFO] Pesquisando e-mail com termo: 'Bordero_R0490_20251217'
[2026-05-16 09:03:03] [INFO] Busca enviada para termo: Bordero_R0490_20251217
[2026-05-16 09:03:07] [WARNING] Nenhum e-mail encontrado para a data 20251217.
[2026-05-16 09:03:07] [INFO] Pesquisando e-mail com termo: 'Bordero_R0490_20251218'
[2026-05-16 09:03:07] [INFO] Busca enviada para termo: Bordero_R0490_20251218
[2026-05-16 09:03:11] [WARNING] Nenhum e-mail encontrado para a data 20251218.
[2026-05-16 09:03:11] [INFO] Pesquisando e-mail com termo: 'Bordero_R0490_20251220'
[2026-05-16 09:03:11] [INFO] Busca enviada para termo: Bordero_R0490_20251220
[2026-05-16 09:03:15] [WARNING] Nenhum e-mail encontrado para a data 20251220.
[2026-05-16 09:03:15] [INFO] Pesquisando e-mail com termo: 'Bordero_R0490_20251221'
[2026-05-16 09:03:15] [INFO] Busca enviada para termo: Bordero_R0490_20251221
[2026-05-16 09:03:19] [WARNING] Nenhum e-mail encontrado para a data 20251221.
[2026-05-16 09:03:19] [INFO] Pesquisando e-mail com termo: 'Bordero_R0490_20251227'
[2026-05-16 09:03:20] [INFO] Busca enviada para termo: Bordero_R0490_20251227
[2026-05-16 09:03:24] [WARNING] Nenhum e-mail encontrado para a data 20251227.
[2026-05-16 09:03:24] [INFO] Pesquisando e-mail com termo: 'Bordero_R0490_20251228'
[2026-05-16 09:03:24] [INFO] Busca enviada para termo: Bordero_R0490_20251228
[2026-05-16 09:03:28] [WARNING] Nenhum e-mail encontrado para a data 20251228.
[2026-05-16 09:03:28] [INFO] Pesquisando e-mail com termo: 'Bordero_R0490_20260103'
[2026-05-16 09:03:28] [INFO] Busca enviada para termo: Bordero_R0490_20260103
[2026-05-16 09:03:32] [WARNING] Nenhum e-mail encontrado para a data 20260103.
[2026-05-16 09:03:32] [INFO] Pesquisando e-mail com termo: 'Bordero_R0490_20260104'
[2026-05-16 09:03:32] [INFO] Busca enviada para termo: Bordero_R0490_20260104
[2026-05-16 09:03:36] [WARNING] Nenhum e-mail encontrado para a data 20260104.
[2026-05-16 09:03:36] [INFO] Pesquisando e-mail com termo: 'Bordero_R0490_20260110'
[2026-05-16 09:03:36] [INFO] Busca enviada para termo: Bordero_R0490_20260110
[2026-05-16 09:03:40] [WARNING] Nenhum e-mail encontrado para a data 20260110.
[2026-05-16 09:03:40] [INFO] Pesquisando e-mail com termo: 'Bordero_R0490_20260111'
[2026-05-16 09:03:41] [INFO] Busca enviada para termo: Bordero_R0490_20260111
[2026-05-16 09:03:45] [WARNING] Nenhum e-mail encontrado para a data 20260111.
[2026-05-16 09:03:45] [INFO] Pesquisando e-mail com termo: 'Bordero_R0490_20260117'
[2026-05-16 09:03:45] [INFO] Busca enviada para termo: Bordero_R0490_20260117
[2026-05-16 09:03:49] [WARNING] Nenhum e-mail encontrado para a data 20260117.
[2026-05-16 09:03:49] [INFO] Pesquisando e-mail com termo: 'Bordero_R0490_20260118'
[2026-05-16 09:03:49] [INFO] Busca enviada para termo: Bordero_R0490_20260118
[2026-05-16 09:03:53] [WARNING] Nenhum e-mail encontrado para a data 20260118.
[2026-05-16 09:03:53] [INFO] Pesquisando e-mail com termo: 'Bordero_R0490_20260124'
[2026-05-16 09:03:53] [INFO] Busca enviada para termo: Bordero_R0490_20260124
[2026-05-16 09:03:57] [WARNING] Nenhum e-mail encontrado para a data 20260124.
[2026-05-16 09:03:57] [INFO] Pesquisando e-mail com termo: 'Bordero_R0490_20260125'
[2026-05-16 09:03:57] [INFO] Busca enviada para termo: Bordero_R0490_20260125
[2026-05-16 09:04:01] [WARNING] Nenhum e-mail encontrado para a data 20260125.
[2026-05-16 09:04:01] [INFO] Pesquisando e-mail com termo: 'Bordero_R0490_20260131'
[2026-05-16 09:04:02] [INFO] Busca enviada para termo: Bordero_R0490_20260131
[2026-05-16 09:04:06] [WARNING] Nenhum e-mail encontrado para a data 20260131.
[2026-05-16 09:04:06] [INFO] Pesquisando e-mail com termo: 'Bordero_R0490_20260201'
[2026-05-16 09:04:06] [INFO] Busca enviada para termo: Bordero_R0490_20260201
[2026-05-16 09:04:10] [WARNING] Nenhum e-mail encontrado para a data 20260201.
[2026-05-16 09:04:10] [INFO] Pesquisando e-mail com termo: 'Bordero_R0490_20260202'
[2026-05-16 09:04:10] [INFO] Busca enviada para termo: Bordero_R0490_20260202
[2026-05-16 09:04:14] [WARNING] Nenhum e-mail encontrado para a data 20260202.
[2026-05-16 09:04:14] [INFO] Pesquisando e-mail com termo: 'Bordero_R0490_20260203'
[2026-05-16 09:04:14] [INFO] Busca enviada para termo: Bordero_R0490_20260203
[2026-05-16 09:04:18] [WARNING] Nenhum e-mail encontrado para a data 20260203.
[2026-05-16 09:04:18] [INFO] Pesquisando e-mail com termo: 'Bordero_R0490_20260207'
[2026-05-16 09:04:18] [INFO] Busca enviada para termo: Bordero_R0490_20260207
[2026-05-16 09:04:22] [WARNING] Nenhum e-mail encontrado para a data 20260207.
[2026-05-16 09:04:22] [INFO] Pesquisando e-mail com termo: 'Bordero_R0490_20260208'
[2026-05-16 09:04:23] [INFO] Busca enviada para termo: Bordero_R0490_20260208
[2026-05-16 09:04:27] [WARNING] Nenhum e-mail encontrado para a data 20260208.
[2026-05-16 09:04:27] [INFO] Pesquisando e-mail com termo: 'Bordero_R0490_20260214'
[2026-05-16 09:04:27] [INFO] Busca enviada para termo: Bordero_R0490_20260214
[2026-05-16 09:04:31] [WARNING] Nenhum e-mail encontrado para a data 20260214.
[2026-05-16 09:04:31] [INFO] Pesquisando e-mail com termo: 'Bordero_R0490_20260215'
[2026-05-16 09:04:31] [INFO] Busca enviada para termo: Bordero_R0490_20260215
[2026-05-16 09:04:35] [WARNING] Nenhum e-mail encontrado para a data 20260215.
[2026-05-16 09:04:35] [INFO] Pesquisando e-mail com termo: 'Bordero_R0490_20260220'
[2026-05-16 09:04:35] [INFO] Busca enviada para termo: Bordero_R0490_20260220
[2026-05-16 09:04:39] [WARNING] Nenhum e-mail encontrado para a data 20260220.
[2026-05-16 09:04:39] [INFO] Pesquisando e-mail com termo: 'Bordero_R0490_20260221'
[2026-05-16 09:04:39] [INFO] Busca enviada para termo: Bordero_R0490_20260221
[2026-05-16 09:04:43] [WARNING] Nenhum e-mail encontrado para a data 20260221.
[2026-05-16 09:04:43] [INFO] Pesquisando e-mail com termo: 'Bordero_R0490_20260222'
[2026-05-16 09:04:44] [INFO] Busca enviada para termo: Bordero_R0490_20260222
[2026-05-16 09:04:48] [WARNING] Nenhum e-mail encontrado para a data 20260222.
[2026-05-16 09:04:48] [INFO] Pesquisando e-mail com termo: 'Bordero_R0490_20260228'
[2026-05-16 09:04:48] [INFO] Busca enviada para termo: Bordero_R0490_20260228
[2026-05-16 09:04:52] [WARNING] Nenhum e-mail encontrado para a data 20260228.
[2026-05-16 09:04:52] [INFO] Pesquisando e-mail com termo: 'Bordero_R0490_20260301'
[2026-05-16 09:04:52] [INFO] Busca enviada para termo: Bordero_R0490_20260301
[2026-05-16 09:04:56] [WARNING] Nenhum e-mail encontrado para a data 20260301.
[2026-05-16 09:04:56] [INFO] Pesquisando e-mail com termo: 'Bordero_R0490_20260307'
[2026-05-16 09:04:56] [INFO] Busca enviada para termo: Bordero_R0490_20260307
[2026-05-16 09:05:00] [WARNING] Nenhum e-mail encontrado para a data 20260307.
[2026-05-16 09:05:00] [INFO] Pesquisando e-mail com termo: 'Bordero_R0490_20260308'
[2026-05-16 09:05:00] [INFO] Busca enviada para termo: Bordero_R0490_20260308
[2026-05-16 09:05:04] [WARNING] Nenhum e-mail encontrado para a data 20260308.
[2026-05-16 09:05:04] [INFO] Pesquisando e-mail com termo: 'Bordero_R0490_20260314'
[2026-05-16 09:05:05] [INFO] Busca enviada para termo: Bordero_R0490_20260314
[2026-05-16 09:05:09] [WARNING] Nenhum e-mail encontrado para a data 20260314.
[2026-05-16 09:05:09] [INFO] Pesquisando e-mail com termo: 'Bordero_R0490_20260315'
[2026-05-16 09:05:09] [INFO] Busca enviada para termo: Bordero_R0490_20260315
[2026-05-16 09:05:13] [WARNING] Nenhum e-mail encontrado para a data 20260315.
[2026-05-16 09:05:13] [INFO] Pesquisando e-mail com termo: 'Bordero_R0490_20260320'
[2026-05-16 09:05:13] [INFO] Busca enviada para termo: Bordero_R0490_20260320
[2026-05-16 09:05:17] [WARNING] Nenhum e-mail encontrado para a data 20260320.
[2026-05-16 09:05:17] [INFO] Pesquisando e-mail com termo: 'Bordero_R0490_20260321'
[2026-05-16 09:05:17] [INFO] Busca enviada para termo: Bordero_R0490_20260321
[2026-05-16 09:05:21] [WARNING] Nenhum e-mail encontrado para a data 20260321.
[2026-05-16 09:05:21] [INFO] Pesquisando e-mail com termo: 'Bordero_R0490_20260322'
[2026-05-16 09:05:22] [INFO] Busca enviada para termo: Bordero_R0490_20260322
[2026-05-16 09:05:26] [WARNING] Nenhum e-mail encontrado para a data 20260322.
[2026-05-16 09:05:26] [INFO] Pesquisando e-mail com termo: 'Bordero_R0490_20260324'
[2026-05-16 09:05:26] [INFO] Busca enviada para termo: Bordero_R0490_20260324
[2026-05-16 09:05:30] [WARNING] Nenhum e-mail encontrado para a data 20260324.
[2026-05-16 09:05:30] [INFO] Pesquisando e-mail com termo: 'Bordero_R0490_20260328'
[2026-05-16 09:05:30] [INFO] Busca enviada para termo: Bordero_R0490_20260328
[2026-05-16 09:05:34] [WARNING] Nenhum e-mail encontrado para a data 20260328.
[2026-05-16 09:05:34] [INFO] Pesquisando e-mail com termo: 'Bordero_R0490_20260329'
[2026-05-16 09:05:34] [INFO] Busca enviada para termo: Bordero_R0490_20260329
[2026-05-16 09:05:38] [WARNING] Nenhum e-mail encontrado para a data 20260329.
[2026-05-16 09:05:38] [INFO] Pesquisando e-mail com termo: 'Bordero_R0490_20260401'
[2026-05-16 09:05:38] [INFO] Busca enviada para termo: Bordero_R0490_20260401
[2026-05-16 09:05:42] [WARNING] Nenhum e-mail encontrado para a data 20260401.
[2026-05-16 09:05:42] [INFO] Pesquisando e-mail com termo: 'Bordero_R0490_20260404'
[2026-05-16 09:05:43] [INFO] Busca enviada para termo: Bordero_R0490_20260404
[2026-05-16 09:05:47] [WARNING] Nenhum e-mail encontrado para a data 20260404.
[2026-05-16 09:05:47] [INFO] Pesquisando e-mail com termo: 'Bordero_R0490_20260405'
[2026-05-16 09:05:47] [INFO] Busca enviada para termo: Bordero_R0490_20260405
[2026-05-16 09:05:51] [WARNING] Nenhum e-mail encontrado para a data 20260405.
[2026-05-16 09:05:51] [INFO] Pesquisando e-mail com termo: 'Bordero_R0490_20260407'
[2026-05-16 09:05:51] [INFO] Busca enviada para termo: Bordero_R0490_20260407
[2026-05-16 09:05:55] [WARNING] Nenhum e-mail encontrado para a data 20260407.
[2026-05-16 09:05:55] [INFO] Pesquisando e-mail com termo: 'Bordero_R0490_20260411'
[2026-05-16 09:05:55] [INFO] Busca enviada para termo: Bordero_R0490_20260411
[2026-05-16 09:05:59] [WARNING] Nenhum e-mail encontrado para a data 20260411.
[2026-05-16 09:05:59] [INFO] Pesquisando e-mail com termo: 'Bordero_R0490_20260412'
[2026-05-16 09:05:59] [INFO] Busca enviada para termo: Bordero_R0490_20260412
[2026-05-16 09:06:03] [WARNING] Nenhum e-mail encontrado para a data 20260412.
[2026-05-16 09:06:03] [INFO] Pesquisando e-mail com termo: 'Bordero_R0490_20260417'
[2026-05-16 09:06:04] [INFO] Busca enviada para termo: Bordero_R0490_20260417
[2026-05-16 09:06:08] [WARNING] Nenhum e-mail encontrado para a data 20260417.
[2026-05-16 09:06:08] [INFO] Pesquisando e-mail com termo: 'Bordero_R0490_20260418'
[2026-05-16 09:06:08] [INFO] Busca enviada para termo: Bordero_R0490_20260418
[2026-05-16 09:06:12] [WARNING] Nenhum e-mail encontrado para a data 20260418.
[2026-05-16 09:06:12] [INFO] Pesquisando e-mail com termo: 'Bordero_R0490_20260419'
[2026-05-16 09:06:12] [INFO] Busca enviada para termo: Bordero_R0490_20260419
[2026-05-16 09:06:16] [WARNING] Nenhum e-mail encontrado para a data 20260419.
[2026-05-16 09:06:16] [INFO] Pesquisando e-mail com termo: 'Bordero_R0490_20260425'
[2026-05-16 09:06:16] [INFO] Busca enviada para termo: Bordero_R0490_20260425
[2026-05-16 09:06:20] [WARNING] Nenhum e-mail encontrado para a data 20260425.
[2026-05-16 09:06:20] [INFO] Pesquisando e-mail com termo: 'Bordero_R0490_20260426'
[2026-05-16 09:06:20] [INFO] Busca enviada para termo: Bordero_R0490_20260426
[2026-05-16 09:06:25] [WARNING] Nenhum e-mail encontrado para a data 20260426.
[2026-05-16 09:06:25] [INFO] Pesquisando e-mail com termo: 'Bordero_R0490_20260502'
[2026-05-16 09:06:25] [INFO] Busca enviada para termo: Bordero_R0490_20260502
[2026-05-16 09:06:29] [WARNING] Nenhum e-mail encontrado para a data 20260502.
[2026-05-16 09:06:29] [INFO] Pesquisando e-mail com termo: 'Bordero_R0490_20260503'
[2026-05-16 09:06:29] [INFO] Busca enviada para termo: Bordero_R0490_20260503
[2026-05-16 09:06:33] [WARNING] Nenhum e-mail encontrado para a data 20260503.
[2026-05-16 09:06:33] [INFO] Pesquisando e-mail com termo: 'Bordero_R0490_20260509'
[2026-05-16 09:06:33] [INFO] Busca enviada para termo: Bordero_R0490_20260509
[2026-05-16 09:06:37] [WARNING] Nenhum e-mail encontrado para a data 20260509.
[2026-05-16 09:06:37] [INFO] Pesquisando e-mail com termo: 'Bordero_R0490_20260510'
[2026-05-16 09:06:37] [INFO] Busca enviada para termo: Bordero_R0490_20260510
[2026-05-16 09:06:41] [WARNING] Nenhum e-mail encontrado para a data 20260510.
[2026-05-16 09:06:41] [INFO] Pesquisando e-mail com termo: 'Bordero_R0490_20260516'
[2026-05-16 09:06:41] [INFO] Busca enviada para termo: Bordero_R0490_20260516
[2026-05-16 09:06:45] [WARNING] Nenhum e-mail encontrado para a data 20260516.
[2026-05-16 09:06:48] [INFO] Navegador encerrado.
[2026-05-17 09:00:05] [INFO] ====================================================================================================
[2026-05-17 09:00:05] [INFO]                          INICIANDO RPA PARA DOWNLOAD DE BORDERO NO WEBMAIL
[2026-05-17 09:00:05] [INFO]                                 Autor: John Kennedy | Versão: 1.0.3                                 
[2026-05-17 09:00:05] [INFO] ====================================================================================================
[2026-05-17 09:00:05] [INFO] Datas pendentes para buscar: 20250821, 20250823, 20250824, 20250830, 20250831, 20250906, 20250907, 20250913, 20250914, 20250920, 20250921, 20250927, 20250928, 20251004, 20251005, 20251011, 20251012, 20251018, 20251019, 20251022, 20251025, 20251026, 20251101, 20251102, 20251106, 20251108, 20251109, 20251115, 20251116, 20251122, 20251123, 20251124, 20251129, 20251130, 20251206, 20251207, 20251211, 20251213, 20251214, 20251217, 20251218, 20251220, 20251221, 20251227, 20251228, 20260103, 20260104, 20260110, 20260111, 20260117, 20260118, 20260124, 20260125, 20260131, 20260201, 20260202, 20260203, 20260207, 20260208, 20260214, 20260215, 20260220, 20260221, 20260222, 20260228, 20260301, 20260307, 20260308, 20260314, 20260315, 20260320, 20260321, 20260322, 20260324, 20260328, 20260329, 20260401, 20260404, 20260405, 20260407, 20260411, 20260412, 20260417, 20260418, 20260419, 20260425, 20260426, 20260502, 20260503, 20260509, 20260510, 20260516, 20260517
[2026-05-17 09:00:08] [INFO] Page.setDownloadBehavior configurado para: C:\Users\administrador\Downloads
[2026-05-17 09:00:08] [INFO] Chrome iniciado.
[2026-05-17 09:00:17] [INFO] Login realizado.
[2026-05-17 09:00:22] [INFO] Pesquisando e-mail com termo: 'Bordero_R0490_20250821'
[2026-05-17 09:00:22] [INFO] Busca enviada para termo: Bordero_R0490_20250821
[2026-05-17 09:00:26] [WARNING] Nenhum e-mail encontrado para a data 20250821.
[2026-05-17 09:00:26] [INFO] Pesquisando e-mail com termo: 'Bordero_R0490_20250823'
[2026-05-17 09:00:26] [INFO] Busca enviada para termo: Bordero_R0490_20250823
[2026-05-17 09:00:30] [WARNING] Nenhum e-mail encontrado para a data 20250823.
[2026-05-17 09:00:30] [INFO] Pesquisando e-mail com termo: 'Bordero_R0490_20250824'
[2026-05-17 09:00:30] [INFO] Busca enviada para termo: Bordero_R0490_20250824
[2026-05-17 09:00:34] [WARNING] Nenhum e-mail encontrado para a data 20250824.
[2026-05-17 09:00:34] [INFO] Pesquisando e-mail com termo: 'Bordero_R0490_20250830'
[2026-05-17 09:00:35] [INFO] Busca enviada para termo: Bordero_R0490_20250830
[2026-05-17 09:00:39] [WARNING] Nenhum e-mail encontrado para a data 20250830.
[2026-05-17 09:00:39] [INFO] Pesquisando e-mail com termo: 'Bordero_R0490_20250831'
[2026-05-17 09:00:39] [INFO] Busca enviada para termo: Bordero_R0490_20250831
[2026-05-17 09:00:43] [WARNING] Nenhum e-mail encontrado para a data 20250831.
[2026-05-17 09:00:43] [INFO] Pesquisando e-mail com termo: 'Bordero_R0490_20250906'
[2026-05-17 09:00:43] [INFO] Busca enviada para termo: Bordero_R0490_20250906
[2026-05-17 09:00:47] [WARNING] Nenhum e-mail encontrado para a data 20250906.
[2026-05-17 09:00:47] [INFO] Pesquisando e-mail com termo: 'Bordero_R0490_20250907'
[2026-05-17 09:00:47] [INFO] Busca enviada para termo: Bordero_R0490_20250907
[2026-05-17 09:00:51] [WARNING] Nenhum e-mail encontrado para a data 20250907.
[2026-05-17 09:00:51] [INFO] Pesquisando e-mail com termo: 'Bordero_R0490_20250913'
[2026-05-17 09:00:51] [INFO] Busca enviada para termo: Bordero_R0490_20250913
[2026-05-17 09:00:55] [WARNING] Nenhum e-mail encontrado para a data 20250913.
[2026-05-17 09:00:55] [INFO] Pesquisando e-mail com termo: 'Bordero_R0490_20250914'
[2026-05-17 09:00:56] [INFO] Busca enviada para termo: Bordero_R0490_20250914
[2026-05-17 09:01:00] [WARNING] Nenhum e-mail encontrado para a data 20250914.
[2026-05-17 09:01:00] [INFO] Pesquisando e-mail com termo: 'Bordero_R0490_20250920'
[2026-05-17 09:01:00] [INFO] Busca enviada para termo: Bordero_R0490_20250920
[2026-05-17 09:01:04] [WARNING] Nenhum e-mail encontrado para a data 20250920.
[2026-05-17 09:01:04] [INFO] Pesquisando e-mail com termo: 'Bordero_R0490_20250921'
[2026-05-17 09:01:04] [INFO] Busca enviada para termo: Bordero_R0490_20250921
[2026-05-17 09:01:08] [WARNING] Nenhum e-mail encontrado para a data 20250921.
[2026-05-17 09:01:08] [INFO] Pesquisando e-mail com termo: 'Bordero_R0490_20250927'
[2026-05-17 09:01:08] [INFO] Busca enviada para termo: Bordero_R0490_20250927
[2026-05-17 09:01:12] [WARNING] Nenhum e-mail encontrado para a data 20250927.
[2026-05-17 09:01:12] [INFO] Pesquisando e-mail com termo: 'Bordero_R0490_20250928'
[2026-05-17 09:01:12] [INFO] Busca enviada para termo: Bordero_R0490_20250928
[2026-05-17 09:01:16] [WARNING] Nenhum e-mail encontrado para a data 20250928.
[2026-05-17 09:01:16] [INFO] Pesquisando e-mail com termo: 'Bordero_R0490_20251004'
[2026-05-17 09:01:17] [INFO] Busca enviada para termo: Bordero_R0490_20251004
[2026-05-17 09:01:21] [WARNING] Nenhum e-mail encontrado para a data 20251004.
[2026-05-17 09:01:21] [INFO] Pesquisando e-mail com termo: 'Bordero_R0490_20251005'
[2026-05-17 09:01:21] [INFO] Busca enviada para termo: Bordero_R0490_20251005
[2026-05-17 09:01:25] [WARNING] Nenhum e-mail encontrado para a data 20251005.
[2026-05-17 09:01:25] [INFO] Pesquisando e-mail com termo: 'Bordero_R0490_20251011'
[2026-05-17 09:01:25] [INFO] Busca enviada para termo: Bordero_R0490_20251011
[2026-05-17 09:01:29] [WARNING] Nenhum e-mail encontrado para a data 20251011.
[2026-05-17 09:01:29] [INFO] Pesquisando e-mail com termo: 'Bordero_R0490_20251012'
[2026-05-17 09:01:29] [INFO] Busca enviada para termo: Bordero_R0490_20251012
[2026-05-17 09:01:33] [WARNING] Nenhum e-mail encontrado para a data 20251012.
[2026-05-17 09:01:33] [INFO] Pesquisando e-mail com termo: 'Bordero_R0490_20251018'
[2026-05-17 09:01:33] [INFO] Busca enviada para termo: Bordero_R0490_20251018
[2026-05-17 09:01:37] [WARNING] Nenhum e-mail encontrado para a data 20251018.
[2026-05-17 09:01:37] [INFO] Pesquisando e-mail com termo: 'Bordero_R0490_20251019'
[2026-05-17 09:01:38] [INFO] Busca enviada para termo: Bordero_R0490_20251019
[2026-05-17 09:01:42] [WARNING] Nenhum e-mail encontrado para a data 20251019.
[2026-05-17 09:01:42] [INFO] Pesquisando e-mail com termo: 'Bordero_R0490_20251022'
[2026-05-17 09:01:42] [INFO] Busca enviada para termo: Bordero_R0490_20251022
[2026-05-17 09:01:46] [WARNING] Nenhum e-mail encontrado para a data 20251022.
[2026-05-17 09:01:46] [INFO] Pesquisando e-mail com termo: 'Bordero_R0490_20251025'
[2026-05-17 09:01:46] [INFO] Busca enviada para termo: Bordero_R0490_20251025
[2026-05-17 09:01:50] [WARNING] Nenhum e-mail encontrado para a data 20251025.
[2026-05-17 09:01:50] [INFO] Pesquisando e-mail com termo: 'Bordero_R0490_20251026'
[2026-05-17 09:01:50] [INFO] Busca enviada para termo: Bordero_R0490_20251026
[2026-05-17 09:01:54] [WARNING] Nenhum e-mail encontrado para a data 20251026.
[2026-05-17 09:01:54] [INFO] Pesquisando e-mail com termo: 'Bordero_R0490_20251101'
[2026-05-17 09:01:54] [INFO] Busca enviada para termo: Bordero_R0490_20251101
[2026-05-17 09:01:58] [WARNING] Nenhum e-mail encontrado para a data 20251101.
[2026-05-17 09:01:58] [INFO] Pesquisando e-mail com termo: 'Bordero_R0490_20251102'
[2026-05-17 09:01:59] [INFO] Busca enviada para termo: Bordero_R0490_20251102
[2026-05-17 09:02:03] [WARNING] Nenhum e-mail encontrado para a data 20251102.
[2026-05-17 09:02:03] [INFO] Pesquisando e-mail com termo: 'Bordero_R0490_20251106'
[2026-05-17 09:02:03] [INFO] Busca enviada para termo: Bordero_R0490_20251106
[2026-05-17 09:02:07] [WARNING] Nenhum e-mail encontrado para a data 20251106.
[2026-05-17 09:02:07] [INFO] Pesquisando e-mail com termo: 'Bordero_R0490_20251108'
[2026-05-17 09:02:07] [INFO] Busca enviada para termo: Bordero_R0490_20251108
[2026-05-17 09:02:11] [WARNING] Nenhum e-mail encontrado para a data 20251108.
[2026-05-17 09:02:11] [INFO] Pesquisando e-mail com termo: 'Bordero_R0490_20251109'
[2026-05-17 09:02:11] [INFO] Busca enviada para termo: Bordero_R0490_20251109
[2026-05-17 09:02:15] [WARNING] Nenhum e-mail encontrado para a data 20251109.
[2026-05-17 09:02:15] [INFO] Pesquisando e-mail com termo: 'Bordero_R0490_20251115'
[2026-05-17 09:02:15] [INFO] Busca enviada para termo: Bordero_R0490_20251115
[2026-05-17 09:02:19] [WARNING] Nenhum e-mail encontrado para a data 20251115.
[2026-05-17 09:02:19] [INFO] Pesquisando e-mail com termo: 'Bordero_R0490_20251116'
[2026-05-17 09:02:20] [INFO] Busca enviada para termo: Bordero_R0490_20251116
[2026-05-17 09:02:24] [WARNING] Nenhum e-mail encontrado para a data 20251116.
[2026-05-17 09:02:24] [INFO] Pesquisando e-mail com termo: 'Bordero_R0490_20251122'
[2026-05-17 09:02:24] [INFO] Busca enviada para termo: Bordero_R0490_20251122
[2026-05-17 09:02:28] [WARNING] Nenhum e-mail encontrado para a data 20251122.
[2026-05-17 09:02:28] [INFO] Pesquisando e-mail com termo: 'Bordero_R0490_20251123'
[2026-05-17 09:02:28] [INFO] Busca enviada para termo: Bordero_R0490_20251123
[2026-05-17 09:02:32] [WARNING] Nenhum e-mail encontrado para a data 20251123.
[2026-05-17 09:02:32] [INFO] Pesquisando e-mail com termo: 'Bordero_R0490_20251124'
[2026-05-17 09:02:32] [INFO] Busca enviada para termo: Bordero_R0490_20251124
[2026-05-17 09:02:36] [WARNING] Nenhum e-mail encontrado para a data 20251124.
[2026-05-17 09:02:36] [INFO] Pesquisando e-mail com termo: 'Bordero_R0490_20251129'
[2026-05-17 09:02:36] [INFO] Busca enviada para termo: Bordero_R0490_20251129
[2026-05-17 09:02:40] [WARNING] Nenhum e-mail encontrado para a data 20251129.
[2026-05-17 09:02:40] [INFO] Pesquisando e-mail com termo: 'Bordero_R0490_20251130'
[2026-05-17 09:02:41] [INFO] Busca enviada para termo: Bordero_R0490_20251130
[2026-05-17 09:02:45] [WARNING] Nenhum e-mail encontrado para a data 20251130.
[2026-05-17 09:02:45] [INFO] Pesquisando e-mail com termo: 'Bordero_R0490_20251206'
[2026-05-17 09:02:45] [INFO] Busca enviada para termo: Bordero_R0490_20251206
[2026-05-17 09:02:49] [WARNING] Nenhum e-mail encontrado para a data 20251206.
[2026-05-17 09:02:49] [INFO] Pesquisando e-mail com termo: 'Bordero_R0490_20251207'
[2026-05-17 09:02:49] [INFO] Busca enviada para termo: Bordero_R0490_20251207
[2026-05-17 09:02:53] [WARNING] Nenhum e-mail encontrado para a data 20251207.
[2026-05-17 09:02:53] [INFO] Pesquisando e-mail com termo: 'Bordero_R0490_20251211'
[2026-05-17 09:02:53] [INFO] Busca enviada para termo: Bordero_R0490_20251211
[2026-05-17 09:02:57] [WARNING] Nenhum e-mail encontrado para a data 20251211.
[2026-05-17 09:02:57] [INFO] Pesquisando e-mail com termo: 'Bordero_R0490_20251213'
[2026-05-17 09:02:57] [INFO] Busca enviada para termo: Bordero_R0490_20251213
[2026-05-17 09:03:01] [WARNING] Nenhum e-mail encontrado para a data 20251213.
[2026-05-17 09:03:01] [INFO] Pesquisando e-mail com termo: 'Bordero_R0490_20251214'
[2026-05-17 09:03:02] [INFO] Busca enviada para termo: Bordero_R0490_20251214
[2026-05-17 09:03:06] [WARNING] Nenhum e-mail encontrado para a data 20251214.
[2026-05-17 09:03:06] [INFO] Pesquisando e-mail com termo: 'Bordero_R0490_20251217'
[2026-05-17 09:03:06] [INFO] Busca enviada para termo: Bordero_R0490_20251217
[2026-05-17 09:03:10] [WARNING] Nenhum e-mail encontrado para a data 20251217.
[2026-05-17 09:03:10] [INFO] Pesquisando e-mail com termo: 'Bordero_R0490_20251218'
[2026-05-17 09:03:10] [INFO] Busca enviada para termo: Bordero_R0490_20251218
[2026-05-17 09:03:14] [WARNING] Nenhum e-mail encontrado para a data 20251218.
[2026-05-17 09:03:14] [INFO] Pesquisando e-mail com termo: 'Bordero_R0490_20251220'
[2026-05-17 09:03:14] [INFO] Busca enviada para termo: Bordero_R0490_20251220
[2026-05-17 09:03:18] [WARNING] Nenhum e-mail encontrado para a data 20251220.
[2026-05-17 09:03:18] [INFO] Pesquisando e-mail com termo: 'Bordero_R0490_20251221'
[2026-05-17 09:03:18] [INFO] Busca enviada para termo: Bordero_R0490_20251221
[2026-05-17 09:03:22] [WARNING] Nenhum e-mail encontrado para a data 20251221.
[2026-05-17 09:03:22] [INFO] Pesquisando e-mail com termo: 'Bordero_R0490_20251227'
[2026-05-17 09:03:23] [INFO] Busca enviada para termo: Bordero_R0490_20251227
[2026-05-17 09:03:27] [WARNING] Nenhum e-mail encontrado para a data 20251227.
[2026-05-17 09:03:27] [INFO] Pesquisando e-mail com termo: 'Bordero_R0490_20251228'
[2026-05-17 09:03:27] [INFO] Busca enviada para termo: Bordero_R0490_20251228
[2026-05-17 09:03:31] [WARNING] Nenhum e-mail encontrado para a data 20251228.
[2026-05-17 09:03:31] [INFO] Pesquisando e-mail com termo: 'Bordero_R0490_20260103'
[2026-05-17 09:03:31] [INFO] Busca enviada para termo: Bordero_R0490_20260103
[2026-05-17 09:03:35] [WARNING] Nenhum e-mail encontrado para a data 20260103.
[2026-05-17 09:03:35] [INFO] Pesquisando e-mail com termo: 'Bordero_R0490_20260104'
[2026-05-17 09:03:35] [INFO] Busca enviada para termo: Bordero_R0490_20260104
[2026-05-17 09:03:39] [WARNING] Nenhum e-mail encontrado para a data 20260104.
[2026-05-17 09:03:39] [INFO] Pesquisando e-mail com termo: 'Bordero_R0490_20260110'
[2026-05-17 09:03:40] [INFO] Busca enviada para termo: Bordero_R0490_20260110
[2026-05-17 09:03:44] [WARNING] Nenhum e-mail encontrado para a data 20260110.
[2026-05-17 09:03:44] [INFO] Pesquisando e-mail com termo: 'Bordero_R0490_20260111'
[2026-05-17 09:03:44] [INFO] Busca enviada para termo: Bordero_R0490_20260111
[2026-05-17 09:03:48] [WARNING] Nenhum e-mail encontrado para a data 20260111.
[2026-05-17 09:03:48] [INFO] Pesquisando e-mail com termo: 'Bordero_R0490_20260117'
[2026-05-17 09:03:48] [INFO] Busca enviada para termo: Bordero_R0490_20260117
[2026-05-17 09:03:52] [WARNING] Nenhum e-mail encontrado para a data 20260117.
[2026-05-17 09:03:52] [INFO] Pesquisando e-mail com termo: 'Bordero_R0490_20260118'
[2026-05-17 09:03:52] [INFO] Busca enviada para termo: Bordero_R0490_20260118
[2026-05-17 09:03:56] [WARNING] Nenhum e-mail encontrado para a data 20260118.
[2026-05-17 09:03:56] [INFO] Pesquisando e-mail com termo: 'Bordero_R0490_20260124'
[2026-05-17 09:03:56] [INFO] Busca enviada para termo: Bordero_R0490_20260124
[2026-05-17 09:04:00] [WARNING] Nenhum e-mail encontrado para a data 20260124.
[2026-05-17 09:04:00] [INFO] Pesquisando e-mail com termo: 'Bordero_R0490_20260125'
[2026-05-17 09:04:01] [INFO] Busca enviada para termo: Bordero_R0490_20260125
[2026-05-17 09:04:05] [WARNING] Nenhum e-mail encontrado para a data 20260125.
[2026-05-17 09:04:05] [INFO] Pesquisando e-mail com termo: 'Bordero_R0490_20260131'
[2026-05-17 09:04:05] [INFO] Busca enviada para termo: Bordero_R0490_20260131
[2026-05-17 09:04:09] [WARNING] Nenhum e-mail encontrado para a data 20260131.
[2026-05-17 09:04:09] [INFO] Pesquisando e-mail com termo: 'Bordero_R0490_20260201'
[2026-05-17 09:04:09] [INFO] Busca enviada para termo: Bordero_R0490_20260201
[2026-05-17 09:04:13] [WARNING] Nenhum e-mail encontrado para a data 20260201.
[2026-05-17 09:04:13] [INFO] Pesquisando e-mail com termo: 'Bordero_R0490_20260202'
[2026-05-17 09:04:13] [INFO] Busca enviada para termo: Bordero_R0490_20260202
[2026-05-17 09:04:17] [WARNING] Nenhum e-mail encontrado para a data 20260202.
[2026-05-17 09:04:17] [INFO] Pesquisando e-mail com termo: 'Bordero_R0490_20260203'
[2026-05-17 09:04:17] [INFO] Busca enviada para termo: Bordero_R0490_20260203
[2026-05-17 09:04:21] [WARNING] Nenhum e-mail encontrado para a data 20260203.
[2026-05-17 09:04:21] [INFO] Pesquisando e-mail com termo: 'Bordero_R0490_20260207'
[2026-05-17 09:04:22] [INFO] Busca enviada para termo: Bordero_R0490_20260207
[2026-05-17 09:04:26] [WARNING] Nenhum e-mail encontrado para a data 20260207.
[2026-05-17 09:04:26] [INFO] Pesquisando e-mail com termo: 'Bordero_R0490_20260208'
[2026-05-17 09:04:26] [INFO] Busca enviada para termo: Bordero_R0490_20260208
[2026-05-17 09:04:30] [WARNING] Nenhum e-mail encontrado para a data 20260208.
[2026-05-17 09:04:30] [INFO] Pesquisando e-mail com termo: 'Bordero_R0490_20260214'
[2026-05-17 09:04:30] [INFO] Busca enviada para termo: Bordero_R0490_20260214
[2026-05-17 09:04:34] [WARNING] Nenhum e-mail encontrado para a data 20260214.
[2026-05-17 09:04:34] [INFO] Pesquisando e-mail com termo: 'Bordero_R0490_20260215'
[2026-05-17 09:04:34] [INFO] Busca enviada para termo: Bordero_R0490_20260215
[2026-05-17 09:04:38] [WARNING] Nenhum e-mail encontrado para a data 20260215.
[2026-05-17 09:04:38] [INFO] Pesquisando e-mail com termo: 'Bordero_R0490_20260220'
[2026-05-17 09:04:38] [INFO] Busca enviada para termo: Bordero_R0490_20260220
[2026-05-17 09:04:42] [WARNING] Nenhum e-mail encontrado para a data 20260220.
[2026-05-17 09:04:42] [INFO] Pesquisando e-mail com termo: 'Bordero_R0490_20260221'
[2026-05-17 09:04:43] [INFO] Busca enviada para termo: Bordero_R0490_20260221
[2026-05-17 09:04:47] [WARNING] Nenhum e-mail encontrado para a data 20260221.
[2026-05-17 09:04:47] [INFO] Pesquisando e-mail com termo: 'Bordero_R0490_20260222'
[2026-05-17 09:04:47] [INFO] Busca enviada para termo: Bordero_R0490_20260222
[2026-05-17 09:04:51] [WARNING] Nenhum e-mail encontrado para a data 20260222.
[2026-05-17 09:04:51] [INFO] Pesquisando e-mail com termo: 'Bordero_R0490_20260228'
[2026-05-17 09:04:51] [INFO] Busca enviada para termo: Bordero_R0490_20260228
[2026-05-17 09:04:55] [WARNING] Nenhum e-mail encontrado para a data 20260228.
[2026-05-17 09:04:55] [INFO] Pesquisando e-mail com termo: 'Bordero_R0490_20260301'
[2026-05-17 09:04:55] [INFO] Busca enviada para termo: Bordero_R0490_20260301
[2026-05-17 09:04:59] [WARNING] Nenhum e-mail encontrado para a data 20260301.
[2026-05-17 09:04:59] [INFO] Pesquisando e-mail com termo: 'Bordero_R0490_20260307'
[2026-05-17 09:04:59] [INFO] Busca enviada para termo: Bordero_R0490_20260307
[2026-05-17 09:05:03] [WARNING] Nenhum e-mail encontrado para a data 20260307.
[2026-05-17 09:05:03] [INFO] Pesquisando e-mail com termo: 'Bordero_R0490_20260308'
[2026-05-17 09:05:04] [INFO] Busca enviada para termo: Bordero_R0490_20260308
[2026-05-17 09:05:08] [WARNING] Nenhum e-mail encontrado para a data 20260308.
[2026-05-17 09:05:08] [INFO] Pesquisando e-mail com termo: 'Bordero_R0490_20260314'
[2026-05-17 09:05:08] [INFO] Busca enviada para termo: Bordero_R0490_20260314
[2026-05-17 09:05:12] [WARNING] Nenhum e-mail encontrado para a data 20260314.
[2026-05-17 09:05:12] [INFO] Pesquisando e-mail com termo: 'Bordero_R0490_20260315'
[2026-05-17 09:05:12] [INFO] Busca enviada para termo: Bordero_R0490_20260315
[2026-05-17 09:05:16] [WARNING] Nenhum e-mail encontrado para a data 20260315.
[2026-05-17 09:05:16] [INFO] Pesquisando e-mail com termo: 'Bordero_R0490_20260320'
[2026-05-17 09:05:16] [INFO] Busca enviada para termo: Bordero_R0490_20260320
[2026-05-17 09:05:20] [WARNING] Nenhum e-mail encontrado para a data 20260320.
[2026-05-17 09:05:20] [INFO] Pesquisando e-mail com termo: 'Bordero_R0490_20260321'
[2026-05-17 09:05:21] [INFO] Busca enviada para termo: Bordero_R0490_20260321
[2026-05-17 09:05:25] [WARNING] Nenhum e-mail encontrado para a data 20260321.
[2026-05-17 09:05:25] [INFO] Pesquisando e-mail com termo: 'Bordero_R0490_20260322'
[2026-05-17 09:05:25] [INFO] Busca enviada para termo: Bordero_R0490_20260322
[2026-05-17 09:05:29] [WARNING] Nenhum e-mail encontrado para a data 20260322.
[2026-05-17 09:05:29] [INFO] Pesquisando e-mail com termo: 'Bordero_R0490_20260324'
[2026-05-17 09:05:29] [INFO] Busca enviada para termo: Bordero_R0490_20260324
[2026-05-17 09:05:33] [WARNING] Nenhum e-mail encontrado para a data 20260324.
[2026-05-17 09:05:33] [INFO] Pesquisando e-mail com termo: 'Bordero_R0490_20260328'
[2026-05-17 09:05:33] [INFO] Busca enviada para termo: Bordero_R0490_20260328
[2026-05-17 09:05:37] [WARNING] Nenhum e-mail encontrado para a data 20260328.
[2026-05-17 09:05:37] [INFO] Pesquisando e-mail com termo: 'Bordero_R0490_20260329'
[2026-05-17 09:05:37] [INFO] Busca enviada para termo: Bordero_R0490_20260329
[2026-05-17 09:05:41] [WARNING] Nenhum e-mail encontrado para a data 20260329.
[2026-05-17 09:05:41] [INFO] Pesquisando e-mail com termo: 'Bordero_R0490_20260401'
[2026-05-17 09:05:42] [INFO] Busca enviada para termo: Bordero_R0490_20260401
[2026-05-17 09:05:46] [WARNING] Nenhum e-mail encontrado para a data 20260401.
[2026-05-17 09:05:46] [INFO] Pesquisando e-mail com termo: 'Bordero_R0490_20260404'
[2026-05-17 09:05:46] [INFO] Busca enviada para termo: Bordero_R0490_20260404
[2026-05-17 09:05:50] [WARNING] Nenhum e-mail encontrado para a data 20260404.
[2026-05-17 09:05:50] [INFO] Pesquisando e-mail com termo: 'Bordero_R0490_20260405'
[2026-05-17 09:05:50] [INFO] Busca enviada para termo: Bordero_R0490_20260405
[2026-05-17 09:05:54] [WARNING] Nenhum e-mail encontrado para a data 20260405.
[2026-05-17 09:05:54] [INFO] Pesquisando e-mail com termo: 'Bordero_R0490_20260407'
[2026-05-17 09:05:54] [INFO] Busca enviada para termo: Bordero_R0490_20260407
[2026-05-17 09:05:58] [WARNING] Nenhum e-mail encontrado para a data 20260407.
[2026-05-17 09:05:58] [INFO] Pesquisando e-mail com termo: 'Bordero_R0490_20260411'
[2026-05-17 09:05:58] [INFO] Busca enviada para termo: Bordero_R0490_20260411
[2026-05-17 09:06:02] [WARNING] Nenhum e-mail encontrado para a data 20260411.
[2026-05-17 09:06:02] [INFO] Pesquisando e-mail com termo: 'Bordero_R0490_20260412'
[2026-05-17 09:06:03] [INFO] Busca enviada para termo: Bordero_R0490_20260412
[2026-05-17 09:06:07] [WARNING] Nenhum e-mail encontrado para a data 20260412.
[2026-05-17 09:06:07] [INFO] Pesquisando e-mail com termo: 'Bordero_R0490_20260417'
[2026-05-17 09:06:07] [INFO] Busca enviada para termo: Bordero_R0490_20260417
[2026-05-17 09:06:11] [WARNING] Nenhum e-mail encontrado para a data 20260417.
[2026-05-17 09:06:11] [INFO] Pesquisando e-mail com termo: 'Bordero_R0490_20260418'
[2026-05-17 09:06:11] [INFO] Busca enviada para termo: Bordero_R0490_20260418
[2026-05-17 09:06:15] [WARNING] Nenhum e-mail encontrado para a data 20260418.
[2026-05-17 09:06:15] [INFO] Pesquisando e-mail com termo: 'Bordero_R0490_20260419'
[2026-05-17 09:06:15] [INFO] Busca enviada para termo: Bordero_R0490_20260419
[2026-05-17 09:06:19] [WARNING] Nenhum e-mail encontrado para a data 20260419.
[2026-05-17 09:06:19] [INFO] Pesquisando e-mail com termo: 'Bordero_R0490_20260425'
[2026-05-17 09:06:19] [INFO] Busca enviada para termo: Bordero_R0490_20260425
[2026-05-17 09:06:23] [WARNING] Nenhum e-mail encontrado para a data 20260425.
[2026-05-17 09:06:23] [INFO] Pesquisando e-mail com termo: 'Bordero_R0490_20260426'
[2026-05-17 09:06:24] [INFO] Busca enviada para termo: Bordero_R0490_20260426
[2026-05-17 09:06:28] [WARNING] Nenhum e-mail encontrado para a data 20260426.
[2026-05-17 09:06:28] [INFO] Pesquisando e-mail com termo: 'Bordero_R0490_20260502'
[2026-05-17 09:06:28] [INFO] Busca enviada para termo: Bordero_R0490_20260502
[2026-05-17 09:06:32] [WARNING] Nenhum e-mail encontrado para a data 20260502.
[2026-05-17 09:06:32] [INFO] Pesquisando e-mail com termo: 'Bordero_R0490_20260503'
[2026-05-17 09:06:32] [INFO] Busca enviada para termo: Bordero_R0490_20260503
[2026-05-17 09:06:36] [WARNING] Nenhum e-mail encontrado para a data 20260503.
[2026-05-17 09:06:36] [INFO] Pesquisando e-mail com termo: 'Bordero_R0490_20260509'
[2026-05-17 09:06:36] [INFO] Busca enviada para termo: Bordero_R0490_20260509
[2026-05-17 09:06:40] [WARNING] Nenhum e-mail encontrado para a data 20260509.
[2026-05-17 09:06:40] [INFO] Pesquisando e-mail com termo: 'Bordero_R0490_20260510'
[2026-05-17 09:06:40] [INFO] Busca enviada para termo: Bordero_R0490_20260510
[2026-05-17 09:06:44] [WARNING] Nenhum e-mail encontrado para a data 20260510.
[2026-05-17 09:06:44] [INFO] Pesquisando e-mail com termo: 'Bordero_R0490_20260516'
[2026-05-17 09:06:45] [INFO] Busca enviada para termo: Bordero_R0490_20260516
[2026-05-17 09:06:49] [WARNING] Nenhum e-mail encontrado para a data 20260516.
[2026-05-17 09:06:49] [INFO] Pesquisando e-mail com termo: 'Bordero_R0490_20260517'
[2026-05-17 09:06:49] [INFO] Busca enviada para termo: Bordero_R0490_20260517
[2026-05-17 09:06:53] [WARNING] Nenhum e-mail encontrado para a data 20260517.
[2026-05-17 09:06:55] [INFO] Navegador encerrado.
[2026-05-18 09:00:04] [INFO] ====================================================================================================
[2026-05-18 09:00:04] [INFO]                          INICIANDO RPA PARA DOWNLOAD DE BORDERO NO WEBMAIL
[2026-05-18 09:00:04] [INFO]                                 Autor: John Kennedy | Versão: 1.0.3                                 
[2026-05-18 09:00:04] [INFO] ====================================================================================================
[2026-05-18 09:00:04] [INFO] Datas pendentes para buscar: 20250821, 20250823, 20250824, 20250830, 20250831, 20250906, 20250907, 20250913, 20250914, 20250920, 20250921, 20250927, 20250928, 20251004, 20251005, 20251011, 20251012, 20251018, 20251019, 20251022, 20251025, 20251026, 20251101, 20251102, 20251106, 20251108, 20251109, 20251115, 20251116, 20251122, 20251123, 20251124, 20251129, 20251130, 20251206, 20251207, 20251211, 20251213, 20251214, 20251217, 20251218, 20251220, 20251221, 20251227, 20251228, 20260103, 20260104, 20260110, 20260111, 20260117, 20260118, 20260124, 20260125, 20260131, 20260201, 20260202, 20260203, 20260207, 20260208, 20260214, 20260215, 20260220, 20260221, 20260222, 20260228, 20260301, 20260307, 20260308, 20260314, 20260315, 20260320, 20260321, 20260322, 20260324, 20260328, 20260329, 20260401, 20260404, 20260405, 20260407, 20260411, 20260412, 20260417, 20260418, 20260419, 20260425, 20260426, 20260502, 20260503, 20260509, 20260510, 20260516, 20260517, 20260518
[2026-05-18 09:00:08] [INFO] Page.setDownloadBehavior configurado para: C:\Users\administrador\Downloads
[2026-05-18 09:00:08] [INFO] Chrome iniciado.
[2026-05-18 09:00:19] [INFO] Login realizado.
[2026-05-18 09:00:24] [INFO] Pesquisando e-mail com termo: 'Bordero_R0490_20250821'
[2026-05-18 09:00:24] [INFO] Busca enviada para termo: Bordero_R0490_20250821
[2026-05-18 09:00:28] [WARNING] Nenhum e-mail encontrado para a data 20250821.
[2026-05-18 09:00:28] [INFO] Pesquisando e-mail com termo: 'Bordero_R0490_20250823'
[2026-05-18 09:00:28] [INFO] Busca enviada para termo: Bordero_R0490_20250823
[2026-05-18 09:00:32] [WARNING] Nenhum e-mail encontrado para a data 20250823.
[2026-05-18 09:00:32] [INFO] Pesquisando e-mail com termo: 'Bordero_R0490_20250824'
[2026-05-18 09:00:32] [INFO] Busca enviada para termo: Bordero_R0490_20250824
[2026-05-18 09:00:36] [WARNING] Nenhum e-mail encontrado para a data 20250824.
[2026-05-18 09:00:36] [INFO] Pesquisando e-mail com termo: 'Bordero_R0490_20250830'
[2026-05-18 09:00:37] [INFO] Busca enviada para termo: Bordero_R0490_20250830
[2026-05-18 09:00:41] [WARNING] Nenhum e-mail encontrado para a data 20250830.
[2026-05-18 09:00:41] [INFO] Pesquisando e-mail com termo: 'Bordero_R0490_20250831'
[2026-05-18 09:00:41] [INFO] Busca enviada para termo: Bordero_R0490_20250831
[2026-05-18 09:00:45] [WARNING] Nenhum e-mail encontrado para a data 20250831.
[2026-05-18 09:00:45] [INFO] Pesquisando e-mail com termo: 'Bordero_R0490_20250906'
[2026-05-18 09:00:45] [INFO] Busca enviada para termo: Bordero_R0490_20250906
[2026-05-18 09:00:49] [WARNING] Nenhum e-mail encontrado para a data 20250906.
[2026-05-18 09:00:49] [INFO] Pesquisando e-mail com termo: 'Bordero_R0490_20250907'
[2026-05-18 09:00:49] [INFO] Busca enviada para termo: Bordero_R0490_20250907
[2026-05-18 09:00:53] [WARNING] Nenhum e-mail encontrado para a data 20250907.
[2026-05-18 09:00:53] [INFO] Pesquisando e-mail com termo: 'Bordero_R0490_20250913'
[2026-05-18 09:00:53] [INFO] Busca enviada para termo: Bordero_R0490_20250913
[2026-05-18 09:00:57] [WARNING] Nenhum e-mail encontrado para a data 20250913.
[2026-05-18 09:00:57] [INFO] Pesquisando e-mail com termo: 'Bordero_R0490_20250914'
[2026-05-18 09:00:58] [INFO] Busca enviada para termo: Bordero_R0490_20250914
[2026-05-18 09:01:02] [WARNING] Nenhum e-mail encontrado para a data 20250914.
[2026-05-18 09:01:02] [INFO] Pesquisando e-mail com termo: 'Bordero_R0490_20250920'
[2026-05-18 09:01:02] [INFO] Busca enviada para termo: Bordero_R0490_20250920
[2026-05-18 09:01:06] [WARNING] Nenhum e-mail encontrado para a data 20250920.
[2026-05-18 09:01:06] [INFO] Pesquisando e-mail com termo: 'Bordero_R0490_20250921'
[2026-05-18 09:01:06] [INFO] Busca enviada para termo: Bordero_R0490_20250921
[2026-05-18 09:01:10] [WARNING] Nenhum e-mail encontrado para a data 20250921.
[2026-05-18 09:01:10] [INFO] Pesquisando e-mail com termo: 'Bordero_R0490_20250927'
[2026-05-18 09:01:10] [INFO] Busca enviada para termo: Bordero_R0490_20250927
[2026-05-18 09:01:14] [WARNING] Nenhum e-mail encontrado para a data 20250927.
[2026-05-18 09:01:14] [INFO] Pesquisando e-mail com termo: 'Bordero_R0490_20250928'
[2026-05-18 09:01:14] [INFO] Busca enviada para termo: Bordero_R0490_20250928
[2026-05-18 09:01:18] [WARNING] Nenhum e-mail encontrado para a data 20250928.
[2026-05-18 09:01:18] [INFO] Pesquisando e-mail com termo: 'Bordero_R0490_20251004'
[2026-05-18 09:01:19] [INFO] Busca enviada para termo: Bordero_R0490_20251004
[2026-05-18 09:01:23] [WARNING] Nenhum e-mail encontrado para a data 20251004.
[2026-05-18 09:01:23] [INFO] Pesquisando e-mail com termo: 'Bordero_R0490_20251005'
[2026-05-18 09:01:23] [INFO] Busca enviada para termo: Bordero_R0490_20251005
[2026-05-18 09:01:27] [WARNING] Nenhum e-mail encontrado para a data 20251005.
[2026-05-18 09:01:27] [INFO] Pesquisando e-mail com termo: 'Bordero_R0490_20251011'
[2026-05-18 09:01:27] [INFO] Busca enviada para termo: Bordero_R0490_20251011
[2026-05-18 09:01:31] [WARNING] Nenhum e-mail encontrado para a data 20251011.
[2026-05-18 09:01:31] [INFO] Pesquisando e-mail com termo: 'Bordero_R0490_20251012'
[2026-05-18 09:01:31] [INFO] Busca enviada para termo: Bordero_R0490_20251012
[2026-05-18 09:01:35] [WARNING] Nenhum e-mail encontrado para a data 20251012.
[2026-05-18 09:01:35] [INFO] Pesquisando e-mail com termo: 'Bordero_R0490_20251018'
[2026-05-18 09:01:35] [INFO] Busca enviada para termo: Bordero_R0490_20251018
[2026-05-18 09:01:39] [WARNING] Nenhum e-mail encontrado para a data 20251018.
[2026-05-18 09:01:39] [INFO] Pesquisando e-mail com termo: 'Bordero_R0490_20251019'
[2026-05-18 09:01:40] [INFO] Busca enviada para termo: Bordero_R0490_20251019
[2026-05-18 09:01:44] [WARNING] Nenhum e-mail encontrado para a data 20251019.
[2026-05-18 09:01:44] [INFO] Pesquisando e-mail com termo: 'Bordero_R0490_20251022'
[2026-05-18 09:01:44] [INFO] Busca enviada para termo: Bordero_R0490_20251022
[2026-05-18 09:01:48] [WARNING] Nenhum e-mail encontrado para a data 20251022.
[2026-05-18 09:01:48] [INFO] Pesquisando e-mail com termo: 'Bordero_R0490_20251025'
[2026-05-18 09:01:48] [INFO] Busca enviada para termo: Bordero_R0490_20251025
[2026-05-18 09:01:52] [WARNING] Nenhum e-mail encontrado para a data 20251025.
[2026-05-18 09:01:52] [INFO] Pesquisando e-mail com termo: 'Bordero_R0490_20251026'
[2026-05-18 09:01:52] [INFO] Busca enviada para termo: Bordero_R0490_20251026
[2026-05-18 09:01:56] [WARNING] Nenhum e-mail encontrado para a data 20251026.
[2026-05-18 09:01:56] [INFO] Pesquisando e-mail com termo: 'Bordero_R0490_20251101'
[2026-05-18 09:01:57] [INFO] Busca enviada para termo: Bordero_R0490_20251101
[2026-05-18 09:02:01] [WARNING] Nenhum e-mail encontrado para a data 20251101.
[2026-05-18 09:02:01] [INFO] Pesquisando e-mail com termo: 'Bordero_R0490_20251102'
[2026-05-18 09:02:01] [INFO] Busca enviada para termo: Bordero_R0490_20251102
[2026-05-18 09:02:05] [WARNING] Nenhum e-mail encontrado para a data 20251102.
[2026-05-18 09:02:05] [INFO] Pesquisando e-mail com termo: 'Bordero_R0490_20251106'
[2026-05-18 09:02:05] [INFO] Busca enviada para termo: Bordero_R0490_20251106
[2026-05-18 09:02:09] [WARNING] Nenhum e-mail encontrado para a data 20251106.
[2026-05-18 09:02:09] [INFO] Pesquisando e-mail com termo: 'Bordero_R0490_20251108'
[2026-05-18 09:02:09] [INFO] Busca enviada para termo: Bordero_R0490_20251108
[2026-05-18 09:02:13] [WARNING] Nenhum e-mail encontrado para a data 20251108.
[2026-05-18 09:02:13] [INFO] Pesquisando e-mail com termo: 'Bordero_R0490_20251109'
[2026-05-18 09:02:13] [INFO] Busca enviada para termo: Bordero_R0490_20251109
[2026-05-18 09:02:17] [WARNING] Nenhum e-mail encontrado para a data 20251109.
[2026-05-18 09:02:17] [INFO] Pesquisando e-mail com termo: 'Bordero_R0490_20251115'
[2026-05-18 09:02:18] [INFO] Busca enviada para termo: Bordero_R0490_20251115
[2026-05-18 09:02:22] [WARNING] Nenhum e-mail encontrado para a data 20251115.
[2026-05-18 09:02:22] [INFO] Pesquisando e-mail com termo: 'Bordero_R0490_20251116'
[2026-05-18 09:02:22] [INFO] Busca enviada para termo: Bordero_R0490_20251116
[2026-05-18 09:02:26] [WARNING] Nenhum e-mail encontrado para a data 20251116.
[2026-05-18 09:02:26] [INFO] Pesquisando e-mail com termo: 'Bordero_R0490_20251122'
[2026-05-18 09:02:26] [INFO] Busca enviada para termo: Bordero_R0490_20251122
[2026-05-18 09:02:30] [WARNING] Nenhum e-mail encontrado para a data 20251122.
[2026-05-18 09:02:30] [INFO] Pesquisando e-mail com termo: 'Bordero_R0490_20251123'
[2026-05-18 09:02:30] [INFO] Busca enviada para termo: Bordero_R0490_20251123
[2026-05-18 09:02:34] [WARNING] Nenhum e-mail encontrado para a data 20251123.
[2026-05-18 09:02:34] [INFO] Pesquisando e-mail com termo: 'Bordero_R0490_20251124'
[2026-05-18 09:02:34] [INFO] Busca enviada para termo: Bordero_R0490_20251124
[2026-05-18 09:02:38] [WARNING] Nenhum e-mail encontrado para a data 20251124.
[2026-05-18 09:02:38] [INFO] Pesquisando e-mail com termo: 'Bordero_R0490_20251129'
[2026-05-18 09:02:39] [INFO] Busca enviada para termo: Bordero_R0490_20251129
[2026-05-18 09:02:43] [WARNING] Nenhum e-mail encontrado para a data 20251129.
[2026-05-18 09:02:43] [INFO] Pesquisando e-mail com termo: 'Bordero_R0490_20251130'
[2026-05-18 09:02:43] [INFO] Busca enviada para termo: Bordero_R0490_20251130
[2026-05-18 09:02:47] [WARNING] Nenhum e-mail encontrado para a data 20251130.
[2026-05-18 09:02:47] [INFO] Pesquisando e-mail com termo: 'Bordero_R0490_20251206'
[2026-05-18 09:02:47] [INFO] Busca enviada para termo: Bordero_R0490_20251206
[2026-05-18 09:02:51] [WARNING] Nenhum e-mail encontrado para a data 20251206.
[2026-05-18 09:02:51] [INFO] Pesquisando e-mail com termo: 'Bordero_R0490_20251207'
[2026-05-18 09:02:51] [INFO] Busca enviada para termo: Bordero_R0490_20251207
[2026-05-18 09:02:55] [WARNING] Nenhum e-mail encontrado para a data 20251207.
[2026-05-18 09:02:55] [INFO] Pesquisando e-mail com termo: 'Bordero_R0490_20251211'
[2026-05-18 09:02:55] [INFO] Busca enviada para termo: Bordero_R0490_20251211
[2026-05-18 09:02:59] [WARNING] Nenhum e-mail encontrado para a data 20251211.
[2026-05-18 09:02:59] [INFO] Pesquisando e-mail com termo: 'Bordero_R0490_20251213'
[2026-05-18 09:02:59] [INFO] Busca enviada para termo: Bordero_R0490_20251213
[2026-05-18 09:03:04] [WARNING] Nenhum e-mail encontrado para a data 20251213.
[2026-05-18 09:03:04] [INFO] Pesquisando e-mail com termo: 'Bordero_R0490_20251214'
[2026-05-18 09:03:04] [INFO] Busca enviada para termo: Bordero_R0490_20251214
[2026-05-18 09:03:08] [WARNING] Nenhum e-mail encontrado para a data 20251214.
[2026-05-18 09:03:08] [INFO] Pesquisando e-mail com termo: 'Bordero_R0490_20251217'
[2026-05-18 09:03:08] [INFO] Busca enviada para termo: Bordero_R0490_20251217
[2026-05-18 09:03:12] [WARNING] Nenhum e-mail encontrado para a data 20251217.
[2026-05-18 09:03:12] [INFO] Pesquisando e-mail com termo: 'Bordero_R0490_20251218'
[2026-05-18 09:03:12] [INFO] Busca enviada para termo: Bordero_R0490_20251218
[2026-05-18 09:03:16] [WARNING] Nenhum e-mail encontrado para a data 20251218.
[2026-05-18 09:03:16] [INFO] Pesquisando e-mail com termo: 'Bordero_R0490_20251220'
[2026-05-18 09:03:16] [INFO] Busca enviada para termo: Bordero_R0490_20251220
[2026-05-18 09:03:20] [WARNING] Nenhum e-mail encontrado para a data 20251220.
[2026-05-18 09:03:20] [INFO] Pesquisando e-mail com termo: 'Bordero_R0490_20251221'
[2026-05-18 09:03:21] [INFO] Busca enviada para termo: Bordero_R0490_20251221
[2026-05-18 09:03:25] [WARNING] Nenhum e-mail encontrado para a data 20251221.
[2026-05-18 09:03:25] [INFO] Pesquisando e-mail com termo: 'Bordero_R0490_20251227'
[2026-05-18 09:03:25] [INFO] Busca enviada para termo: Bordero_R0490_20251227
[2026-05-18 09:03:29] [WARNING] Nenhum e-mail encontrado para a data 20251227.
[2026-05-18 09:03:29] [INFO] Pesquisando e-mail com termo: 'Bordero_R0490_20251228'
[2026-05-18 09:03:29] [INFO] Busca enviada para termo: Bordero_R0490_20251228
[2026-05-18 09:03:33] [WARNING] Nenhum e-mail encontrado para a data 20251228.
[2026-05-18 09:03:33] [INFO] Pesquisando e-mail com termo: 'Bordero_R0490_20260103'
[2026-05-18 09:03:33] [INFO] Busca enviada para termo: Bordero_R0490_20260103
[2026-05-18 09:03:37] [WARNING] Nenhum e-mail encontrado para a data 20260103.
[2026-05-18 09:03:37] [INFO] Pesquisando e-mail com termo: 'Bordero_R0490_20260104'
[2026-05-18 09:03:37] [INFO] Busca enviada para termo: Bordero_R0490_20260104
[2026-05-18 09:03:41] [WARNING] Nenhum e-mail encontrado para a data 20260104.
[2026-05-18 09:03:41] [INFO] Pesquisando e-mail com termo: 'Bordero_R0490_20260110'
[2026-05-18 09:03:42] [INFO] Busca enviada para termo: Bordero_R0490_20260110
[2026-05-18 09:03:46] [WARNING] Nenhum e-mail encontrado para a data 20260110.
[2026-05-18 09:03:46] [INFO] Pesquisando e-mail com termo: 'Bordero_R0490_20260111'
[2026-05-18 09:03:46] [INFO] Busca enviada para termo: Bordero_R0490_20260111
[2026-05-18 09:03:50] [WARNING] Nenhum e-mail encontrado para a data 20260111.
[2026-05-18 09:03:50] [INFO] Pesquisando e-mail com termo: 'Bordero_R0490_20260117'
[2026-05-18 09:03:50] [INFO] Busca enviada para termo: Bordero_R0490_20260117
[2026-05-18 09:03:54] [WARNING] Nenhum e-mail encontrado para a data 20260117.
[2026-05-18 09:03:54] [INFO] Pesquisando e-mail com termo: 'Bordero_R0490_20260118'
[2026-05-18 09:03:54] [INFO] Busca enviada para termo: Bordero_R0490_20260118
[2026-05-18 09:03:58] [WARNING] Nenhum e-mail encontrado para a data 20260118.
[2026-05-18 09:03:58] [INFO] Pesquisando e-mail com termo: 'Bordero_R0490_20260124'
[2026-05-18 09:03:58] [INFO] Busca enviada para termo: Bordero_R0490_20260124
[2026-05-18 09:04:02] [WARNING] Nenhum e-mail encontrado para a data 20260124.
[2026-05-18 09:04:02] [INFO] Pesquisando e-mail com termo: 'Bordero_R0490_20260125'
[2026-05-18 09:04:03] [INFO] Busca enviada para termo: Bordero_R0490_20260125
[2026-05-18 09:04:07] [WARNING] Nenhum e-mail encontrado para a data 20260125.
[2026-05-18 09:04:07] [INFO] Pesquisando e-mail com termo: 'Bordero_R0490_20260131'
[2026-05-18 09:04:07] [INFO] Busca enviada para termo: Bordero_R0490_20260131
[2026-05-18 09:04:11] [WARNING] Nenhum e-mail encontrado para a data 20260131.
[2026-05-18 09:04:11] [INFO] Pesquisando e-mail com termo: 'Bordero_R0490_20260201'
[2026-05-18 09:04:11] [INFO] Busca enviada para termo: Bordero_R0490_20260201
[2026-05-18 09:04:15] [WARNING] Nenhum e-mail encontrado para a data 20260201.
[2026-05-18 09:04:15] [INFO] Pesquisando e-mail com termo: 'Bordero_R0490_20260202'
[2026-05-18 09:04:15] [INFO] Busca enviada para termo: Bordero_R0490_20260202
[2026-05-18 09:04:19] [WARNING] Nenhum e-mail encontrado para a data 20260202.
[2026-05-18 09:04:19] [INFO] Pesquisando e-mail com termo: 'Bordero_R0490_20260203'
[2026-05-18 09:04:19] [INFO] Busca enviada para termo: Bordero_R0490_20260203
[2026-05-18 09:04:23] [WARNING] Nenhum e-mail encontrado para a data 20260203.
[2026-05-18 09:04:23] [INFO] Pesquisando e-mail com termo: 'Bordero_R0490_20260207'
[2026-05-18 09:04:24] [INFO] Busca enviada para termo: Bordero_R0490_20260207
[2026-05-18 09:04:28] [WARNING] Nenhum e-mail encontrado para a data 20260207.
[2026-05-18 09:04:28] [INFO] Pesquisando e-mail com termo: 'Bordero_R0490_20260208'
[2026-05-18 09:04:28] [INFO] Busca enviada para termo: Bordero_R0490_20260208
[2026-05-18 09:04:32] [WARNING] Nenhum e-mail encontrado para a data 20260208.
[2026-05-18 09:04:32] [INFO] Pesquisando e-mail com termo: 'Bordero_R0490_20260214'
[2026-05-18 09:04:32] [INFO] Busca enviada para termo: Bordero_R0490_20260214
[2026-05-18 09:04:36] [WARNING] Nenhum e-mail encontrado para a data 20260214.
[2026-05-18 09:04:36] [INFO] Pesquisando e-mail com termo: 'Bordero_R0490_20260215'
[2026-05-18 09:04:36] [INFO] Busca enviada para termo: Bordero_R0490_20260215
[2026-05-18 09:04:40] [WARNING] Nenhum e-mail encontrado para a data 20260215.
[2026-05-18 09:04:40] [INFO] Pesquisando e-mail com termo: 'Bordero_R0490_20260220'
[2026-05-18 09:04:40] [INFO] Busca enviada para termo: Bordero_R0490_20260220
[2026-05-18 09:04:44] [WARNING] Nenhum e-mail encontrado para a data 20260220.
[2026-05-18 09:04:44] [INFO] Pesquisando e-mail com termo: 'Bordero_R0490_20260221'
[2026-05-18 09:04:45] [INFO] Busca enviada para termo: Bordero_R0490_20260221
[2026-05-18 09:04:49] [WARNING] Nenhum e-mail encontrado para a data 20260221.
[2026-05-18 09:04:49] [INFO] Pesquisando e-mail com termo: 'Bordero_R0490_20260222'
[2026-05-18 09:04:49] [INFO] Busca enviada para termo: Bordero_R0490_20260222
[2026-05-18 09:04:53] [WARNING] Nenhum e-mail encontrado para a data 20260222.
[2026-05-18 09:04:53] [INFO] Pesquisando e-mail com termo: 'Bordero_R0490_20260228'
[2026-05-18 09:04:53] [INFO] Busca enviada para termo: Bordero_R0490_20260228
[2026-05-18 09:04:57] [WARNING] Nenhum e-mail encontrado para a data 20260228.
[2026-05-18 09:04:57] [INFO] Pesquisando e-mail com termo: 'Bordero_R0490_20260301'
[2026-05-18 09:04:57] [INFO] Busca enviada para termo: Bordero_R0490_20260301
[2026-05-18 09:05:01] [WARNING] Nenhum e-mail encontrado para a data 20260301.
[2026-05-18 09:05:01] [INFO] Pesquisando e-mail com termo: 'Bordero_R0490_20260307'
[2026-05-18 09:05:01] [INFO] Busca enviada para termo: Bordero_R0490_20260307
[2026-05-18 09:05:05] [WARNING] Nenhum e-mail encontrado para a data 20260307.
[2026-05-18 09:05:05] [INFO] Pesquisando e-mail com termo: 'Bordero_R0490_20260308'
[2026-05-18 09:05:06] [INFO] Busca enviada para termo: Bordero_R0490_20260308
[2026-05-18 09:05:10] [WARNING] Nenhum e-mail encontrado para a data 20260308.
[2026-05-18 09:05:10] [INFO] Pesquisando e-mail com termo: 'Bordero_R0490_20260314'
[2026-05-18 09:05:10] [INFO] Busca enviada para termo: Bordero_R0490_20260314
[2026-05-18 09:05:14] [WARNING] Nenhum e-mail encontrado para a data 20260314.
[2026-05-18 09:05:14] [INFO] Pesquisando e-mail com termo: 'Bordero_R0490_20260315'
[2026-05-18 09:05:14] [INFO] Busca enviada para termo: Bordero_R0490_20260315
[2026-05-18 09:05:18] [WARNING] Nenhum e-mail encontrado para a data 20260315.
[2026-05-18 09:05:18] [INFO] Pesquisando e-mail com termo: 'Bordero_R0490_20260320'
[2026-05-18 09:05:18] [INFO] Busca enviada para termo: Bordero_R0490_20260320
[2026-05-18 09:05:22] [WARNING] Nenhum e-mail encontrado para a data 20260320.
[2026-05-18 09:05:22] [INFO] Pesquisando e-mail com termo: 'Bordero_R0490_20260321'
[2026-05-18 09:05:23] [INFO] Busca enviada para termo: Bordero_R0490_20260321
[2026-05-18 09:05:27] [WARNING] Nenhum e-mail encontrado para a data 20260321.
[2026-05-18 09:05:27] [INFO] Pesquisando e-mail com termo: 'Bordero_R0490_20260322'
[2026-05-18 09:05:27] [INFO] Busca enviada para termo: Bordero_R0490_20260322
[2026-05-18 09:05:31] [WARNING] Nenhum e-mail encontrado para a data 20260322.
[2026-05-18 09:05:31] [INFO] Pesquisando e-mail com termo: 'Bordero_R0490_20260324'
[2026-05-18 09:05:31] [INFO] Busca enviada para termo: Bordero_R0490_20260324
[2026-05-18 09:05:35] [WARNING] Nenhum e-mail encontrado para a data 20260324.
[2026-05-18 09:05:35] [INFO] Pesquisando e-mail com termo: 'Bordero_R0490_20260328'
[2026-05-18 09:05:35] [INFO] Busca enviada para termo: Bordero_R0490_20260328
[2026-05-18 09:05:39] [WARNING] Nenhum e-mail encontrado para a data 20260328.
[2026-05-18 09:05:39] [INFO] Pesquisando e-mail com termo: 'Bordero_R0490_20260329'
[2026-05-18 09:05:39] [INFO] Busca enviada para termo: Bordero_R0490_20260329
[2026-05-18 09:05:43] [WARNING] Nenhum e-mail encontrado para a data 20260329.
[2026-05-18 09:05:43] [INFO] Pesquisando e-mail com termo: 'Bordero_R0490_20260401'
[2026-05-18 09:05:44] [INFO] Busca enviada para termo: Bordero_R0490_20260401
[2026-05-18 09:05:48] [WARNING] Nenhum e-mail encontrado para a data 20260401.
[2026-05-18 09:05:48] [INFO] Pesquisando e-mail com termo: 'Bordero_R0490_20260404'
[2026-05-18 09:05:48] [INFO] Busca enviada para termo: Bordero_R0490_20260404
[2026-05-18 09:05:52] [WARNING] Nenhum e-mail encontrado para a data 20260404.
[2026-05-18 09:05:52] [INFO] Pesquisando e-mail com termo: 'Bordero_R0490_20260405'
[2026-05-18 09:05:52] [INFO] Busca enviada para termo: Bordero_R0490_20260405
[2026-05-18 09:05:56] [WARNING] Nenhum e-mail encontrado para a data 20260405.
[2026-05-18 09:05:56] [INFO] Pesquisando e-mail com termo: 'Bordero_R0490_20260407'
[2026-05-18 09:05:56] [INFO] Busca enviada para termo: Bordero_R0490_20260407
[2026-05-18 09:06:00] [WARNING] Nenhum e-mail encontrado para a data 20260407.
[2026-05-18 09:06:00] [INFO] Pesquisando e-mail com termo: 'Bordero_R0490_20260411'
[2026-05-18 09:06:00] [INFO] Busca enviada para termo: Bordero_R0490_20260411
[2026-05-18 09:06:04] [WARNING] Nenhum e-mail encontrado para a data 20260411.
[2026-05-18 09:06:04] [INFO] Pesquisando e-mail com termo: 'Bordero_R0490_20260412'
[2026-05-18 09:06:05] [INFO] Busca enviada para termo: Bordero_R0490_20260412
[2026-05-18 09:06:09] [WARNING] Nenhum e-mail encontrado para a data 20260412.
[2026-05-18 09:06:09] [INFO] Pesquisando e-mail com termo: 'Bordero_R0490_20260417'
[2026-05-18 09:06:09] [INFO] Busca enviada para termo: Bordero_R0490_20260417
[2026-05-18 09:06:13] [WARNING] Nenhum e-mail encontrado para a data 20260417.
[2026-05-18 09:06:13] [INFO] Pesquisando e-mail com termo: 'Bordero_R0490_20260418'
[2026-05-18 09:06:13] [INFO] Busca enviada para termo: Bordero_R0490_20260418
[2026-05-18 09:06:17] [WARNING] Nenhum e-mail encontrado para a data 20260418.
[2026-05-18 09:06:17] [INFO] Pesquisando e-mail com termo: 'Bordero_R0490_20260419'
[2026-05-18 09:06:17] [INFO] Busca enviada para termo: Bordero_R0490_20260419
[2026-05-18 09:06:21] [WARNING] Nenhum e-mail encontrado para a data 20260419.
[2026-05-18 09:06:21] [INFO] Pesquisando e-mail com termo: 'Bordero_R0490_20260425'
[2026-05-18 09:06:21] [INFO] Busca enviada para termo: Bordero_R0490_20260425
[2026-05-18 09:06:25] [WARNING] Nenhum e-mail encontrado para a data 20260425.
[2026-05-18 09:06:25] [INFO] Pesquisando e-mail com termo: 'Bordero_R0490_20260426'
[2026-05-18 09:06:26] [INFO] Busca enviada para termo: Bordero_R0490_20260426
[2026-05-18 09:06:30] [WARNING] Nenhum e-mail encontrado para a data 20260426.
[2026-05-18 09:06:30] [INFO] Pesquisando e-mail com termo: 'Bordero_R0490_20260502'
[2026-05-18 09:06:30] [INFO] Busca enviada para termo: Bordero_R0490_20260502
[2026-05-18 09:06:34] [WARNING] Nenhum e-mail encontrado para a data 20260502.
[2026-05-18 09:06:34] [INFO] Pesquisando e-mail com termo: 'Bordero_R0490_20260503'
[2026-05-18 09:06:34] [INFO] Busca enviada para termo: Bordero_R0490_20260503
[2026-05-18 09:06:38] [WARNING] Nenhum e-mail encontrado para a data 20260503.
[2026-05-18 09:06:38] [INFO] Pesquisando e-mail com termo: 'Bordero_R0490_20260509'
[2026-05-18 09:06:38] [INFO] Busca enviada para termo: Bordero_R0490_20260509
[2026-05-18 09:06:42] [WARNING] Nenhum e-mail encontrado para a data 20260509.
[2026-05-18 09:06:42] [INFO] Pesquisando e-mail com termo: 'Bordero_R0490_20260510'
[2026-05-18 09:06:42] [INFO] Busca enviada para termo: Bordero_R0490_20260510
[2026-05-18 09:06:46] [WARNING] Nenhum e-mail encontrado para a data 20260510.
[2026-05-18 09:06:46] [INFO] Pesquisando e-mail com termo: 'Bordero_R0490_20260516'
[2026-05-18 09:06:47] [INFO] Busca enviada para termo: Bordero_R0490_20260516
[2026-05-18 09:06:51] [WARNING] Nenhum e-mail encontrado para a data 20260516.
[2026-05-18 09:06:51] [INFO] Pesquisando e-mail com termo: 'Bordero_R0490_20260517'
[2026-05-18 09:06:51] [INFO] Busca enviada para termo: Bordero_R0490_20260517
[2026-05-18 09:06:55] [WARNING] Nenhum e-mail encontrado para a data 20260517.
[2026-05-18 09:06:55] [INFO] Pesquisando e-mail com termo: 'Bordero_R0490_20260518'
[2026-05-18 09:06:55] [INFO] Busca enviada para termo: Bordero_R0490_20260518
[2026-05-18 09:06:59] [INFO] Clicado no primeiro e-mail da lista (visualização).
[2026-05-18 09:07:02] [INFO] Realizado duplo clique (abrir em nova janela se houver).
[2026-05-18 09:07:02] [INFO] Nova janela com o e-mail foi aberta.
[2026-05-18 09:07:02] [INFO] Link de anexo (a) encontrado.
[2026-05-18 09:07:02] [INFO] Nome real do anexo identificado: Bordero_R0490_20260518_680614.ZIP
[2026-05-18 09:07:02] [INFO] Clique direto no <a> do anexo realizado (estratégia 1).
[2026-05-18 09:07:03] [INFO] Arquivo detectado na pasta de downloads: C:\Users\administrador\Downloads\Bordero_R0490_20260518_680614.ZIP
[2026-05-18 09:07:03] [INFO] Nome normalizado para histórico: Bordero_R0490_20260518.zip
[2026-05-18 09:07:03] [INFO] Arquivo movido de C:\Users\administrador\Downloads\Bordero_R0490_20260518_680614.ZIP para C:\temp\arquivo.zip
[2026-05-18 09:07:04] [INFO] Arquivo extraído com sucesso para: C:\Bordero Credsystem\Extraido
[2026-05-18 09:07:04] [INFO] Arquivo removido (não CSV): C:\Bordero Credsystem\Extraido\Bordero_R0490_L026364_20260518_25658.TXT
[2026-05-18 09:07:04] [INFO] Arquivo removido (não CSV): C:\Bordero Credsystem\Extraido\Bordero_R0490_L026367_20260518_25660.TXT
[2026-05-18 09:07:04] [INFO] Arquivo removido (não CSV): C:\Bordero Credsystem\Extraido\Bordero_R0490_L026380_20260518_25662.TXT
[2026-05-18 09:07:04] [INFO] Arquivo removido (não CSV): C:\Bordero Credsystem\Extraido\Bordero_R0490_L026384_20260518_25664.TXT
[2026-05-18 09:07:04] [INFO] Arquivo removido (não CSV): C:\Bordero Credsystem\Extraido\Bordero_R0490_L026385_20260518_25666.TXT
[2026-05-18 09:07:04] [INFO] Arquivo removido (não CSV): C:\Bordero Credsystem\Extraido\Bordero_R0490_L026408_20260518_25668.TXT
[2026-05-18 09:07:04] [INFO] Arquivo removido (não CSV): C:\Bordero Credsystem\Extraido\Bordero_R0490_L026409_20260518_25670.TXT
[2026-05-18 09:07:04] [INFO] Arquivo removido (não CSV): C:\Bordero Credsystem\Extraido\Bordero_R0490_L026413_20260518_25672.TXT
[2026-05-18 09:07:04] [INFO] Arquivo removido (não CSV): C:\Bordero Credsystem\Extraido\Bordero_R0490_L026414_20260518_25674.TXT
[2026-05-18 09:07:04] [INFO] Arquivo removido (não CSV): C:\Bordero Credsystem\Extraido\Bordero_R0490_L026417_20260518_25676.TXT
[2026-05-18 09:07:04] [INFO] Arquivo removido (não CSV): C:\Bordero Credsystem\Extraido\Bordero_R0490_L026422_20260518_25678.TXT
[2026-05-18 09:07:04] [INFO] Arquivo removido (não CSV): C:\Bordero Credsystem\Extraido\Bordero_R0490_L027095_20260518_25721.TXT
[2026-05-18 09:07:04] [INFO] Arquivo removido (não CSV): C:\Bordero Credsystem\Extraido\Bordero_R0490_L028960_20260518_25777.TXT
[2026-05-18 09:07:04] [INFO] Arquivo removido (não CSV): C:\Bordero Credsystem\Extraido\Bordero_R0490_L029748_20260518_25820.TXT
[2026-05-18 09:07:04] [INFO] Arquivo removido (não CSV): C:\Bordero Credsystem\Extraido\Bordero_R0490_L030439_20260518_25939.TXT
[2026-05-18 09:07:04] [INFO] Arquivo removido (não CSV): C:\Bordero Credsystem\Extraido\Bordero_R0490_L031321_20260518_26217.TXT
[2026-05-18 09:07:04] [INFO] Arquivo removido (não CSV): C:\Bordero Credsystem\Extraido\Bordero_R0490_L031386_20260518_26221.TXT
[2026-05-18 09:07:04] [INFO] Arquivo removido (não CSV): C:\Bordero Credsystem\Extraido\Bordero_R0490_L033116_20260518_27244.TXT
[2026-05-18 09:07:04] [INFO] Arquivo ZIP removido após extração: C:\temp\arquivo.zip
[2026-05-18 09:07:04] [INFO] Arquivo da data 20260518 processado com sucesso e histórico atualizado.
[2026-05-18 09:07:06] [INFO] Navegador encerrado.
[2026-05-19 09:00:04] [INFO] ====================================================================================================
[2026-05-19 09:00:04] [INFO]                          INICIANDO RPA PARA DOWNLOAD DE BORDERO NO WEBMAIL
[2026-05-19 09:00:04] [INFO]                                 Autor: John Kennedy | Versão: 1.0.3                                 
[2026-05-19 09:00:04] [INFO] ====================================================================================================
[2026-05-19 09:00:04] [INFO] Datas pendentes para buscar: 20250821, 20250823, 20250824, 20250830, 20250831, 20250906, 20250907, 20250913, 20250914, 20250920, 20250921, 20250927, 20250928, 20251004, 20251005, 20251011, 20251012, 20251018, 20251019, 20251022, 20251025, 20251026, 20251101, 20251102, 20251106, 20251108, 20251109, 20251115, 20251116, 20251122, 20251123, 20251124, 20251129, 20251130, 20251206, 20251207, 20251211, 20251213, 20251214, 20251217, 20251218, 20251220, 20251221, 20251227, 20251228, 20260103, 20260104, 20260110, 20260111, 20260117, 20260118, 20260124, 20260125, 20260131, 20260201, 20260202, 20260203, 20260207, 20260208, 20260214, 20260215, 20260220, 20260221, 20260222, 20260228, 20260301, 20260307, 20260308, 20260314, 20260315, 20260320, 20260321, 20260322, 20260324, 20260328, 20260329, 20260401, 20260404, 20260405, 20260407, 20260411, 20260412, 20260417, 20260418, 20260419, 20260425, 20260426, 20260502, 20260503, 20260509, 20260510, 20260516, 20260517, 20260519
[2026-05-19 09:00:08] [INFO] Page.setDownloadBehavior configurado para: C:\Users\administrador\Downloads
[2026-05-19 09:00:08] [INFO] Chrome iniciado.
[2026-05-19 09:00:17] [INFO] Login realizado.
[2026-05-19 09:00:22] [INFO] Pesquisando e-mail com termo: 'Bordero_R0490_20250821'
[2026-05-19 09:00:22] [INFO] Busca enviada para termo: Bordero_R0490_20250821
[2026-05-19 09:00:26] [WARNING] Nenhum e-mail encontrado para a data 20250821.
[2026-05-19 09:00:26] [INFO] Pesquisando e-mail com termo: 'Bordero_R0490_20250823'
[2026-05-19 09:00:27] [INFO] Busca enviada para termo: Bordero_R0490_20250823
[2026-05-19 09:00:31] [WARNING] Nenhum e-mail encontrado para a data 20250823.
[2026-05-19 09:00:31] [INFO] Pesquisando e-mail com termo: 'Bordero_R0490_20250824'
[2026-05-19 09:00:31] [INFO] Busca enviada para termo: Bordero_R0490_20250824
[2026-05-19 09:00:35] [WARNING] Nenhum e-mail encontrado para a data 20250824.
[2026-05-19 09:00:35] [INFO] Pesquisando e-mail com termo: 'Bordero_R0490_20250830'
[2026-05-19 09:00:35] [INFO] Busca enviada para termo: Bordero_R0490_20250830
[2026-05-19 09:00:39] [WARNING] Nenhum e-mail encontrado para a data 20250830.
[2026-05-19 09:00:39] [INFO] Pesquisando e-mail com termo: 'Bordero_R0490_20250831'
[2026-05-19 09:00:39] [INFO] Busca enviada para termo: Bordero_R0490_20250831
[2026-05-19 09:00:43] [WARNING] Nenhum e-mail encontrado para a data 20250831.
[2026-05-19 09:00:43] [INFO] Pesquisando e-mail com termo: 'Bordero_R0490_20250906'
[2026-05-19 09:00:43] [INFO] Busca enviada para termo: Bordero_R0490_20250906
[2026-05-19 09:00:47] [WARNING] Nenhum e-mail encontrado para a data 20250906.
[2026-05-19 09:00:47] [INFO] Pesquisando e-mail com termo: 'Bordero_R0490_20250907'
[2026-05-19 09:00:48] [INFO] Busca enviada para termo: Bordero_R0490_20250907
[2026-05-19 09:00:52] [WARNING] Nenhum e-mail encontrado para a data 20250907.
[2026-05-19 09:00:52] [INFO] Pesquisando e-mail com termo: 'Bordero_R0490_20250913'
[2026-05-19 09:00:52] [INFO] Busca enviada para termo: Bordero_R0490_20250913
[2026-05-19 09:00:56] [WARNING] Nenhum e-mail encontrado para a data 20250913.
[2026-05-19 09:00:56] [INFO] Pesquisando e-mail com termo: 'Bordero_R0490_20250914'
[2026-05-19 09:00:56] [INFO] Busca enviada para termo: Bordero_R0490_20250914
[2026-05-19 09:01:00] [WARNING] Nenhum e-mail encontrado para a data 20250914.
[2026-05-19 09:01:00] [INFO] Pesquisando e-mail com termo: 'Bordero_R0490_20250920'
[2026-05-19 09:01:00] [INFO] Busca enviada para termo: Bordero_R0490_20250920
[2026-05-19 09:01:04] [WARNING] Nenhum e-mail encontrado para a data 20250920.
[2026-05-19 09:01:04] [INFO] Pesquisando e-mail com termo: 'Bordero_R0490_20250921'
[2026-05-19 09:01:04] [INFO] Busca enviada para termo: Bordero_R0490_20250921
[2026-05-19 09:01:08] [WARNING] Nenhum e-mail encontrado para a data 20250921.
[2026-05-19 09:01:08] [INFO] Pesquisando e-mail com termo: 'Bordero_R0490_20250927'
[2026-05-19 09:01:09] [INFO] Busca enviada para termo: Bordero_R0490_20250927
[2026-05-19 09:01:13] [WARNING] Nenhum e-mail encontrado para a data 20250927.
[2026-05-19 09:01:13] [INFO] Pesquisando e-mail com termo: 'Bordero_R0490_20250928'
[2026-05-19 09:01:13] [INFO] Busca enviada para termo: Bordero_R0490_20250928
[2026-05-19 09:01:17] [WARNING] Nenhum e-mail encontrado para a data 20250928.
[2026-05-19 09:01:17] [INFO] Pesquisando e-mail com termo: 'Bordero_R0490_20251004'
[2026-05-19 09:01:17] [INFO] Busca enviada para termo: Bordero_R0490_20251004
[2026-05-19 09:01:21] [WARNING] Nenhum e-mail encontrado para a data 20251004.
[2026-05-19 09:01:21] [INFO] Pesquisando e-mail com termo: 'Bordero_R0490_20251005'
[2026-05-19 09:01:21] [INFO] Busca enviada para termo: Bordero_R0490_20251005
[2026-05-19 09:01:25] [WARNING] Nenhum e-mail encontrado para a data 20251005.
[2026-05-19 09:01:25] [INFO] Pesquisando e-mail com termo: 'Bordero_R0490_20251011'
[2026-05-19 09:01:25] [INFO] Busca enviada para termo: Bordero_R0490_20251011
[2026-05-19 09:01:29] [WARNING] Nenhum e-mail encontrado para a data 20251011.
[2026-05-19 09:01:29] [INFO] Pesquisando e-mail com termo: 'Bordero_R0490_20251012'
[2026-05-19 09:01:30] [INFO] Busca enviada para termo: Bordero_R0490_20251012
[2026-05-19 09:01:34] [WARNING] Nenhum e-mail encontrado para a data 20251012.
[2026-05-19 09:01:34] [INFO] Pesquisando e-mail com termo: 'Bordero_R0490_20251018'
[2026-05-19 09:01:34] [INFO] Busca enviada para termo: Bordero_R0490_20251018
[2026-05-19 09:01:38] [WARNING] Nenhum e-mail encontrado para a data 20251018.
[2026-05-19 09:01:38] [INFO] Pesquisando e-mail com termo: 'Bordero_R0490_20251019'
[2026-05-19 09:01:38] [INFO] Busca enviada para termo: Bordero_R0490_20251019
[2026-05-19 09:01:42] [WARNING] Nenhum e-mail encontrado para a data 20251019.
[2026-05-19 09:01:42] [INFO] Pesquisando e-mail com termo: 'Bordero_R0490_20251022'
[2026-05-19 09:01:42] [INFO] Busca enviada para termo: Bordero_R0490_20251022
[2026-05-19 09:01:46] [WARNING] Nenhum e-mail encontrado para a data 20251022.
[2026-05-19 09:01:46] [INFO] Pesquisando e-mail com termo: 'Bordero_R0490_20251025'
[2026-05-19 09:01:46] [INFO] Busca enviada para termo: Bordero_R0490_20251025
[2026-05-19 09:01:50] [WARNING] Nenhum e-mail encontrado para a data 20251025.
[2026-05-19 09:01:50] [INFO] Pesquisando e-mail com termo: 'Bordero_R0490_20251026'
[2026-05-19 09:01:51] [INFO] Busca enviada para termo: Bordero_R0490_20251026
[2026-05-19 09:01:55] [WARNING] Nenhum e-mail encontrado para a data 20251026.
[2026-05-19 09:01:55] [INFO] Pesquisando e-mail com termo: 'Bordero_R0490_20251101'
[2026-05-19 09:01:55] [INFO] Busca enviada para termo: Bordero_R0490_20251101
[2026-05-19 09:01:59] [WARNING] Nenhum e-mail encontrado para a data 20251101.
[2026-05-19 09:01:59] [INFO] Pesquisando e-mail com termo: 'Bordero_R0490_20251102'
[2026-05-19 09:01:59] [INFO] Busca enviada para termo: Bordero_R0490_20251102
[2026-05-19 09:02:03] [WARNING] Nenhum e-mail encontrado para a data 20251102.
[2026-05-19 09:02:03] [INFO] Pesquisando e-mail com termo: 'Bordero_R0490_20251106'
[2026-05-19 09:02:03] [INFO] Busca enviada para termo: Bordero_R0490_20251106
[2026-05-19 09:02:07] [WARNING] Nenhum e-mail encontrado para a data 20251106.
[2026-05-19 09:02:07] [INFO] Pesquisando e-mail com termo: 'Bordero_R0490_20251108'
[2026-05-19 09:02:07] [INFO] Busca enviada para termo: Bordero_R0490_20251108
[2026-05-19 09:02:11] [WARNING] Nenhum e-mail encontrado para a data 20251108.
[2026-05-19 09:02:11] [INFO] Pesquisando e-mail com termo: 'Bordero_R0490_20251109'
[2026-05-19 09:02:12] [INFO] Busca enviada para termo: Bordero_R0490_20251109
[2026-05-19 09:02:16] [WARNING] Nenhum e-mail encontrado para a data 20251109.
[2026-05-19 09:02:16] [INFO] Pesquisando e-mail com termo: 'Bordero_R0490_20251115'
[2026-05-19 09:02:16] [INFO] Busca enviada para termo: Bordero_R0490_20251115
[2026-05-19 09:02:20] [WARNING] Nenhum e-mail encontrado para a data 20251115.
[2026-05-19 09:02:20] [INFO] Pesquisando e-mail com termo: 'Bordero_R0490_20251116'
[2026-05-19 09:02:20] [INFO] Busca enviada para termo: Bordero_R0490_20251116
[2026-05-19 09:02:24] [WARNING] Nenhum e-mail encontrado para a data 20251116.
[2026-05-19 09:02:24] [INFO] Pesquisando e-mail com termo: 'Bordero_R0490_20251122'
[2026-05-19 09:02:24] [INFO] Busca enviada para termo: Bordero_R0490_20251122
[2026-05-19 09:02:28] [WARNING] Nenhum e-mail encontrado para a data 20251122.
[2026-05-19 09:02:28] [INFO] Pesquisando e-mail com termo: 'Bordero_R0490_20251123'
[2026-05-19 09:02:28] [INFO] Busca enviada para termo: Bordero_R0490_20251123
[2026-05-19 09:02:32] [WARNING] Nenhum e-mail encontrado para a data 20251123.
[2026-05-19 09:02:32] [INFO] Pesquisando e-mail com termo: 'Bordero_R0490_20251124'
[2026-05-19 09:02:33] [INFO] Busca enviada para termo: Bordero_R0490_20251124
[2026-05-19 09:02:37] [WARNING] Nenhum e-mail encontrado para a data 20251124.
[2026-05-19 09:02:37] [INFO] Pesquisando e-mail com termo: 'Bordero_R0490_20251129'
[2026-05-19 09:02:37] [INFO] Busca enviada para termo: Bordero_R0490_20251129
[2026-05-19 09:02:41] [WARNING] Nenhum e-mail encontrado para a data 20251129.
[2026-05-19 09:02:41] [INFO] Pesquisando e-mail com termo: 'Bordero_R0490_20251130'
[2026-05-19 09:02:41] [INFO] Busca enviada para termo: Bordero_R0490_20251130
[2026-05-19 09:02:45] [WARNING] Nenhum e-mail encontrado para a data 20251130.
[2026-05-19 09:02:45] [INFO] Pesquisando e-mail com termo: 'Bordero_R0490_20251206'
[2026-05-19 09:02:45] [INFO] Busca enviada para termo: Bordero_R0490_20251206
[2026-05-19 09:02:49] [WARNING] Nenhum e-mail encontrado para a data 20251206.
[2026-05-19 09:02:49] [INFO] Pesquisando e-mail com termo: 'Bordero_R0490_20251207'
[2026-05-19 09:02:49] [INFO] Busca enviada para termo: Bordero_R0490_20251207
[2026-05-19 09:02:54] [WARNING] Nenhum e-mail encontrado para a data 20251207.
[2026-05-19 09:02:54] [INFO] Pesquisando e-mail com termo: 'Bordero_R0490_20251211'
[2026-05-19 09:02:54] [INFO] Busca enviada para termo: Bordero_R0490_20251211
[2026-05-19 09:02:58] [WARNING] Nenhum e-mail encontrado para a data 20251211.
[2026-05-19 09:02:58] [INFO] Pesquisando e-mail com termo: 'Bordero_R0490_20251213'
[2026-05-19 09:02:58] [INFO] Busca enviada para termo: Bordero_R0490_20251213
[2026-05-19 09:03:02] [WARNING] Nenhum e-mail encontrado para a data 20251213.
[2026-05-19 09:03:02] [INFO] Pesquisando e-mail com termo: 'Bordero_R0490_20251214'
[2026-05-19 09:03:02] [INFO] Busca enviada para termo: Bordero_R0490_20251214
[2026-05-19 09:03:06] [WARNING] Nenhum e-mail encontrado para a data 20251214.
[2026-05-19 09:03:06] [INFO] Pesquisando e-mail com termo: 'Bordero_R0490_20251217'
[2026-05-19 09:03:06] [INFO] Busca enviada para termo: Bordero_R0490_20251217
[2026-05-19 09:03:10] [WARNING] Nenhum e-mail encontrado para a data 20251217.
[2026-05-19 09:03:10] [INFO] Pesquisando e-mail com termo: 'Bordero_R0490_20251218'
[2026-05-19 09:03:10] [INFO] Busca enviada para termo: Bordero_R0490_20251218
[2026-05-19 09:03:15] [WARNING] Nenhum e-mail encontrado para a data 20251218.
[2026-05-19 09:03:15] [INFO] Pesquisando e-mail com termo: 'Bordero_R0490_20251220'
[2026-05-19 09:03:15] [INFO] Busca enviada para termo: Bordero_R0490_20251220
[2026-05-19 09:03:19] [WARNING] Nenhum e-mail encontrado para a data 20251220.
[2026-05-19 09:03:19] [INFO] Pesquisando e-mail com termo: 'Bordero_R0490_20251221'
[2026-05-19 09:03:19] [INFO] Busca enviada para termo: Bordero_R0490_20251221
[2026-05-19 09:03:23] [WARNING] Nenhum e-mail encontrado para a data 20251221.
[2026-05-19 09:03:23] [INFO] Pesquisando e-mail com termo: 'Bordero_R0490_20251227'
[2026-05-19 09:03:23] [INFO] Busca enviada para termo: Bordero_R0490_20251227
[2026-05-19 09:03:27] [WARNING] Nenhum e-mail encontrado para a data 20251227.
[2026-05-19 09:03:27] [INFO] Pesquisando e-mail com termo: 'Bordero_R0490_20251228'
[2026-05-19 09:03:27] [INFO] Busca enviada para termo: Bordero_R0490_20251228
[2026-05-19 09:03:31] [WARNING] Nenhum e-mail encontrado para a data 20251228.
[2026-05-19 09:03:31] [INFO] Pesquisando e-mail com termo: 'Bordero_R0490_20260103'
[2026-05-19 09:03:32] [INFO] Busca enviada para termo: Bordero_R0490_20260103
[2026-05-19 09:03:36] [WARNING] Nenhum e-mail encontrado para a data 20260103.
[2026-05-19 09:03:36] [INFO] Pesquisando e-mail com termo: 'Bordero_R0490_20260104'
[2026-05-19 09:03:36] [INFO] Busca enviada para termo: Bordero_R0490_20260104
[2026-05-19 09:03:40] [WARNING] Nenhum e-mail encontrado para a data 20260104.
[2026-05-19 09:03:40] [INFO] Pesquisando e-mail com termo: 'Bordero_R0490_20260110'
[2026-05-19 09:03:40] [INFO] Busca enviada para termo: Bordero_R0490_20260110
[2026-05-19 09:03:44] [WARNING] Nenhum e-mail encontrado para a data 20260110.
[2026-05-19 09:03:44] [INFO] Pesquisando e-mail com termo: 'Bordero_R0490_20260111'
[2026-05-19 09:03:44] [INFO] Busca enviada para termo: Bordero_R0490_20260111
[2026-05-19 09:03:48] [WARNING] Nenhum e-mail encontrado para a data 20260111.
[2026-05-19 09:03:48] [INFO] Pesquisando e-mail com termo: 'Bordero_R0490_20260117'
[2026-05-19 09:03:48] [INFO] Busca enviada para termo: Bordero_R0490_20260117
[2026-05-19 09:03:52] [WARNING] Nenhum e-mail encontrado para a data 20260117.
[2026-05-19 09:03:52] [INFO] Pesquisando e-mail com termo: 'Bordero_R0490_20260118'
[2026-05-19 09:03:53] [INFO] Busca enviada para termo: Bordero_R0490_20260118
[2026-05-19 09:03:57] [WARNING] Nenhum e-mail encontrado para a data 20260118.
[2026-05-19 09:03:57] [INFO] Pesquisando e-mail com termo: 'Bordero_R0490_20260124'
[2026-05-19 09:03:57] [INFO] Busca enviada para termo: Bordero_R0490_20260124
[2026-05-19 09:04:01] [WARNING] Nenhum e-mail encontrado para a data 20260124.
[2026-05-19 09:04:01] [INFO] Pesquisando e-mail com termo: 'Bordero_R0490_20260125'
[2026-05-19 09:04:01] [INFO] Busca enviada para termo: Bordero_R0490_20260125
[2026-05-19 09:04:05] [WARNING] Nenhum e-mail encontrado para a data 20260125.
[2026-05-19 09:04:05] [INFO] Pesquisando e-mail com termo: 'Bordero_R0490_20260131'
[2026-05-19 09:04:05] [INFO] Busca enviada para termo: Bordero_R0490_20260131
[2026-05-19 09:04:09] [WARNING] Nenhum e-mail encontrado para a data 20260131.
[2026-05-19 09:04:09] [INFO] Pesquisando e-mail com termo: 'Bordero_R0490_20260201'
[2026-05-19 09:04:09] [INFO] Busca enviada para termo: Bordero_R0490_20260201
[2026-05-19 09:04:13] [WARNING] Nenhum e-mail encontrado para a data 20260201.
[2026-05-19 09:04:13] [INFO] Pesquisando e-mail com termo: 'Bordero_R0490_20260202'
[2026-05-19 09:04:14] [INFO] Busca enviada para termo: Bordero_R0490_20260202
[2026-05-19 09:04:18] [WARNING] Nenhum e-mail encontrado para a data 20260202.
[2026-05-19 09:04:18] [INFO] Pesquisando e-mail com termo: 'Bordero_R0490_20260203'
[2026-05-19 09:04:18] [INFO] Busca enviada para termo: Bordero_R0490_20260203
[2026-05-19 09:04:22] [WARNING] Nenhum e-mail encontrado para a data 20260203.
[2026-05-19 09:04:22] [INFO] Pesquisando e-mail com termo: 'Bordero_R0490_20260207'
[2026-05-19 09:04:22] [INFO] Busca enviada para termo: Bordero_R0490_20260207
[2026-05-19 09:04:26] [WARNING] Nenhum e-mail encontrado para a data 20260207.
[2026-05-19 09:04:26] [INFO] Pesquisando e-mail com termo: 'Bordero_R0490_20260208'
[2026-05-19 09:04:26] [INFO] Busca enviada para termo: Bordero_R0490_20260208
[2026-05-19 09:04:30] [WARNING] Nenhum e-mail encontrado para a data 20260208.
[2026-05-19 09:04:30] [INFO] Pesquisando e-mail com termo: 'Bordero_R0490_20260214'
[2026-05-19 09:04:30] [INFO] Busca enviada para termo: Bordero_R0490_20260214
[2026-05-19 09:04:34] [WARNING] Nenhum e-mail encontrado para a data 20260214.
[2026-05-19 09:04:34] [INFO] Pesquisando e-mail com termo: 'Bordero_R0490_20260215'
[2026-05-19 09:04:35] [INFO] Busca enviada para termo: Bordero_R0490_20260215
[2026-05-19 09:04:39] [WARNING] Nenhum e-mail encontrado para a data 20260215.
[2026-05-19 09:04:39] [INFO] Pesquisando e-mail com termo: 'Bordero_R0490_20260220'
[2026-05-19 09:04:39] [INFO] Busca enviada para termo: Bordero_R0490_20260220
[2026-05-19 09:04:43] [WARNING] Nenhum e-mail encontrado para a data 20260220.
[2026-05-19 09:04:43] [INFO] Pesquisando e-mail com termo: 'Bordero_R0490_20260221'
[2026-05-19 09:04:43] [INFO] Busca enviada para termo: Bordero_R0490_20260221
[2026-05-19 09:04:47] [WARNING] Nenhum e-mail encontrado para a data 20260221.
[2026-05-19 09:04:47] [INFO] Pesquisando e-mail com termo: 'Bordero_R0490_20260222'
[2026-05-19 09:04:47] [INFO] Busca enviada para termo: Bordero_R0490_20260222
[2026-05-19 09:04:51] [WARNING] Nenhum e-mail encontrado para a data 20260222.
[2026-05-19 09:04:51] [INFO] Pesquisando e-mail com termo: 'Bordero_R0490_20260228'
[2026-05-19 09:04:51] [INFO] Busca enviada para termo: Bordero_R0490_20260228
[2026-05-19 09:04:55] [WARNING] Nenhum e-mail encontrado para a data 20260228.
[2026-05-19 09:04:55] [INFO] Pesquisando e-mail com termo: 'Bordero_R0490_20260301'
[2026-05-19 09:04:56] [INFO] Busca enviada para termo: Bordero_R0490_20260301
[2026-05-19 09:05:00] [WARNING] Nenhum e-mail encontrado para a data 20260301.
[2026-05-19 09:05:00] [INFO] Pesquisando e-mail com termo: 'Bordero_R0490_20260307'
[2026-05-19 09:05:00] [INFO] Busca enviada para termo: Bordero_R0490_20260307
[2026-05-19 09:05:04] [WARNING] Nenhum e-mail encontrado para a data 20260307.
[2026-05-19 09:05:04] [INFO] Pesquisando e-mail com termo: 'Bordero_R0490_20260308'
[2026-05-19 09:05:04] [INFO] Busca enviada para termo: Bordero_R0490_20260308
[2026-05-19 09:05:08] [WARNING] Nenhum e-mail encontrado para a data 20260308.
[2026-05-19 09:05:08] [INFO] Pesquisando e-mail com termo: 'Bordero_R0490_20260314'
[2026-05-19 09:05:08] [INFO] Busca enviada para termo: Bordero_R0490_20260314
[2026-05-19 09:05:12] [WARNING] Nenhum e-mail encontrado para a data 20260314.
[2026-05-19 09:05:12] [INFO] Pesquisando e-mail com termo: 'Bordero_R0490_20260315'
[2026-05-19 09:05:12] [INFO] Busca enviada para termo: Bordero_R0490_20260315
[2026-05-19 09:05:16] [WARNING] Nenhum e-mail encontrado para a data 20260315.
[2026-05-19 09:05:16] [INFO] Pesquisando e-mail com termo: 'Bordero_R0490_20260320'
[2026-05-19 09:05:17] [INFO] Busca enviada para termo: Bordero_R0490_20260320
[2026-05-19 09:05:21] [WARNING] Nenhum e-mail encontrado para a data 20260320.
[2026-05-19 09:05:21] [INFO] Pesquisando e-mail com termo: 'Bordero_R0490_20260321'
[2026-05-19 09:05:21] [INFO] Busca enviada para termo: Bordero_R0490_20260321
[2026-05-19 09:05:25] [WARNING] Nenhum e-mail encontrado para a data 20260321.
[2026-05-19 09:05:25] [INFO] Pesquisando e-mail com termo: 'Bordero_R0490_20260322'
[2026-05-19 09:05:25] [INFO] Busca enviada para termo: Bordero_R0490_20260322
[2026-05-19 09:05:29] [WARNING] Nenhum e-mail encontrado para a data 20260322.
[2026-05-19 09:05:29] [INFO] Pesquisando e-mail com termo: 'Bordero_R0490_20260324'
[2026-05-19 09:05:29] [INFO] Busca enviada para termo: Bordero_R0490_20260324
[2026-05-19 09:05:33] [WARNING] Nenhum e-mail encontrado para a data 20260324.
[2026-05-19 09:05:33] [INFO] Pesquisando e-mail com termo: 'Bordero_R0490_20260328'
[2026-05-19 09:05:33] [INFO] Busca enviada para termo: Bordero_R0490_20260328
[2026-05-19 09:05:37] [WARNING] Nenhum e-mail encontrado para a data 20260328.
[2026-05-19 09:05:37] [INFO] Pesquisando e-mail com termo: 'Bordero_R0490_20260329'
[2026-05-19 09:05:38] [INFO] Busca enviada para termo: Bordero_R0490_20260329
[2026-05-19 09:05:42] [WARNING] Nenhum e-mail encontrado para a data 20260329.
[2026-05-19 09:05:42] [INFO] Pesquisando e-mail com termo: 'Bordero_R0490_20260401'
[2026-05-19 09:05:42] [INFO] Busca enviada para termo: Bordero_R0490_20260401
[2026-05-19 09:05:46] [WARNING] Nenhum e-mail encontrado para a data 20260401.
[2026-05-19 09:05:46] [INFO] Pesquisando e-mail com termo: 'Bordero_R0490_20260404'
[2026-05-19 09:05:46] [INFO] Busca enviada para termo: Bordero_R0490_20260404
[2026-05-19 09:05:50] [WARNING] Nenhum e-mail encontrado para a data 20260404.
[2026-05-19 09:05:50] [INFO] Pesquisando e-mail com termo: 'Bordero_R0490_20260405'
[2026-05-19 09:05:50] [INFO] Busca enviada para termo: Bordero_R0490_20260405
[2026-05-19 09:05:54] [WARNING] Nenhum e-mail encontrado para a data 20260405.
[2026-05-19 09:05:54] [INFO] Pesquisando e-mail com termo: 'Bordero_R0490_20260407'
[2026-05-19 09:05:54] [INFO] Busca enviada para termo: Bordero_R0490_20260407
[2026-05-19 09:05:58] [WARNING] Nenhum e-mail encontrado para a data 20260407.
[2026-05-19 09:05:58] [INFO] Pesquisando e-mail com termo: 'Bordero_R0490_20260411'
[2026-05-19 09:05:59] [INFO] Busca enviada para termo: Bordero_R0490_20260411
[2026-05-19 09:06:03] [WARNING] Nenhum e-mail encontrado para a data 20260411.
[2026-05-19 09:06:03] [INFO] Pesquisando e-mail com termo: 'Bordero_R0490_20260412'
[2026-05-19 09:06:03] [INFO] Busca enviada para termo: Bordero_R0490_20260412
[2026-05-19 09:06:07] [WARNING] Nenhum e-mail encontrado para a data 20260412.
[2026-05-19 09:06:07] [INFO] Pesquisando e-mail com termo: 'Bordero_R0490_20260417'
[2026-05-19 09:06:07] [INFO] Busca enviada para termo: Bordero_R0490_20260417
[2026-05-19 09:06:11] [WARNING] Nenhum e-mail encontrado para a data 20260417.
[2026-05-19 09:06:11] [INFO] Pesquisando e-mail com termo: 'Bordero_R0490_20260418'
[2026-05-19 09:06:11] [INFO] Busca enviada para termo: Bordero_R0490_20260418
[2026-05-19 09:06:15] [WARNING] Nenhum e-mail encontrado para a data 20260418.
[2026-05-19 09:06:15] [INFO] Pesquisando e-mail com termo: 'Bordero_R0490_20260419'
[2026-05-19 09:06:15] [INFO] Busca enviada para termo: Bordero_R0490_20260419
[2026-05-19 09:06:19] [WARNING] Nenhum e-mail encontrado para a data 20260419.
[2026-05-19 09:06:19] [INFO] Pesquisando e-mail com termo: 'Bordero_R0490_20260425'
[2026-05-19 09:06:20] [INFO] Busca enviada para termo: Bordero_R0490_20260425
[2026-05-19 09:06:24] [WARNING] Nenhum e-mail encontrado para a data 20260425.
[2026-05-19 09:06:24] [INFO] Pesquisando e-mail com termo: 'Bordero_R0490_20260426'
[2026-05-19 09:06:24] [INFO] Busca enviada para termo: Bordero_R0490_20260426
[2026-05-19 09:06:28] [WARNING] Nenhum e-mail encontrado para a data 20260426.
[2026-05-19 09:06:28] [INFO] Pesquisando e-mail com termo: 'Bordero_R0490_20260502'
[2026-05-19 09:06:28] [INFO] Busca enviada para termo: Bordero_R0490_20260502
[2026-05-19 09:06:32] [WARNING] Nenhum e-mail encontrado para a data 20260502.
[2026-05-19 09:06:32] [INFO] Pesquisando e-mail com termo: 'Bordero_R0490_20260503'
[2026-05-19 09:06:32] [INFO] Busca enviada para termo: Bordero_R0490_20260503
[2026-05-19 09:06:36] [WARNING] Nenhum e-mail encontrado para a data 20260503.
[2026-05-19 09:06:36] [INFO] Pesquisando e-mail com termo: 'Bordero_R0490_20260509'
[2026-05-19 09:06:36] [INFO] Busca enviada para termo: Bordero_R0490_20260509
[2026-05-19 09:06:40] [WARNING] Nenhum e-mail encontrado para a data 20260509.
[2026-05-19 09:06:40] [INFO] Pesquisando e-mail com termo: 'Bordero_R0490_20260510'
[2026-05-19 09:06:41] [INFO] Busca enviada para termo: Bordero_R0490_20260510
[2026-05-19 09:06:45] [WARNING] Nenhum e-mail encontrado para a data 20260510.
[2026-05-19 09:06:45] [INFO] Pesquisando e-mail com termo: 'Bordero_R0490_20260516'
[2026-05-19 09:06:45] [INFO] Busca enviada para termo: Bordero_R0490_20260516
[2026-05-19 09:06:49] [WARNING] Nenhum e-mail encontrado para a data 20260516.
[2026-05-19 09:06:49] [INFO] Pesquisando e-mail com termo: 'Bordero_R0490_20260517'
[2026-05-19 09:06:49] [INFO] Busca enviada para termo: Bordero_R0490_20260517
[2026-05-19 09:06:53] [WARNING] Nenhum e-mail encontrado para a data 20260517.
[2026-05-19 09:06:53] [INFO] Pesquisando e-mail com termo: 'Bordero_R0490_20260519'
[2026-05-19 09:06:53] [INFO] Busca enviada para termo: Bordero_R0490_20260519
[2026-05-19 09:06:57] [INFO] Clicado no primeiro e-mail da lista (visualização).
[2026-05-19 09:07:00] [INFO] Realizado duplo clique (abrir em nova janela se houver).
[2026-05-19 09:07:00] [INFO] Nova janela com o e-mail foi aberta.
[2026-05-19 09:07:00] [INFO] Link de anexo (a) encontrado.
[2026-05-19 09:07:00] [INFO] Nome real do anexo identificado: Bordero_R0490_20260519_688390.ZIP
[2026-05-19 09:07:00] [INFO] Clique direto no <a> do anexo realizado (estratégia 1).
[2026-05-19 09:07:01] [INFO] Arquivo detectado na pasta de downloads: C:\Users\administrador\Downloads\Bordero_R0490_20260519_688390.ZIP
[2026-05-19 09:07:01] [INFO] Nome normalizado para histórico: Bordero_R0490_20260519.zip
[2026-05-19 09:07:01] [INFO] Arquivo movido de C:\Users\administrador\Downloads\Bordero_R0490_20260519_688390.ZIP para C:\temp\arquivo.zip
[2026-05-19 09:07:02] [INFO] Arquivo extraído com sucesso para: C:\Bordero Credsystem\Extraido
[2026-05-19 09:07:02] [INFO] Arquivo removido (não CSV): C:\Bordero Credsystem\Extraido\Bordero_R0490_L026364_20260519_33652.TXT
[2026-05-19 09:07:02] [INFO] Arquivo removido (não CSV): C:\Bordero Credsystem\Extraido\Bordero_R0490_L026367_20260519_33654.TXT
[2026-05-19 09:07:02] [INFO] Arquivo removido (não CSV): C:\Bordero Credsystem\Extraido\Bordero_R0490_L026380_20260519_33656.TXT
[2026-05-19 09:07:02] [INFO] Arquivo removido (não CSV): C:\Bordero Credsystem\Extraido\Bordero_R0490_L026384_20260519_33659.TXT
[2026-05-19 09:07:02] [INFO] Arquivo removido (não CSV): C:\Bordero Credsystem\Extraido\Bordero_R0490_L026385_20260519_33661.TXT
[2026-05-19 09:07:02] [INFO] Arquivo removido (não CSV): C:\Bordero Credsystem\Extraido\Bordero_R0490_L026408_20260519_33664.TXT
[2026-05-19 09:07:02] [INFO] Arquivo removido (não CSV): C:\Bordero Credsystem\Extraido\Bordero_R0490_L026409_20260519_33666.TXT
[2026-05-19 09:07:02] [INFO] Arquivo removido (não CSV): C:\Bordero Credsystem\Extraido\Bordero_R0490_L026413_20260519_33669.TXT
[2026-05-19 09:07:02] [INFO] Arquivo removido (não CSV): C:\Bordero Credsystem\Extraido\Bordero_R0490_L026414_20260519_33671.TXT
[2026-05-19 09:07:02] [INFO] Arquivo removido (não CSV): C:\Bordero Credsystem\Extraido\Bordero_R0490_L026417_20260519_33673.TXT
[2026-05-19 09:07:02] [INFO] Arquivo removido (não CSV): C:\Bordero Credsystem\Extraido\Bordero_R0490_L026422_20260519_33675.TXT
[2026-05-19 09:07:02] [INFO] Arquivo removido (não CSV): C:\Bordero Credsystem\Extraido\Bordero_R0490_L027095_20260519_33713.TXT
[2026-05-19 09:07:02] [INFO] Arquivo removido (não CSV): C:\Bordero Credsystem\Extraido\Bordero_R0490_L028960_20260519_33753.TXT
[2026-05-19 09:07:02] [INFO] Arquivo removido (não CSV): C:\Bordero Credsystem\Extraido\Bordero_R0490_L029748_20260519_33782.TXT
[2026-05-19 09:07:02] [INFO] Arquivo removido (não CSV): C:\Bordero Credsystem\Extraido\Bordero_R0490_L030439_20260519_33864.TXT
[2026-05-19 09:07:02] [INFO] Arquivo removido (não CSV): C:\Bordero Credsystem\Extraido\Bordero_R0490_L031321_20260519_34078.TXT
[2026-05-19 09:07:02] [INFO] Arquivo removido (não CSV): C:\Bordero Credsystem\Extraido\Bordero_R0490_L031386_20260519_34083.TXT
[2026-05-19 09:07:02] [INFO] Arquivo removido (não CSV): C:\Bordero Credsystem\Extraido\Bordero_R0490_L033116_20260519_35020.TXT
[2026-05-19 09:07:02] [INFO] Arquivo ZIP removido após extração: C:\temp\arquivo.zip
[2026-05-19 09:07:02] [INFO] Arquivo da data 20260519 processado com sucesso e histórico atualizado.
[2026-05-19 09:07:04] [INFO] Navegador encerrado.
[2026-05-20 09:00:04] [INFO] ====================================================================================================
[2026-05-20 09:00:04] [INFO]                          INICIANDO RPA PARA DOWNLOAD DE BORDERO NO WEBMAIL
[2026-05-20 09:00:04] [INFO]                                 Autor: John Kennedy | Versão: 1.0.3                                 
[2026-05-20 09:00:04] [INFO] ====================================================================================================
[2026-05-20 09:00:04] [INFO] Datas pendentes para buscar: 20250821, 20250823, 20250824, 20250830, 20250831, 20250906, 20250907, 20250913, 20250914, 20250920, 20250921, 20250927, 20250928, 20251004, 20251005, 20251011, 20251012, 20251018, 20251019, 20251022, 20251025, 20251026, 20251101, 20251102, 20251106, 20251108, 20251109, 20251115, 20251116, 20251122, 20251123, 20251124, 20251129, 20251130, 20251206, 20251207, 20251211, 20251213, 20251214, 20251217, 20251218, 20251220, 20251221, 20251227, 20251228, 20260103, 20260104, 20260110, 20260111, 20260117, 20260118, 20260124, 20260125, 20260131, 20260201, 20260202, 20260203, 20260207, 20260208, 20260214, 20260215, 20260220, 20260221, 20260222, 20260228, 20260301, 20260307, 20260308, 20260314, 20260315, 20260320, 20260321, 20260322, 20260324, 20260328, 20260329, 20260401, 20260404, 20260405, 20260407, 20260411, 20260412, 20260417, 20260418, 20260419, 20260425, 20260426, 20260502, 20260503, 20260509, 20260510, 20260516, 20260517, 20260520
[2026-05-20 09:00:07] [INFO] Page.setDownloadBehavior configurado para: C:\Users\administrador\Downloads
[2026-05-20 09:00:07] [INFO] Chrome iniciado.
[2026-05-20 09:00:18] [INFO] Login realizado.
[2026-05-20 09:00:23] [INFO] Pesquisando e-mail com termo: 'Bordero_R0490_20250821'
[2026-05-20 09:00:23] [INFO] Busca enviada para termo: Bordero_R0490_20250821
[2026-05-20 09:00:27] [WARNING] Nenhum e-mail encontrado para a data 20250821.
[2026-05-20 09:00:27] [INFO] Pesquisando e-mail com termo: 'Bordero_R0490_20250823'
[2026-05-20 09:00:27] [INFO] Busca enviada para termo: Bordero_R0490_20250823
[2026-05-20 09:00:32] [WARNING] Nenhum e-mail encontrado para a data 20250823.
[2026-05-20 09:00:32] [INFO] Pesquisando e-mail com termo: 'Bordero_R0490_20250824'
[2026-05-20 09:00:32] [INFO] Busca enviada para termo: Bordero_R0490_20250824
[2026-05-20 09:00:36] [WARNING] Nenhum e-mail encontrado para a data 20250824.
[2026-05-20 09:00:36] [INFO] Pesquisando e-mail com termo: 'Bordero_R0490_20250830'
[2026-05-20 09:00:36] [INFO] Busca enviada para termo: Bordero_R0490_20250830
[2026-05-20 09:00:40] [WARNING] Nenhum e-mail encontrado para a data 20250830.
[2026-05-20 09:00:40] [INFO] Pesquisando e-mail com termo: 'Bordero_R0490_20250831'
[2026-05-20 09:00:40] [INFO] Busca enviada para termo: Bordero_R0490_20250831
[2026-05-20 09:00:44] [WARNING] Nenhum e-mail encontrado para a data 20250831.
[2026-05-20 09:00:44] [INFO] Pesquisando e-mail com termo: 'Bordero_R0490_20250906'
[2026-05-20 09:00:44] [INFO] Busca enviada para termo: Bordero_R0490_20250906
[2026-05-20 09:00:48] [WARNING] Nenhum e-mail encontrado para a data 20250906.
[2026-05-20 09:00:48] [INFO] Pesquisando e-mail com termo: 'Bordero_R0490_20250907'
[2026-05-20 09:00:49] [INFO] Busca enviada para termo: Bordero_R0490_20250907
[2026-05-20 09:00:53] [WARNING] Nenhum e-mail encontrado para a data 20250907.
[2026-05-20 09:00:53] [INFO] Pesquisando e-mail com termo: 'Bordero_R0490_20250913'
[2026-05-20 09:00:53] [INFO] Busca enviada para termo: Bordero_R0490_20250913
[2026-05-20 09:00:57] [WARNING] Nenhum e-mail encontrado para a data 20250913.
[2026-05-20 09:00:57] [INFO] Pesquisando e-mail com termo: 'Bordero_R0490_20250914'
[2026-05-20 09:00:57] [INFO] Busca enviada para termo: Bordero_R0490_20250914
[2026-05-20 09:01:01] [WARNING] Nenhum e-mail encontrado para a data 20250914.
[2026-05-20 09:01:01] [INFO] Pesquisando e-mail com termo: 'Bordero_R0490_20250920'
[2026-05-20 09:01:01] [INFO] Busca enviada para termo: Bordero_R0490_20250920
[2026-05-20 09:01:05] [WARNING] Nenhum e-mail encontrado para a data 20250920.
[2026-05-20 09:01:05] [INFO] Pesquisando e-mail com termo: 'Bordero_R0490_20250921'
[2026-05-20 09:01:06] [INFO] Busca enviada para termo: Bordero_R0490_20250921
[2026-05-20 09:01:10] [WARNING] Nenhum e-mail encontrado para a data 20250921.
[2026-05-20 09:01:10] [INFO] Pesquisando e-mail com termo: 'Bordero_R0490_20250927'
[2026-05-20 09:01:10] [INFO] Busca enviada para termo: Bordero_R0490_20250927
[2026-05-20 09:01:14] [WARNING] Nenhum e-mail encontrado para a data 20250927.
[2026-05-20 09:01:14] [INFO] Pesquisando e-mail com termo: 'Bordero_R0490_20250928'
[2026-05-20 09:01:14] [INFO] Busca enviada para termo: Bordero_R0490_20250928
[2026-05-20 09:01:18] [WARNING] Nenhum e-mail encontrado para a data 20250928.
[2026-05-20 09:01:18] [INFO] Pesquisando e-mail com termo: 'Bordero_R0490_20251004'
[2026-05-20 09:01:18] [INFO] Busca enviada para termo: Bordero_R0490_20251004
[2026-05-20 09:01:22] [WARNING] Nenhum e-mail encontrado para a data 20251004.
[2026-05-20 09:01:22] [INFO] Pesquisando e-mail com termo: 'Bordero_R0490_20251005'
[2026-05-20 09:01:22] [INFO] Busca enviada para termo: Bordero_R0490_20251005
[2026-05-20 09:01:26] [WARNING] Nenhum e-mail encontrado para a data 20251005.
[2026-05-20 09:01:26] [INFO] Pesquisando e-mail com termo: 'Bordero_R0490_20251011'
[2026-05-20 09:01:27] [INFO] Busca enviada para termo: Bordero_R0490_20251011
[2026-05-20 09:01:31] [WARNING] Nenhum e-mail encontrado para a data 20251011.
[2026-05-20 09:01:31] [INFO] Pesquisando e-mail com termo: 'Bordero_R0490_20251012'
[2026-05-20 09:01:31] [INFO] Busca enviada para termo: Bordero_R0490_20251012
[2026-05-20 09:01:35] [WARNING] Nenhum e-mail encontrado para a data 20251012.
[2026-05-20 09:01:35] [INFO] Pesquisando e-mail com termo: 'Bordero_R0490_20251018'
[2026-05-20 09:01:35] [INFO] Busca enviada para termo: Bordero_R0490_20251018
[2026-05-20 09:01:39] [WARNING] Nenhum e-mail encontrado para a data 20251018.
[2026-05-20 09:01:39] [INFO] Pesquisando e-mail com termo: 'Bordero_R0490_20251019'
[2026-05-20 09:01:39] [INFO] Busca enviada para termo: Bordero_R0490_20251019
[2026-05-20 09:01:43] [WARNING] Nenhum e-mail encontrado para a data 20251019.
[2026-05-20 09:01:43] [INFO] Pesquisando e-mail com termo: 'Bordero_R0490_20251022'
[2026-05-20 09:01:43] [INFO] Busca enviada para termo: Bordero_R0490_20251022
[2026-05-20 09:01:47] [WARNING] Nenhum e-mail encontrado para a data 20251022.
[2026-05-20 09:01:47] [INFO] Pesquisando e-mail com termo: 'Bordero_R0490_20251025'
[2026-05-20 09:01:48] [INFO] Busca enviada para termo: Bordero_R0490_20251025
[2026-05-20 09:01:52] [WARNING] Nenhum e-mail encontrado para a data 20251025.
[2026-05-20 09:01:52] [INFO] Pesquisando e-mail com termo: 'Bordero_R0490_20251026'
[2026-05-20 09:01:52] [INFO] Busca enviada para termo: Bordero_R0490_20251026
[2026-05-20 09:01:56] [WARNING] Nenhum e-mail encontrado para a data 20251026.
[2026-05-20 09:01:56] [INFO] Pesquisando e-mail com termo: 'Bordero_R0490_20251101'
[2026-05-20 09:01:56] [INFO] Busca enviada para termo: Bordero_R0490_20251101
[2026-05-20 09:02:00] [WARNING] Nenhum e-mail encontrado para a data 20251101.
[2026-05-20 09:02:00] [INFO] Pesquisando e-mail com termo: 'Bordero_R0490_20251102'
[2026-05-20 09:02:00] [INFO] Busca enviada para termo: Bordero_R0490_20251102
[2026-05-20 09:02:04] [WARNING] Nenhum e-mail encontrado para a data 20251102.
[2026-05-20 09:02:04] [INFO] Pesquisando e-mail com termo: 'Bordero_R0490_20251106'
[2026-05-20 09:02:04] [INFO] Busca enviada para termo: Bordero_R0490_20251106
[2026-05-20 09:02:08] [WARNING] Nenhum e-mail encontrado para a data 20251106.
[2026-05-20 09:02:08] [INFO] Pesquisando e-mail com termo: 'Bordero_R0490_20251108'
[2026-05-20 09:02:09] [INFO] Busca enviada para termo: Bordero_R0490_20251108
[2026-05-20 09:02:13] [WARNING] Nenhum e-mail encontrado para a data 20251108.
[2026-05-20 09:02:13] [INFO] Pesquisando e-mail com termo: 'Bordero_R0490_20251109'
[2026-05-20 09:02:13] [INFO] Busca enviada para termo: Bordero_R0490_20251109
[2026-05-20 09:02:17] [WARNING] Nenhum e-mail encontrado para a data 20251109.
[2026-05-20 09:02:17] [INFO] Pesquisando e-mail com termo: 'Bordero_R0490_20251115'
[2026-05-20 09:02:17] [INFO] Busca enviada para termo: Bordero_R0490_20251115
[2026-05-20 09:02:21] [WARNING] Nenhum e-mail encontrado para a data 20251115.
[2026-05-20 09:02:21] [INFO] Pesquisando e-mail com termo: 'Bordero_R0490_20251116'
[2026-05-20 09:02:21] [INFO] Busca enviada para termo: Bordero_R0490_20251116
[2026-05-20 09:02:25] [WARNING] Nenhum e-mail encontrado para a data 20251116.
[2026-05-20 09:02:25] [INFO] Pesquisando e-mail com termo: 'Bordero_R0490_20251122'
[2026-05-20 09:02:25] [INFO] Busca enviada para termo: Bordero_R0490_20251122
[2026-05-20 09:02:29] [WARNING] Nenhum e-mail encontrado para a data 20251122.
[2026-05-20 09:02:29] [INFO] Pesquisando e-mail com termo: 'Bordero_R0490_20251123'
[2026-05-20 09:02:30] [INFO] Busca enviada para termo: Bordero_R0490_20251123
[2026-05-20 09:02:34] [WARNING] Nenhum e-mail encontrado para a data 20251123.
[2026-05-20 09:02:34] [INFO] Pesquisando e-mail com termo: 'Bordero_R0490_20251124'
[2026-05-20 09:02:34] [INFO] Busca enviada para termo: Bordero_R0490_20251124
[2026-05-20 09:02:38] [WARNING] Nenhum e-mail encontrado para a data 20251124.
[2026-05-20 09:02:38] [INFO] Pesquisando e-mail com termo: 'Bordero_R0490_20251129'
[2026-05-20 09:02:38] [INFO] Busca enviada para termo: Bordero_R0490_20251129
[2026-05-20 09:02:42] [WARNING] Nenhum e-mail encontrado para a data 20251129.
[2026-05-20 09:02:42] [INFO] Pesquisando e-mail com termo: 'Bordero_R0490_20251130'
[2026-05-20 09:02:42] [INFO] Busca enviada para termo: Bordero_R0490_20251130
[2026-05-20 09:02:46] [WARNING] Nenhum e-mail encontrado para a data 20251130.
[2026-05-20 09:02:46] [INFO] Pesquisando e-mail com termo: 'Bordero_R0490_20251206'
[2026-05-20 09:02:46] [INFO] Busca enviada para termo: Bordero_R0490_20251206
[2026-05-20 09:02:50] [WARNING] Nenhum e-mail encontrado para a data 20251206.
[2026-05-20 09:02:50] [INFO] Pesquisando e-mail com termo: 'Bordero_R0490_20251207'
[2026-05-20 09:02:51] [INFO] Busca enviada para termo: Bordero_R0490_20251207
[2026-05-20 09:02:55] [WARNING] Nenhum e-mail encontrado para a data 20251207.
[2026-05-20 09:02:55] [INFO] Pesquisando e-mail com termo: 'Bordero_R0490_20251211'
[2026-05-20 09:02:55] [INFO] Busca enviada para termo: Bordero_R0490_20251211
[2026-05-20 09:02:59] [WARNING] Nenhum e-mail encontrado para a data 20251211.
[2026-05-20 09:02:59] [INFO] Pesquisando e-mail com termo: 'Bordero_R0490_20251213'
[2026-05-20 09:02:59] [INFO] Busca enviada para termo: Bordero_R0490_20251213
[2026-05-20 09:03:03] [WARNING] Nenhum e-mail encontrado para a data 20251213.
[2026-05-20 09:03:03] [INFO] Pesquisando e-mail com termo: 'Bordero_R0490_20251214'
[2026-05-20 09:03:03] [INFO] Busca enviada para termo: Bordero_R0490_20251214
[2026-05-20 09:03:07] [WARNING] Nenhum e-mail encontrado para a data 20251214.
[2026-05-20 09:03:07] [INFO] Pesquisando e-mail com termo: 'Bordero_R0490_20251217'
[2026-05-20 09:03:07] [INFO] Busca enviada para termo: Bordero_R0490_20251217
[2026-05-20 09:03:11] [WARNING] Nenhum e-mail encontrado para a data 20251217.
[2026-05-20 09:03:11] [INFO] Pesquisando e-mail com termo: 'Bordero_R0490_20251218'
[2026-05-20 09:03:12] [INFO] Busca enviada para termo: Bordero_R0490_20251218
[2026-05-20 09:03:16] [WARNING] Nenhum e-mail encontrado para a data 20251218.
[2026-05-20 09:03:16] [INFO] Pesquisando e-mail com termo: 'Bordero_R0490_20251220'
[2026-05-20 09:03:16] [INFO] Busca enviada para termo: Bordero_R0490_20251220
[2026-05-20 09:03:20] [WARNING] Nenhum e-mail encontrado para a data 20251220.
[2026-05-20 09:03:20] [INFO] Pesquisando e-mail com termo: 'Bordero_R0490_20251221'
[2026-05-20 09:03:20] [INFO] Busca enviada para termo: Bordero_R0490_20251221
[2026-05-20 09:03:24] [WARNING] Nenhum e-mail encontrado para a data 20251221.
[2026-05-20 09:03:24] [INFO] Pesquisando e-mail com termo: 'Bordero_R0490_20251227'
[2026-05-20 09:03:24] [INFO] Busca enviada para termo: Bordero_R0490_20251227
[2026-05-20 09:03:28] [WARNING] Nenhum e-mail encontrado para a data 20251227.
[2026-05-20 09:03:28] [INFO] Pesquisando e-mail com termo: 'Bordero_R0490_20251228'
[2026-05-20 09:03:28] [INFO] Busca enviada para termo: Bordero_R0490_20251228
[2026-05-20 09:03:32] [WARNING] Nenhum e-mail encontrado para a data 20251228.
[2026-05-20 09:03:32] [INFO] Pesquisando e-mail com termo: 'Bordero_R0490_20260103'
[2026-05-20 09:03:33] [INFO] Busca enviada para termo: Bordero_R0490_20260103
[2026-05-20 09:03:37] [WARNING] Nenhum e-mail encontrado para a data 20260103.
[2026-05-20 09:03:37] [INFO] Pesquisando e-mail com termo: 'Bordero_R0490_20260104'
[2026-05-20 09:03:37] [INFO] Busca enviada para termo: Bordero_R0490_20260104
[2026-05-20 09:03:41] [WARNING] Nenhum e-mail encontrado para a data 20260104.
[2026-05-20 09:03:41] [INFO] Pesquisando e-mail com termo: 'Bordero_R0490_20260110'
[2026-05-20 09:03:41] [INFO] Busca enviada para termo: Bordero_R0490_20260110
[2026-05-20 09:03:45] [WARNING] Nenhum e-mail encontrado para a data 20260110.
[2026-05-20 09:03:45] [INFO] Pesquisando e-mail com termo: 'Bordero_R0490_20260111'
[2026-05-20 09:03:45] [INFO] Busca enviada para termo: Bordero_R0490_20260111
[2026-05-20 09:03:49] [WARNING] Nenhum e-mail encontrado para a data 20260111.
[2026-05-20 09:03:49] [INFO] Pesquisando e-mail com termo: 'Bordero_R0490_20260117'
[2026-05-20 09:03:50] [INFO] Busca enviada para termo: Bordero_R0490_20260117
[2026-05-20 09:03:54] [WARNING] Nenhum e-mail encontrado para a data 20260117.
[2026-05-20 09:03:54] [INFO] Pesquisando e-mail com termo: 'Bordero_R0490_20260118'
[2026-05-20 09:03:54] [INFO] Busca enviada para termo: Bordero_R0490_20260118
[2026-05-20 09:03:58] [WARNING] Nenhum e-mail encontrado para a data 20260118.
[2026-05-20 09:03:58] [INFO] Pesquisando e-mail com termo: 'Bordero_R0490_20260124'
[2026-05-20 09:03:58] [INFO] Busca enviada para termo: Bordero_R0490_20260124
[2026-05-20 09:04:02] [WARNING] Nenhum e-mail encontrado para a data 20260124.
[2026-05-20 09:04:02] [INFO] Pesquisando e-mail com termo: 'Bordero_R0490_20260125'
[2026-05-20 09:04:02] [INFO] Busca enviada para termo: Bordero_R0490_20260125
[2026-05-20 09:04:06] [WARNING] Nenhum e-mail encontrado para a data 20260125.
[2026-05-20 09:04:06] [INFO] Pesquisando e-mail com termo: 'Bordero_R0490_20260131'
[2026-05-20 09:04:06] [INFO] Busca enviada para termo: Bordero_R0490_20260131
[2026-05-20 09:04:10] [WARNING] Nenhum e-mail encontrado para a data 20260131.
[2026-05-20 09:04:10] [INFO] Pesquisando e-mail com termo: 'Bordero_R0490_20260201'
[2026-05-20 09:04:11] [INFO] Busca enviada para termo: Bordero_R0490_20260201
[2026-05-20 09:04:15] [WARNING] Nenhum e-mail encontrado para a data 20260201.
[2026-05-20 09:04:15] [INFO] Pesquisando e-mail com termo: 'Bordero_R0490_20260202'
[2026-05-20 09:04:15] [INFO] Busca enviada para termo: Bordero_R0490_20260202
[2026-05-20 09:04:19] [WARNING] Nenhum e-mail encontrado para a data 20260202.
[2026-05-20 09:04:19] [INFO] Pesquisando e-mail com termo: 'Bordero_R0490_20260203'
[2026-05-20 09:04:19] [INFO] Busca enviada para termo: Bordero_R0490_20260203
[2026-05-20 09:04:23] [WARNING] Nenhum e-mail encontrado para a data 20260203.
[2026-05-20 09:04:23] [INFO] Pesquisando e-mail com termo: 'Bordero_R0490_20260207'
[2026-05-20 09:04:23] [INFO] Busca enviada para termo: Bordero_R0490_20260207
[2026-05-20 09:04:27] [WARNING] Nenhum e-mail encontrado para a data 20260207.
[2026-05-20 09:04:27] [INFO] Pesquisando e-mail com termo: 'Bordero_R0490_20260208'
[2026-05-20 09:04:27] [INFO] Busca enviada para termo: Bordero_R0490_20260208
[2026-05-20 09:04:31] [WARNING] Nenhum e-mail encontrado para a data 20260208.
[2026-05-20 09:04:31] [INFO] Pesquisando e-mail com termo: 'Bordero_R0490_20260214'
[2026-05-20 09:04:32] [INFO] Busca enviada para termo: Bordero_R0490_20260214
[2026-05-20 09:04:36] [WARNING] Nenhum e-mail encontrado para a data 20260214.
[2026-05-20 09:04:36] [INFO] Pesquisando e-mail com termo: 'Bordero_R0490_20260215'
[2026-05-20 09:04:36] [INFO] Busca enviada para termo: Bordero_R0490_20260215
[2026-05-20 09:04:40] [WARNING] Nenhum e-mail encontrado para a data 20260215.
[2026-05-20 09:04:40] [INFO] Pesquisando e-mail com termo: 'Bordero_R0490_20260220'
[2026-05-20 09:04:40] [INFO] Busca enviada para termo: Bordero_R0490_20260220
[2026-05-20 09:04:44] [WARNING] Nenhum e-mail encontrado para a data 20260220.
[2026-05-20 09:04:44] [INFO] Pesquisando e-mail com termo: 'Bordero_R0490_20260221'
[2026-05-20 09:04:44] [INFO] Busca enviada para termo: Bordero_R0490_20260221
[2026-05-20 09:04:48] [WARNING] Nenhum e-mail encontrado para a data 20260221.
[2026-05-20 09:04:48] [INFO] Pesquisando e-mail com termo: 'Bordero_R0490_20260222'
[2026-05-20 09:04:48] [INFO] Busca enviada para termo: Bordero_R0490_20260222
[2026-05-20 09:04:52] [WARNING] Nenhum e-mail encontrado para a data 20260222.
[2026-05-20 09:04:52] [INFO] Pesquisando e-mail com termo: 'Bordero_R0490_20260228'
[2026-05-20 09:04:52] [INFO] Busca enviada para termo: Bordero_R0490_20260228
[2026-05-20 09:04:57] [WARNING] Nenhum e-mail encontrado para a data 20260228.
[2026-05-20 09:04:57] [INFO] Pesquisando e-mail com termo: 'Bordero_R0490_20260301'
[2026-05-20 09:04:57] [INFO] Busca enviada para termo: Bordero_R0490_20260301
[2026-05-20 09:05:01] [WARNING] Nenhum e-mail encontrado para a data 20260301.
[2026-05-20 09:05:01] [INFO] Pesquisando e-mail com termo: 'Bordero_R0490_20260307'
[2026-05-20 09:05:01] [INFO] Busca enviada para termo: Bordero_R0490_20260307
[2026-05-20 09:05:05] [WARNING] Nenhum e-mail encontrado para a data 20260307.
[2026-05-20 09:05:05] [INFO] Pesquisando e-mail com termo: 'Bordero_R0490_20260308'
[2026-05-20 09:05:05] [INFO] Busca enviada para termo: Bordero_R0490_20260308
[2026-05-20 09:05:09] [WARNING] Nenhum e-mail encontrado para a data 20260308.
[2026-05-20 09:05:09] [INFO] Pesquisando e-mail com termo: 'Bordero_R0490_20260314'
[2026-05-20 09:05:09] [INFO] Busca enviada para termo: Bordero_R0490_20260314
[2026-05-20 09:05:13] [WARNING] Nenhum e-mail encontrado para a data 20260314.
[2026-05-20 09:05:13] [INFO] Pesquisando e-mail com termo: 'Bordero_R0490_20260315'
[2026-05-20 09:05:13] [INFO] Busca enviada para termo: Bordero_R0490_20260315
[2026-05-20 09:05:17] [WARNING] Nenhum e-mail encontrado para a data 20260315.
[2026-05-20 09:05:17] [INFO] Pesquisando e-mail com termo: 'Bordero_R0490_20260320'
[2026-05-20 09:05:18] [INFO] Busca enviada para termo: Bordero_R0490_20260320
[2026-05-20 09:05:22] [WARNING] Nenhum e-mail encontrado para a data 20260320.
[2026-05-20 09:05:22] [INFO] Pesquisando e-mail com termo: 'Bordero_R0490_20260321'
[2026-05-20 09:05:22] [INFO] Busca enviada para termo: Bordero_R0490_20260321
[2026-05-20 09:05:26] [WARNING] Nenhum e-mail encontrado para a data 20260321.
[2026-05-20 09:05:26] [INFO] Pesquisando e-mail com termo: 'Bordero_R0490_20260322'
[2026-05-20 09:05:26] [INFO] Busca enviada para termo: Bordero_R0490_20260322
[2026-05-20 09:05:30] [WARNING] Nenhum e-mail encontrado para a data 20260322.
[2026-05-20 09:05:30] [INFO] Pesquisando e-mail com termo: 'Bordero_R0490_20260324'
[2026-05-20 09:05:30] [INFO] Busca enviada para termo: Bordero_R0490_20260324
[2026-05-20 09:05:34] [WARNING] Nenhum e-mail encontrado para a data 20260324.
[2026-05-20 09:05:34] [INFO] Pesquisando e-mail com termo: 'Bordero_R0490_20260328'
[2026-05-20 09:05:35] [INFO] Busca enviada para termo: Bordero_R0490_20260328
[2026-05-20 09:05:39] [WARNING] Nenhum e-mail encontrado para a data 20260328.
[2026-05-20 09:05:39] [INFO] Pesquisando e-mail com termo: 'Bordero_R0490_20260329'
[2026-05-20 09:05:39] [INFO] Busca enviada para termo: Bordero_R0490_20260329
[2026-05-20 09:05:43] [WARNING] Nenhum e-mail encontrado para a data 20260329.
[2026-05-20 09:05:43] [INFO] Pesquisando e-mail com termo: 'Bordero_R0490_20260401'
[2026-05-20 09:05:43] [INFO] Busca enviada para termo: Bordero_R0490_20260401
[2026-05-20 09:05:47] [WARNING] Nenhum e-mail encontrado para a data 20260401.
[2026-05-20 09:05:47] [INFO] Pesquisando e-mail com termo: 'Bordero_R0490_20260404'
[2026-05-20 09:05:47] [INFO] Busca enviada para termo: Bordero_R0490_20260404
[2026-05-20 09:05:51] [WARNING] Nenhum e-mail encontrado para a data 20260404.
[2026-05-20 09:05:51] [INFO] Pesquisando e-mail com termo: 'Bordero_R0490_20260405'
[2026-05-20 09:05:51] [INFO] Busca enviada para termo: Bordero_R0490_20260405
[2026-05-20 09:05:55] [WARNING] Nenhum e-mail encontrado para a data 20260405.
[2026-05-20 09:05:55] [INFO] Pesquisando e-mail com termo: 'Bordero_R0490_20260407'
[2026-05-20 09:05:56] [INFO] Busca enviada para termo: Bordero_R0490_20260407
[2026-05-20 09:06:00] [WARNING] Nenhum e-mail encontrado para a data 20260407.
[2026-05-20 09:06:00] [INFO] Pesquisando e-mail com termo: 'Bordero_R0490_20260411'
[2026-05-20 09:06:00] [INFO] Busca enviada para termo: Bordero_R0490_20260411
[2026-05-20 09:06:04] [WARNING] Nenhum e-mail encontrado para a data 20260411.
[2026-05-20 09:06:04] [INFO] Pesquisando e-mail com termo: 'Bordero_R0490_20260412'
[2026-05-20 09:06:04] [INFO] Busca enviada para termo: Bordero_R0490_20260412
[2026-05-20 09:06:08] [WARNING] Nenhum e-mail encontrado para a data 20260412.
[2026-05-20 09:06:08] [INFO] Pesquisando e-mail com termo: 'Bordero_R0490_20260417'
[2026-05-20 09:06:08] [INFO] Busca enviada para termo: Bordero_R0490_20260417
[2026-05-20 09:06:12] [WARNING] Nenhum e-mail encontrado para a data 20260417.
[2026-05-20 09:06:12] [INFO] Pesquisando e-mail com termo: 'Bordero_R0490_20260418'
[2026-05-20 09:06:12] [INFO] Busca enviada para termo: Bordero_R0490_20260418
[2026-05-20 09:06:16] [WARNING] Nenhum e-mail encontrado para a data 20260418.
[2026-05-20 09:06:16] [INFO] Pesquisando e-mail com termo: 'Bordero_R0490_20260419'
[2026-05-20 09:06:16] [INFO] Busca enviada para termo: Bordero_R0490_20260419
[2026-05-20 09:06:21] [WARNING] Nenhum e-mail encontrado para a data 20260419.
[2026-05-20 09:06:21] [INFO] Pesquisando e-mail com termo: 'Bordero_R0490_20260425'
[2026-05-20 09:06:21] [INFO] Busca enviada para termo: Bordero_R0490_20260425
[2026-05-20 09:06:25] [WARNING] Nenhum e-mail encontrado para a data 20260425.
[2026-05-20 09:06:25] [INFO] Pesquisando e-mail com termo: 'Bordero_R0490_20260426'
[2026-05-20 09:06:25] [INFO] Busca enviada para termo: Bordero_R0490_20260426
[2026-05-20 09:06:29] [WARNING] Nenhum e-mail encontrado para a data 20260426.
[2026-05-20 09:06:29] [INFO] Pesquisando e-mail com termo: 'Bordero_R0490_20260502'
[2026-05-20 09:06:29] [INFO] Busca enviada para termo: Bordero_R0490_20260502
[2026-05-20 09:06:33] [WARNING] Nenhum e-mail encontrado para a data 20260502.
[2026-05-20 09:06:33] [INFO] Pesquisando e-mail com termo: 'Bordero_R0490_20260503'
[2026-05-20 09:06:33] [INFO] Busca enviada para termo: Bordero_R0490_20260503
[2026-05-20 09:06:37] [WARNING] Nenhum e-mail encontrado para a data 20260503.
[2026-05-20 09:06:37] [INFO] Pesquisando e-mail com termo: 'Bordero_R0490_20260509'
[2026-05-20 09:06:37] [INFO] Busca enviada para termo: Bordero_R0490_20260509
[2026-05-20 09:06:41] [WARNING] Nenhum e-mail encontrado para a data 20260509.
[2026-05-20 09:06:41] [INFO] Pesquisando e-mail com termo: 'Bordero_R0490_20260510'
[2026-05-20 09:06:42] [INFO] Busca enviada para termo: Bordero_R0490_20260510
[2026-05-20 09:06:46] [WARNING] Nenhum e-mail encontrado para a data 20260510.
[2026-05-20 09:06:46] [INFO] Pesquisando e-mail com termo: 'Bordero_R0490_20260516'
[2026-05-20 09:06:46] [INFO] Busca enviada para termo: Bordero_R0490_20260516
[2026-05-20 09:06:50] [WARNING] Nenhum e-mail encontrado para a data 20260516.
[2026-05-20 09:06:50] [INFO] Pesquisando e-mail com termo: 'Bordero_R0490_20260517'
[2026-05-20 09:06:50] [INFO] Busca enviada para termo: Bordero_R0490_20260517
[2026-05-20 09:06:54] [WARNING] Nenhum e-mail encontrado para a data 20260517.
[2026-05-20 09:06:54] [INFO] Pesquisando e-mail com termo: 'Bordero_R0490_20260520'
[2026-05-20 09:06:54] [INFO] Busca enviada para termo: Bordero_R0490_20260520
[2026-05-20 09:06:58] [INFO] Clicado no primeiro e-mail da lista (visualização).
[2026-05-20 09:07:01] [INFO] Realizado duplo clique (abrir em nova janela se houver).
[2026-05-20 09:07:01] [INFO] Nova janela com o e-mail foi aberta.
[2026-05-20 09:07:01] [INFO] Link de anexo (a) encontrado.
[2026-05-20 09:07:01] [INFO] Nome real do anexo identificado: Bordero_R0490_20260520_695424.ZIP
[2026-05-20 09:07:01] [INFO] Clique direto no <a> do anexo realizado (estratégia 1).
[2026-05-20 09:07:02] [INFO] Arquivo detectado na pasta de downloads: C:\Users\administrador\Downloads\Bordero_R0490_20260520_695424.ZIP
[2026-05-20 09:07:02] [INFO] Nome normalizado para histórico: Bordero_R0490_20260520.zip
[2026-05-20 09:07:02] [INFO] Arquivo movido de C:\Users\administrador\Downloads\Bordero_R0490_20260520_695424.ZIP para C:\temp\arquivo.zip
[2026-05-20 09:07:03] [INFO] Arquivo extraído com sucesso para: C:\Bordero Credsystem\Extraido
[2026-05-20 09:07:03] [INFO] Arquivo removido (não CSV): C:\Bordero Credsystem\Extraido\Bordero_R0490_L026364_20260520_40721.TXT
[2026-05-20 09:07:03] [INFO] Arquivo removido (não CSV): C:\Bordero Credsystem\Extraido\Bordero_R0490_L026367_20260520_40723.TXT
[2026-05-20 09:07:03] [INFO] Arquivo removido (não CSV): C:\Bordero Credsystem\Extraido\Bordero_R0490_L026380_20260520_40725.TXT
[2026-05-20 09:07:03] [INFO] Arquivo removido (não CSV): C:\Bordero Credsystem\Extraido\Bordero_R0490_L026384_20260520_40727.TXT
[2026-05-20 09:07:03] [INFO] Arquivo removido (não CSV): C:\Bordero Credsystem\Extraido\Bordero_R0490_L026385_20260520_40729.TXT
[2026-05-20 09:07:03] [INFO] Arquivo removido (não CSV): C:\Bordero Credsystem\Extraido\Bordero_R0490_L026408_20260520_40731.TXT
[2026-05-20 09:07:03] [INFO] Arquivo removido (não CSV): C:\Bordero Credsystem\Extraido\Bordero_R0490_L026409_20260520_40733.TXT
[2026-05-20 09:07:03] [INFO] Arquivo removido (não CSV): C:\Bordero Credsystem\Extraido\Bordero_R0490_L026413_20260520_40735.TXT
[2026-05-20 09:07:03] [INFO] Arquivo removido (não CSV): C:\Bordero Credsystem\Extraido\Bordero_R0490_L026414_20260520_40737.TXT
[2026-05-20 09:07:03] [INFO] Arquivo removido (não CSV): C:\Bordero Credsystem\Extraido\Bordero_R0490_L026417_20260520_40739.TXT
[2026-05-20 09:07:03] [INFO] Arquivo removido (não CSV): C:\Bordero Credsystem\Extraido\Bordero_R0490_L026422_20260520_40741.TXT
[2026-05-20 09:07:03] [INFO] Arquivo removido (não CSV): C:\Bordero Credsystem\Extraido\Bordero_R0490_L027095_20260520_40777.TXT
[2026-05-20 09:07:03] [INFO] Arquivo removido (não CSV): C:\Bordero Credsystem\Extraido\Bordero_R0490_L028960_20260520_40819.TXT
[2026-05-20 09:07:03] [INFO] Arquivo removido (não CSV): C:\Bordero Credsystem\Extraido\Bordero_R0490_L029748_20260520_40847.TXT
[2026-05-20 09:07:03] [INFO] Arquivo removido (não CSV): C:\Bordero Credsystem\Extraido\Bordero_R0490_L030439_20260520_40926.TXT
[2026-05-20 09:07:03] [INFO] Arquivo removido (não CSV): C:\Bordero Credsystem\Extraido\Bordero_R0490_L031321_20260520_41146.TXT
[2026-05-20 09:07:03] [INFO] Arquivo removido (não CSV): C:\Bordero Credsystem\Extraido\Bordero_R0490_L031386_20260520_41150.TXT
[2026-05-20 09:07:03] [INFO] Arquivo removido (não CSV): C:\Bordero Credsystem\Extraido\Bordero_R0490_L033116_20260520_42053.TXT
[2026-05-20 09:07:03] [INFO] Arquivo ZIP removido após extração: C:\temp\arquivo.zip
[2026-05-20 09:07:03] [INFO] Arquivo da data 20260520 processado com sucesso e histórico atualizado.
[2026-05-20 09:07:05] [INFO] Navegador encerrado.
[2026-05-21 09:00:03] [INFO] ====================================================================================================
[2026-05-21 09:00:03] [INFO]                          INICIANDO RPA PARA DOWNLOAD DE BORDERO NO WEBMAIL
[2026-05-21 09:00:03] [INFO]                                 Autor: John Kennedy | Versão: 1.0.3                                 
[2026-05-21 09:00:03] [INFO] ====================================================================================================
[2026-05-21 09:00:03] [INFO] Datas pendentes para buscar: 20250821, 20250823, 20250824, 20250830, 20250831, 20250906, 20250907, 20250913, 20250914, 20250920, 20250921, 20250927, 20250928, 20251004, 20251005, 20251011, 20251012, 20251018, 20251019, 20251022, 20251025, 20251026, 20251101, 20251102, 20251106, 20251108, 20251109, 20251115, 20251116, 20251122, 20251123, 20251124, 20251129, 20251130, 20251206, 20251207, 20251211, 20251213, 20251214, 20251217, 20251218, 20251220, 20251221, 20251227, 20251228, 20260103, 20260104, 20260110, 20260111, 20260117, 20260118, 20260124, 20260125, 20260131, 20260201, 20260202, 20260203, 20260207, 20260208, 20260214, 20260215, 20260220, 20260221, 20260222, 20260228, 20260301, 20260307, 20260308, 20260314, 20260315, 20260320, 20260321, 20260322, 20260324, 20260328, 20260329, 20260401, 20260404, 20260405, 20260407, 20260411, 20260412, 20260417, 20260418, 20260419, 20260425, 20260426, 20260502, 20260503, 20260509, 20260510, 20260516, 20260517, 20260521
[2026-05-21 09:00:06] [INFO] Page.setDownloadBehavior configurado para: C:\Users\administrador\Downloads
[2026-05-21 09:00:06] [INFO] Chrome iniciado.
[2026-05-21 09:00:14] [INFO] Login realizado.
[2026-05-21 09:00:19] [INFO] Pesquisando e-mail com termo: 'Bordero_R0490_20250821'
[2026-05-21 09:00:19] [INFO] Busca enviada para termo: Bordero_R0490_20250821
[2026-05-21 09:00:23] [WARNING] Nenhum e-mail encontrado para a data 20250821.
[2026-05-21 09:00:23] [INFO] Pesquisando e-mail com termo: 'Bordero_R0490_20250823'
[2026-05-21 09:00:23] [INFO] Busca enviada para termo: Bordero_R0490_20250823
[2026-05-21 09:00:27] [WARNING] Nenhum e-mail encontrado para a data 20250823.
[2026-05-21 09:00:27] [INFO] Pesquisando e-mail com termo: 'Bordero_R0490_20250824'
[2026-05-21 09:00:28] [INFO] Busca enviada para termo: Bordero_R0490_20250824
[2026-05-21 09:00:32] [WARNING] Nenhum e-mail encontrado para a data 20250824.
[2026-05-21 09:00:32] [INFO] Pesquisando e-mail com termo: 'Bordero_R0490_20250830'
[2026-05-21 09:00:32] [INFO] Busca enviada para termo: Bordero_R0490_20250830
[2026-05-21 09:00:36] [WARNING] Nenhum e-mail encontrado para a data 20250830.
[2026-05-21 09:00:36] [INFO] Pesquisando e-mail com termo: 'Bordero_R0490_20250831'
[2026-05-21 09:00:36] [INFO] Busca enviada para termo: Bordero_R0490_20250831
[2026-05-21 09:00:40] [WARNING] Nenhum e-mail encontrado para a data 20250831.
[2026-05-21 09:00:40] [INFO] Pesquisando e-mail com termo: 'Bordero_R0490_20250906'
[2026-05-21 09:00:40] [INFO] Busca enviada para termo: Bordero_R0490_20250906
[2026-05-21 09:00:44] [WARNING] Nenhum e-mail encontrado para a data 20250906.
[2026-05-21 09:00:44] [INFO] Pesquisando e-mail com termo: 'Bordero_R0490_20250907'
[2026-05-21 09:00:44] [INFO] Busca enviada para termo: Bordero_R0490_20250907
[2026-05-21 09:00:48] [WARNING] Nenhum e-mail encontrado para a data 20250907.
[2026-05-21 09:00:48] [INFO] Pesquisando e-mail com termo: 'Bordero_R0490_20250913'
[2026-05-21 09:00:49] [INFO] Busca enviada para termo: Bordero_R0490_20250913
[2026-05-21 09:00:53] [WARNING] Nenhum e-mail encontrado para a data 20250913.
[2026-05-21 09:00:53] [INFO] Pesquisando e-mail com termo: 'Bordero_R0490_20250914'
[2026-05-21 09:00:53] [INFO] Busca enviada para termo: Bordero_R0490_20250914
[2026-05-21 09:00:57] [WARNING] Nenhum e-mail encontrado para a data 20250914.
[2026-05-21 09:00:57] [INFO] Pesquisando e-mail com termo: 'Bordero_R0490_20250920'
[2026-05-21 09:00:57] [INFO] Busca enviada para termo: Bordero_R0490_20250920
[2026-05-21 09:01:01] [WARNING] Nenhum e-mail encontrado para a data 20250920.
[2026-05-21 09:01:01] [INFO] Pesquisando e-mail com termo: 'Bordero_R0490_20250921'
[2026-05-21 09:01:01] [INFO] Busca enviada para termo: Bordero_R0490_20250921
[2026-05-21 09:01:05] [WARNING] Nenhum e-mail encontrado para a data 20250921.
[2026-05-21 09:01:05] [INFO] Pesquisando e-mail com termo: 'Bordero_R0490_20250927'
[2026-05-21 09:01:05] [INFO] Busca enviada para termo: Bordero_R0490_20250927
[2026-05-21 09:01:09] [WARNING] Nenhum e-mail encontrado para a data 20250927.
[2026-05-21 09:01:09] [INFO] Pesquisando e-mail com termo: 'Bordero_R0490_20250928'
[2026-05-21 09:01:10] [INFO] Busca enviada para termo: Bordero_R0490_20250928
[2026-05-21 09:01:14] [WARNING] Nenhum e-mail encontrado para a data 20250928.
[2026-05-21 09:01:14] [INFO] Pesquisando e-mail com termo: 'Bordero_R0490_20251004'
[2026-05-21 09:01:14] [INFO] Busca enviada para termo: Bordero_R0490_20251004
[2026-05-21 09:01:18] [WARNING] Nenhum e-mail encontrado para a data 20251004.
[2026-05-21 09:01:18] [INFO] Pesquisando e-mail com termo: 'Bordero_R0490_20251005'
[2026-05-21 09:01:18] [INFO] Busca enviada para termo: Bordero_R0490_20251005
[2026-05-21 09:01:22] [WARNING] Nenhum e-mail encontrado para a data 20251005.
[2026-05-21 09:01:22] [INFO] Pesquisando e-mail com termo: 'Bordero_R0490_20251011'
[2026-05-21 09:01:22] [INFO] Busca enviada para termo: Bordero_R0490_20251011
[2026-05-21 09:01:26] [WARNING] Nenhum e-mail encontrado para a data 20251011.
[2026-05-21 09:01:26] [INFO] Pesquisando e-mail com termo: 'Bordero_R0490_20251012'
[2026-05-21 09:01:26] [INFO] Busca enviada para termo: Bordero_R0490_20251012
[2026-05-21 09:01:30] [WARNING] Nenhum e-mail encontrado para a data 20251012.
[2026-05-21 09:01:30] [INFO] Pesquisando e-mail com termo: 'Bordero_R0490_20251018'
[2026-05-21 09:01:31] [INFO] Busca enviada para termo: Bordero_R0490_20251018
[2026-05-21 09:01:35] [WARNING] Nenhum e-mail encontrado para a data 20251018.
[2026-05-21 09:01:35] [INFO] Pesquisando e-mail com termo: 'Bordero_R0490_20251019'
[2026-05-21 09:01:35] [INFO] Busca enviada para termo: Bordero_R0490_20251019
[2026-05-21 09:01:39] [WARNING] Nenhum e-mail encontrado para a data 20251019.
[2026-05-21 09:01:39] [INFO] Pesquisando e-mail com termo: 'Bordero_R0490_20251022'
[2026-05-21 09:01:39] [INFO] Busca enviada para termo: Bordero_R0490_20251022
[2026-05-21 09:01:43] [WARNING] Nenhum e-mail encontrado para a data 20251022.
[2026-05-21 09:01:43] [INFO] Pesquisando e-mail com termo: 'Bordero_R0490_20251025'
[2026-05-21 09:01:43] [INFO] Busca enviada para termo: Bordero_R0490_20251025
[2026-05-21 09:01:47] [WARNING] Nenhum e-mail encontrado para a data 20251025.
[2026-05-21 09:01:47] [INFO] Pesquisando e-mail com termo: 'Bordero_R0490_20251026'
[2026-05-21 09:01:47] [INFO] Busca enviada para termo: Bordero_R0490_20251026
[2026-05-21 09:01:51] [WARNING] Nenhum e-mail encontrado para a data 20251026.
[2026-05-21 09:01:51] [INFO] Pesquisando e-mail com termo: 'Bordero_R0490_20251101'
[2026-05-21 09:01:52] [INFO] Busca enviada para termo: Bordero_R0490_20251101
[2026-05-21 09:01:56] [WARNING] Nenhum e-mail encontrado para a data 20251101.
[2026-05-21 09:01:56] [INFO] Pesquisando e-mail com termo: 'Bordero_R0490_20251102'
[2026-05-21 09:01:56] [INFO] Busca enviada para termo: Bordero_R0490_20251102
[2026-05-21 09:02:00] [WARNING] Nenhum e-mail encontrado para a data 20251102.
[2026-05-21 09:02:00] [INFO] Pesquisando e-mail com termo: 'Bordero_R0490_20251106'
[2026-05-21 09:02:00] [INFO] Busca enviada para termo: Bordero_R0490_20251106
[2026-05-21 09:02:04] [WARNING] Nenhum e-mail encontrado para a data 20251106.
[2026-05-21 09:02:04] [INFO] Pesquisando e-mail com termo: 'Bordero_R0490_20251108'
[2026-05-21 09:02:04] [INFO] Busca enviada para termo: Bordero_R0490_20251108
[2026-05-21 09:02:08] [WARNING] Nenhum e-mail encontrado para a data 20251108.
[2026-05-21 09:02:08] [INFO] Pesquisando e-mail com termo: 'Bordero_R0490_20251109'
[2026-05-21 09:02:08] [INFO] Busca enviada para termo: Bordero_R0490_20251109
[2026-05-21 09:02:13] [WARNING] Nenhum e-mail encontrado para a data 20251109.
[2026-05-21 09:02:13] [INFO] Pesquisando e-mail com termo: 'Bordero_R0490_20251115'
[2026-05-21 09:02:13] [INFO] Busca enviada para termo: Bordero_R0490_20251115
[2026-05-21 09:02:17] [WARNING] Nenhum e-mail encontrado para a data 20251115.
[2026-05-21 09:02:17] [INFO] Pesquisando e-mail com termo: 'Bordero_R0490_20251116'
[2026-05-21 09:02:17] [INFO] Busca enviada para termo: Bordero_R0490_20251116
[2026-05-21 09:02:21] [WARNING] Nenhum e-mail encontrado para a data 20251116.
[2026-05-21 09:02:21] [INFO] Pesquisando e-mail com termo: 'Bordero_R0490_20251122'
[2026-05-21 09:02:21] [INFO] Busca enviada para termo: Bordero_R0490_20251122
[2026-05-21 09:02:25] [WARNING] Nenhum e-mail encontrado para a data 20251122.
[2026-05-21 09:02:25] [INFO] Pesquisando e-mail com termo: 'Bordero_R0490_20251123'
[2026-05-21 09:02:25] [INFO] Busca enviada para termo: Bordero_R0490_20251123
[2026-05-21 09:02:29] [WARNING] Nenhum e-mail encontrado para a data 20251123.
[2026-05-21 09:02:29] [INFO] Pesquisando e-mail com termo: 'Bordero_R0490_20251124'
[2026-05-21 09:02:30] [INFO] Busca enviada para termo: Bordero_R0490_20251124
[2026-05-21 09:02:34] [WARNING] Nenhum e-mail encontrado para a data 20251124.
[2026-05-21 09:02:34] [INFO] Pesquisando e-mail com termo: 'Bordero_R0490_20251129'
[2026-05-21 09:02:34] [INFO] Busca enviada para termo: Bordero_R0490_20251129
[2026-05-21 09:02:38] [WARNING] Nenhum e-mail encontrado para a data 20251129.
[2026-05-21 09:02:38] [INFO] Pesquisando e-mail com termo: 'Bordero_R0490_20251130'
[2026-05-21 09:02:38] [INFO] Busca enviada para termo: Bordero_R0490_20251130
[2026-05-21 09:02:42] [WARNING] Nenhum e-mail encontrado para a data 20251130.
[2026-05-21 09:02:42] [INFO] Pesquisando e-mail com termo: 'Bordero_R0490_20251206'
[2026-05-21 09:02:42] [INFO] Busca enviada para termo: Bordero_R0490_20251206
[2026-05-21 09:02:46] [WARNING] Nenhum e-mail encontrado para a data 20251206.
[2026-05-21 09:02:46] [INFO] Pesquisando e-mail com termo: 'Bordero_R0490_20251207'
[2026-05-21 09:02:46] [INFO] Busca enviada para termo: Bordero_R0490_20251207
[2026-05-21 09:02:50] [WARNING] Nenhum e-mail encontrado para a data 20251207.
[2026-05-21 09:02:50] [INFO] Pesquisando e-mail com termo: 'Bordero_R0490_20251211'
[2026-05-21 09:02:51] [INFO] Busca enviada para termo: Bordero_R0490_20251211
[2026-05-21 09:02:55] [WARNING] Nenhum e-mail encontrado para a data 20251211.
[2026-05-21 09:02:55] [INFO] Pesquisando e-mail com termo: 'Bordero_R0490_20251213'
[2026-05-21 09:02:55] [INFO] Busca enviada para termo: Bordero_R0490_20251213
[2026-05-21 09:02:59] [WARNING] Nenhum e-mail encontrado para a data 20251213.
[2026-05-21 09:02:59] [INFO] Pesquisando e-mail com termo: 'Bordero_R0490_20251214'
[2026-05-21 09:02:59] [INFO] Busca enviada para termo: Bordero_R0490_20251214
[2026-05-21 09:03:03] [WARNING] Nenhum e-mail encontrado para a data 20251214.
[2026-05-21 09:03:03] [INFO] Pesquisando e-mail com termo: 'Bordero_R0490_20251217'
[2026-05-21 09:03:03] [INFO] Busca enviada para termo: Bordero_R0490_20251217
[2026-05-21 09:03:07] [WARNING] Nenhum e-mail encontrado para a data 20251217.
[2026-05-21 09:03:07] [INFO] Pesquisando e-mail com termo: 'Bordero_R0490_20251218'
[2026-05-21 09:03:07] [INFO] Busca enviada para termo: Bordero_R0490_20251218
[2026-05-21 09:03:11] [WARNING] Nenhum e-mail encontrado para a data 20251218.
[2026-05-21 09:03:11] [INFO] Pesquisando e-mail com termo: 'Bordero_R0490_20251220'
[2026-05-21 09:03:12] [INFO] Busca enviada para termo: Bordero_R0490_20251220
[2026-05-21 09:03:16] [WARNING] Nenhum e-mail encontrado para a data 20251220.
[2026-05-21 09:03:16] [INFO] Pesquisando e-mail com termo: 'Bordero_R0490_20251221'
[2026-05-21 09:03:16] [INFO] Busca enviada para termo: Bordero_R0490_20251221
[2026-05-21 09:03:20] [WARNING] Nenhum e-mail encontrado para a data 20251221.
[2026-05-21 09:03:20] [INFO] Pesquisando e-mail com termo: 'Bordero_R0490_20251227'
[2026-05-21 09:03:20] [INFO] Busca enviada para termo: Bordero_R0490_20251227
[2026-05-21 09:03:24] [WARNING] Nenhum e-mail encontrado para a data 20251227.
[2026-05-21 09:03:24] [INFO] Pesquisando e-mail com termo: 'Bordero_R0490_20251228'
[2026-05-21 09:03:24] [INFO] Busca enviada para termo: Bordero_R0490_20251228
[2026-05-21 09:03:28] [WARNING] Nenhum e-mail encontrado para a data 20251228.
[2026-05-21 09:03:28] [INFO] Pesquisando e-mail com termo: 'Bordero_R0490_20260103'
[2026-05-21 09:03:28] [INFO] Busca enviada para termo: Bordero_R0490_20260103
[2026-05-21 09:03:32] [WARNING] Nenhum e-mail encontrado para a data 20260103.
[2026-05-21 09:03:32] [INFO] Pesquisando e-mail com termo: 'Bordero_R0490_20260104'
[2026-05-21 09:03:33] [INFO] Busca enviada para termo: Bordero_R0490_20260104
[2026-05-21 09:03:37] [WARNING] Nenhum e-mail encontrado para a data 20260104.
[2026-05-21 09:03:37] [INFO] Pesquisando e-mail com termo: 'Bordero_R0490_20260110'
[2026-05-21 09:03:37] [INFO] Busca enviada para termo: Bordero_R0490_20260110
[2026-05-21 09:03:41] [WARNING] Nenhum e-mail encontrado para a data 20260110.
[2026-05-21 09:03:41] [INFO] Pesquisando e-mail com termo: 'Bordero_R0490_20260111'
[2026-05-21 09:03:41] [INFO] Busca enviada para termo: Bordero_R0490_20260111
[2026-05-21 09:03:45] [WARNING] Nenhum e-mail encontrado para a data 20260111.
[2026-05-21 09:03:45] [INFO] Pesquisando e-mail com termo: 'Bordero_R0490_20260117'
[2026-05-21 09:03:45] [INFO] Busca enviada para termo: Bordero_R0490_20260117
[2026-05-21 09:03:49] [WARNING] Nenhum e-mail encontrado para a data 20260117.
[2026-05-21 09:03:49] [INFO] Pesquisando e-mail com termo: 'Bordero_R0490_20260118'
[2026-05-21 09:03:49] [INFO] Busca enviada para termo: Bordero_R0490_20260118
[2026-05-21 09:03:53] [WARNING] Nenhum e-mail encontrado para a data 20260118.
[2026-05-21 09:03:53] [INFO] Pesquisando e-mail com termo: 'Bordero_R0490_20260124'
[2026-05-21 09:03:54] [INFO] Busca enviada para termo: Bordero_R0490_20260124
[2026-05-21 09:03:58] [WARNING] Nenhum e-mail encontrado para a data 20260124.
[2026-05-21 09:03:58] [INFO] Pesquisando e-mail com termo: 'Bordero_R0490_20260125'
[2026-05-21 09:03:58] [INFO] Busca enviada para termo: Bordero_R0490_20260125
[2026-05-21 09:04:02] [WARNING] Nenhum e-mail encontrado para a data 20260125.
[2026-05-21 09:04:02] [INFO] Pesquisando e-mail com termo: 'Bordero_R0490_20260131'
[2026-05-21 09:04:02] [INFO] Busca enviada para termo: Bordero_R0490_20260131
[2026-05-21 09:04:06] [WARNING] Nenhum e-mail encontrado para a data 20260131.
[2026-05-21 09:04:06] [INFO] Pesquisando e-mail com termo: 'Bordero_R0490_20260201'
[2026-05-21 09:04:06] [INFO] Busca enviada para termo: Bordero_R0490_20260201
[2026-05-21 09:04:10] [WARNING] Nenhum e-mail encontrado para a data 20260201.
[2026-05-21 09:04:10] [INFO] Pesquisando e-mail com termo: 'Bordero_R0490_20260202'
[2026-05-21 09:04:11] [INFO] Busca enviada para termo: Bordero_R0490_20260202
[2026-05-21 09:04:15] [WARNING] Nenhum e-mail encontrado para a data 20260202.
[2026-05-21 09:04:15] [INFO] Pesquisando e-mail com termo: 'Bordero_R0490_20260203'
[2026-05-21 09:04:15] [INFO] Busca enviada para termo: Bordero_R0490_20260203
[2026-05-21 09:04:19] [WARNING] Nenhum e-mail encontrado para a data 20260203.
[2026-05-21 09:04:19] [INFO] Pesquisando e-mail com termo: 'Bordero_R0490_20260207'
[2026-05-21 09:04:19] [INFO] Busca enviada para termo: Bordero_R0490_20260207
[2026-05-21 09:04:23] [WARNING] Nenhum e-mail encontrado para a data 20260207.
[2026-05-21 09:04:23] [INFO] Pesquisando e-mail com termo: 'Bordero_R0490_20260208'
[2026-05-21 09:04:23] [INFO] Busca enviada para termo: Bordero_R0490_20260208
[2026-05-21 09:04:27] [WARNING] Nenhum e-mail encontrado para a data 20260208.
[2026-05-21 09:04:27] [INFO] Pesquisando e-mail com termo: 'Bordero_R0490_20260214'
[2026-05-21 09:04:27] [INFO] Busca enviada para termo: Bordero_R0490_20260214
[2026-05-21 09:04:31] [WARNING] Nenhum e-mail encontrado para a data 20260214.
[2026-05-21 09:04:31] [INFO] Pesquisando e-mail com termo: 'Bordero_R0490_20260215'
[2026-05-21 09:04:32] [INFO] Busca enviada para termo: Bordero_R0490_20260215
[2026-05-21 09:04:36] [WARNING] Nenhum e-mail encontrado para a data 20260215.
[2026-05-21 09:04:36] [INFO] Pesquisando e-mail com termo: 'Bordero_R0490_20260220'
[2026-05-21 09:04:36] [INFO] Busca enviada para termo: Bordero_R0490_20260220
[2026-05-21 09:04:40] [WARNING] Nenhum e-mail encontrado para a data 20260220.
[2026-05-21 09:04:40] [INFO] Pesquisando e-mail com termo: 'Bordero_R0490_20260221'
[2026-05-21 09:04:40] [INFO] Busca enviada para termo: Bordero_R0490_20260221
[2026-05-21 09:04:44] [WARNING] Nenhum e-mail encontrado para a data 20260221.
[2026-05-21 09:04:44] [INFO] Pesquisando e-mail com termo: 'Bordero_R0490_20260222'
[2026-05-21 09:04:44] [INFO] Busca enviada para termo: Bordero_R0490_20260222
[2026-05-21 09:04:48] [WARNING] Nenhum e-mail encontrado para a data 20260222.
[2026-05-21 09:04:48] [INFO] Pesquisando e-mail com termo: 'Bordero_R0490_20260228'
[2026-05-21 09:04:48] [INFO] Busca enviada para termo: Bordero_R0490_20260228
[2026-05-21 09:04:52] [WARNING] Nenhum e-mail encontrado para a data 20260228.
[2026-05-21 09:04:52] [INFO] Pesquisando e-mail com termo: 'Bordero_R0490_20260301'
[2026-05-21 09:04:53] [INFO] Busca enviada para termo: Bordero_R0490_20260301
[2026-05-21 09:04:57] [WARNING] Nenhum e-mail encontrado para a data 20260301.
[2026-05-21 09:04:57] [INFO] Pesquisando e-mail com termo: 'Bordero_R0490_20260307'
[2026-05-21 09:04:57] [INFO] Busca enviada para termo: Bordero_R0490_20260307
[2026-05-21 09:05:01] [WARNING] Nenhum e-mail encontrado para a data 20260307.
[2026-05-21 09:05:01] [INFO] Pesquisando e-mail com termo: 'Bordero_R0490_20260308'
[2026-05-21 09:05:01] [INFO] Busca enviada para termo: Bordero_R0490_20260308
[2026-05-21 09:05:05] [WARNING] Nenhum e-mail encontrado para a data 20260308.
[2026-05-21 09:05:05] [INFO] Pesquisando e-mail com termo: 'Bordero_R0490_20260314'
[2026-05-21 09:05:05] [INFO] Busca enviada para termo: Bordero_R0490_20260314
[2026-05-21 09:05:09] [WARNING] Nenhum e-mail encontrado para a data 20260314.
[2026-05-21 09:05:09] [INFO] Pesquisando e-mail com termo: 'Bordero_R0490_20260315'
[2026-05-21 09:05:09] [INFO] Busca enviada para termo: Bordero_R0490_20260315
[2026-05-21 09:05:13] [WARNING] Nenhum e-mail encontrado para a data 20260315.
[2026-05-21 09:05:13] [INFO] Pesquisando e-mail com termo: 'Bordero_R0490_20260320'
[2026-05-21 09:05:14] [INFO] Busca enviada para termo: Bordero_R0490_20260320
[2026-05-21 09:05:18] [WARNING] Nenhum e-mail encontrado para a data 20260320.
[2026-05-21 09:05:18] [INFO] Pesquisando e-mail com termo: 'Bordero_R0490_20260321'
[2026-05-21 09:05:18] [INFO] Busca enviada para termo: Bordero_R0490_20260321
[2026-05-21 09:05:22] [WARNING] Nenhum e-mail encontrado para a data 20260321.
[2026-05-21 09:05:22] [INFO] Pesquisando e-mail com termo: 'Bordero_R0490_20260322'
[2026-05-21 09:05:22] [INFO] Busca enviada para termo: Bordero_R0490_20260322
[2026-05-21 09:05:26] [WARNING] Nenhum e-mail encontrado para a data 20260322.
[2026-05-21 09:05:26] [INFO] Pesquisando e-mail com termo: 'Bordero_R0490_20260324'
[2026-05-21 09:05:26] [INFO] Busca enviada para termo: Bordero_R0490_20260324
[2026-05-21 09:05:30] [WARNING] Nenhum e-mail encontrado para a data 20260324.
[2026-05-21 09:05:30] [INFO] Pesquisando e-mail com termo: 'Bordero_R0490_20260328'
[2026-05-21 09:05:30] [INFO] Busca enviada para termo: Bordero_R0490_20260328
[2026-05-21 09:05:34] [WARNING] Nenhum e-mail encontrado para a data 20260328.
[2026-05-21 09:05:34] [INFO] Pesquisando e-mail com termo: 'Bordero_R0490_20260329'
[2026-05-21 09:05:35] [INFO] Busca enviada para termo: Bordero_R0490_20260329
[2026-05-21 09:05:39] [WARNING] Nenhum e-mail encontrado para a data 20260329.
[2026-05-21 09:05:39] [INFO] Pesquisando e-mail com termo: 'Bordero_R0490_20260401'
[2026-05-21 09:05:39] [INFO] Busca enviada para termo: Bordero_R0490_20260401
[2026-05-21 09:05:43] [WARNING] Nenhum e-mail encontrado para a data 20260401.
[2026-05-21 09:05:43] [INFO] Pesquisando e-mail com termo: 'Bordero_R0490_20260404'
[2026-05-21 09:05:43] [INFO] Busca enviada para termo: Bordero_R0490_20260404
[2026-05-21 09:05:47] [WARNING] Nenhum e-mail encontrado para a data 20260404.
[2026-05-21 09:05:47] [INFO] Pesquisando e-mail com termo: 'Bordero_R0490_20260405'
[2026-05-21 09:05:47] [INFO] Busca enviada para termo: Bordero_R0490_20260405
[2026-05-21 09:05:51] [WARNING] Nenhum e-mail encontrado para a data 20260405.
[2026-05-21 09:05:51] [INFO] Pesquisando e-mail com termo: 'Bordero_R0490_20260407'
[2026-05-21 09:05:51] [INFO] Busca enviada para termo: Bordero_R0490_20260407
[2026-05-21 09:05:56] [WARNING] Nenhum e-mail encontrado para a data 20260407.
[2026-05-21 09:05:56] [INFO] Pesquisando e-mail com termo: 'Bordero_R0490_20260411'
[2026-05-21 09:05:56] [INFO] Busca enviada para termo: Bordero_R0490_20260411
[2026-05-21 09:06:00] [WARNING] Nenhum e-mail encontrado para a data 20260411.
[2026-05-21 09:06:00] [INFO] Pesquisando e-mail com termo: 'Bordero_R0490_20260412'
[2026-05-21 09:06:00] [INFO] Busca enviada para termo: Bordero_R0490_20260412
[2026-05-21 09:06:04] [WARNING] Nenhum e-mail encontrado para a data 20260412.
[2026-05-21 09:06:04] [INFO] Pesquisando e-mail com termo: 'Bordero_R0490_20260417'
[2026-05-21 09:06:04] [INFO] Busca enviada para termo: Bordero_R0490_20260417
[2026-05-21 09:06:08] [WARNING] Nenhum e-mail encontrado para a data 20260417.
[2026-05-21 09:06:08] [INFO] Pesquisando e-mail com termo: 'Bordero_R0490_20260418'
[2026-05-21 09:06:08] [INFO] Busca enviada para termo: Bordero_R0490_20260418
[2026-05-21 09:06:12] [WARNING] Nenhum e-mail encontrado para a data 20260418.
[2026-05-21 09:06:12] [INFO] Pesquisando e-mail com termo: 'Bordero_R0490_20260419'
[2026-05-21 09:06:13] [INFO] Busca enviada para termo: Bordero_R0490_20260419
[2026-05-21 09:06:17] [WARNING] Nenhum e-mail encontrado para a data 20260419.
[2026-05-21 09:06:17] [INFO] Pesquisando e-mail com termo: 'Bordero_R0490_20260425'
[2026-05-21 09:06:17] [INFO] Busca enviada para termo: Bordero_R0490_20260425
[2026-05-21 09:06:21] [WARNING] Nenhum e-mail encontrado para a data 20260425.
[2026-05-21 09:06:21] [INFO] Pesquisando e-mail com termo: 'Bordero_R0490_20260426'
[2026-05-21 09:06:21] [INFO] Busca enviada para termo: Bordero_R0490_20260426
[2026-05-21 09:06:25] [WARNING] Nenhum e-mail encontrado para a data 20260426.
[2026-05-21 09:06:25] [INFO] Pesquisando e-mail com termo: 'Bordero_R0490_20260502'
[2026-05-21 09:06:25] [INFO] Busca enviada para termo: Bordero_R0490_20260502
[2026-05-21 09:06:29] [WARNING] Nenhum e-mail encontrado para a data 20260502.
[2026-05-21 09:06:29] [INFO] Pesquisando e-mail com termo: 'Bordero_R0490_20260503'
[2026-05-21 09:06:29] [INFO] Busca enviada para termo: Bordero_R0490_20260503
[2026-05-21 09:06:33] [WARNING] Nenhum e-mail encontrado para a data 20260503.
[2026-05-21 09:06:33] [INFO] Pesquisando e-mail com termo: 'Bordero_R0490_20260509'
[2026-05-21 09:06:34] [INFO] Busca enviada para termo: Bordero_R0490_20260509
[2026-05-21 09:06:38] [WARNING] Nenhum e-mail encontrado para a data 20260509.
[2026-05-21 09:06:38] [INFO] Pesquisando e-mail com termo: 'Bordero_R0490_20260510'
[2026-05-21 09:06:38] [INFO] Busca enviada para termo: Bordero_R0490_20260510
[2026-05-21 09:06:42] [WARNING] Nenhum e-mail encontrado para a data 20260510.
[2026-05-21 09:06:42] [INFO] Pesquisando e-mail com termo: 'Bordero_R0490_20260516'
[2026-05-21 09:06:42] [INFO] Busca enviada para termo: Bordero_R0490_20260516
[2026-05-21 09:06:46] [WARNING] Nenhum e-mail encontrado para a data 20260516.
[2026-05-21 09:06:46] [INFO] Pesquisando e-mail com termo: 'Bordero_R0490_20260517'
[2026-05-21 09:06:46] [INFO] Busca enviada para termo: Bordero_R0490_20260517
[2026-05-21 09:06:50] [WARNING] Nenhum e-mail encontrado para a data 20260517.
[2026-05-21 09:06:50] [INFO] Pesquisando e-mail com termo: 'Bordero_R0490_20260521'
[2026-05-21 09:06:50] [INFO] Busca enviada para termo: Bordero_R0490_20260521
[2026-05-21 09:06:54] [WARNING] Nenhum e-mail encontrado para a data 20260521.
[2026-05-21 09:06:57] [INFO] Navegador encerrado.
